target_quality,alcohol_content,pH_level,sulphates,chlorides,free sulfur dioxide,total sulfur dioxide,density,wine_id
5,9.4,3.51,0.56,0.076,11.0,34.0,0.9978,509004
5,9.8,3.2,0.68,0.098,25.0,67.0,0.9968,758057
5,9.8,3.26,0.65,0.092,15.0,54.0,0.997,639480
6,9.8,3.16,0.58,0.075,17.0,60.0,0.998,903785
5,9.4,3.51,0.56,0.076,11.0,34.0,0.9978,565548
5,9.4,3.51,0.56,0.075,13.0,40.0,0.9978,441848
5,9.4,3.3,0.46,0.069,15.0,59.0,0.9964,368026
7,10.0,3.39,0.47,0.065,15.0,21.0,0.9946,606821
7,9.5,3.36,0.57,0.073,9.0,18.0,0.9968,544430
5,10.5,3.35,0.8,0.071,17.0,102.0,0.9978,968989
5,9.2,3.28,0.54,0.0969999999999999,15.0,65.0,0.9959,779885
5,10.5,3.35,0.8,0.071,17.0,102.0,0.9978,682954
5,9.9,3.58,0.52,0.089,16.0,59.0,0.9943,828526
5,9.1,3.26,1.56,0.114,9.0,29.0,0.9974,139113
5,9.2,3.16,0.88,0.176,52.0,145.0,0.9986,959862
5,9.2,3.17,0.93,0.17,51.0,148.0,0.9986,223040
7,10.5,3.3,0.75,0.092,35.0,103.0,0.9969,102220
5,9.3,3.11,1.28,0.368,16.0,56.0,0.9968,410284
4,9.0,3.38,0.5,0.086,6.0,29.0,0.9974,167580
6,9.2,3.04,1.08,0.341,17.0,56.0,0.9969,193723
6,9.4,3.39,0.53,0.077,29.0,60.0,0.9968,157120
5,9.7,3.52,0.65,0.0819999999999999,23.0,71.0,0.9982,441212
5,9.5,3.17,0.91,0.106,10.0,37.0,0.9966,694109
5,9.4,3.17,0.53,0.084,9.0,67.0,0.9968,970912
6,9.7,3.43,0.63,0.085,21.0,40.0,0.9968,517049
5,9.3,3.34,0.56,0.08,11.0,23.0,0.9955,501842
5,9.5,3.28,0.59,0.08,4.0,11.0,0.9962,638491
5,9.5,3.17,0.91,0.106,10.0,37.0,0.9966,473368
5,9.4,3.47,0.55,0.08,14.0,35.0,0.9972,125991
6,9.8,3.38,0.59,0.0819999999999999,8.0,16.0,0.9964,539960
5,10.1,3.35,0.54,0.089,17.0,82.0,0.9958,895093
6,10.6,3.46,0.57,0.105,22.0,37.0,0.9966,321828
5,9.8,3.17,0.66,0.083,15.0,113.0,0.9966,119895
6,9.4,3.45,0.52,0.073,40.0,83.0,0.9993,336627
5,9.2,3.38,0.55,0.103,13.0,50.0,0.9957,749605
6,9.6,3.4,0.55,0.086,5.0,18.0,0.9986,832479
6,10.8,3.42,0.6,0.086,3.0,15.0,0.9975,135660
7,9.7,3.23,0.73,0.066,13.0,30.0,0.9968,646753
4,9.8,3.5,0.48,0.172,7.0,19.0,0.994,929491
5,10.5,3.33,0.83,0.074,12.0,87.0,0.9978,873905
5,10.5,3.33,0.83,0.074,12.0,87.0,0.9978,712462
4,9.3,3.26,0.51,0.088,17.0,46.0,0.9976,494631
6,10.5,3.21,0.9,0.332,8.0,14.0,0.9968,527274
5,10.3,3.3,1.2,0.069,9.0,23.0,0.9968,997903
5,9.5,3.48,0.52,0.05,5.0,11.0,0.9962,793715
4,13.1,3.9,0.56,0.054,8.0,65.0,0.9934,181964
5,9.2,3.25,0.73,0.114,22.0,114.0,0.997,142233
5,9.5,3.25,0.58,0.113,12.0,37.0,0.9969,833745
5,9.2,3.34,0.56,0.066,5.0,12.0,0.9958,377493
5,9.2,3.32,0.58,0.074,12.0,96.0,0.9954,193969
5,9.2,3.15,0.74,0.074,4.0,23.0,0.9971,468077
6,9.4,3.4,0.63,0.069,8.0,15.0,0.9956,171538
6,9.4,3.39,0.64,0.068,6.0,14.0,0.9955,255086
5,9.4,3.2,0.56,0.081,30.0,119.0,0.997,951036
6,10.2,3.17,0.63,0.11,33.0,73.0,0.9955,518133
5,9.5,3.34,0.53,0.084,25.0,45.0,0.9978,335880
5,9.6,3.04,0.63,0.07,4.0,10.0,0.9971,164203
5,9.4,3.26,0.77,0.111,50.0,110.0,0.9983,214761
5,10.0,3.43,0.59,0.076,17.0,54.0,0.9975,424454
6,9.4,3.41,0.54,0.074,9.0,46.0,0.9962,262655
5,9.2,3.44,0.64,0.079,19.0,52.0,0.998,229967
5,9.3,3.21,0.71,0.115,20.0,112.0,0.9968,298307
7,9.5,3.38,0.62,0.085,12.0,35.0,0.9968,945928
5,9.8,3.39,0.57,0.081,13.0,54.0,0.9966,735841
5,10.9,3.41,0.39,0.086,4.0,11.0,0.9962,240891
5,10.9,3.41,0.39,0.086,4.0,11.0,0.9962,718251
5,9.6,3.42,0.58,0.079,11.0,39.0,0.9968,137708
5,10.7,3.44,0.58,0.076,6.0,15.0,0.9962,759026
5,10.7,3.28,0.79,0.074,27.0,65.0,0.9969,150323
6,10.5,3.34,0.95,0.074,8.0,19.0,0.9962,257694
6,9.5,3.32,0.54,0.076,15.0,27.0,0.9967,888445
5,9.5,3.32,0.48,0.088,17.0,96.0,0.9962,391667
5,9.5,3.31,0.48,0.084,18.0,94.0,0.9961,140485
4,9.2,3.31,0.53,0.084,11.0,43.0,0.9976,773745
5,9.6,3.28,0.82,0.094,28.0,83.0,0.9984,216710
5,10.5,3.54,0.66,0.093,9.0,42.0,0.9986,322638
5,10.5,3.54,0.66,0.093,9.0,42.0,0.9986,410032
6,10.7,3.52,0.55,0.104,14.0,30.0,0.9966,993132
5,10.1,3.38,0.52,0.086,12.0,80.0,0.9958,424635
4,9.1,3.16,1.12,0.08,27.0,119.0,0.9972,280843
5,9.2,3.41,0.56,0.069,3.0,15.0,0.9958,867854
5,9.4,3.13,1.28,0.4639999999999999,22.0,67.0,0.9974,571611
5,9.1,3.36,0.57,0.086,21.0,73.0,0.997,699050
5,9.4,3.16,1.14,0.401,16.0,51.0,0.9969,594710
6,10.3,3.44,0.78,0.069,18.0,61.0,0.9959,418254
5,10.1,3.41,0.59,0.076,19.0,40.0,0.9961,250947
6,9.9,2.93,1.95,0.11,20.0,136.0,0.9972,502594
5,9.6,3.39,0.64,0.062,9.0,31.0,0.9966,544970
5,9.5,3.14,1.22,0.107,34.0,125.0,0.9978,173997
5,9.0,3.48,0.53,0.076,8.0,24.0,0.9978,764837
5,9.5,3.23,0.54,0.079,42.0,140.0,0.9964,654148
6,9.9,2.93,1.95,0.11,20.0,136.0,0.9972,833717
5,9.8,2.93,1.98,0.11,19.0,133.0,0.9972,775787
5,9.6,3.39,0.64,0.062,9.0,31.0,0.9966,863588
4,10.5,3.75,0.48,0.045,41.0,85.0,0.9938,463824
6,12.9,3.85,0.6,0.0579999999999999,17.0,106.0,0.9932,219439
5,10.7,3.45,0.56,0.102,8.0,23.0,0.9965,532112
5,9.2,3.25,0.63,0.07,3.0,22.0,0.9963,166023
5,9.8,3.39,0.56,0.079,5.0,10.0,0.9967,948976
6,9.0,3.3,0.59,0.08,13.0,35.0,0.9972,836216
6,10.2,3.4,0.61,0.084,11.0,50.0,0.9972,587235
6,10.4,3.31,0.56,0.075,8.0,22.0,0.9959,292454
6,9.0,3.3,0.59,0.08,13.0,35.0,0.9972,211719
5,9.2,3.29,0.51,0.077,12.0,65.0,0.9967,696584
5,9.4,3.33,0.48,0.07,5.0,36.0,0.996,456917
5,9.2,3.29,0.51,0.077,12.0,65.0,0.9967,797001
5,9.3,3.08,1.31,0.467,18.0,69.0,0.9973,678461
5,9.3,3.46,0.79,0.088,15.0,64.0,0.9969,429856
6,9.6,3.37,0.8,0.091,18.0,80.0,0.9976,785143
5,9.3,3.21,0.69,0.122,37.0,153.0,0.9969,655813
5,9.5,3.19,0.93,0.104,12.0,47.0,0.9964,999399
5,9.8,3.15,0.66,0.084,11.0,108.0,0.9964,703009
5,9.8,3.15,0.66,0.085,14.0,111.0,0.9964,600910
6,9.7,3.32,0.67,0.08,22.0,46.0,0.9988,849677
5,9.5,3.19,0.93,0.104,12.0,47.0,0.9964,693639
6,10.5,3.07,0.63,0.09,13.0,62.0,0.9966,679859
6,10.0,3.39,0.61,0.077,11.0,40.0,0.9978,257006
6,9.4,3.37,0.5,0.0819999999999999,7.0,28.0,0.997,856617
6,10.9,3.21,0.6,0.119,14.0,56.0,0.9962,588889
6,9.2,3.34,0.54,0.0969999999999999,22.0,89.0,0.9959,970152
5,9.0,3.3,0.57,0.178,10.0,89.0,0.9962,547907
6,10.9,3.21,0.6,0.119,14.0,56.0,0.9962,373742
5,9.2,3.49,0.52,0.075,3.0,13.0,0.998,712528
5,9.5,3.44,0.53,0.08,11.0,34.0,0.9976,230669
5,9.5,3.39,0.48,0.0819999999999999,21.0,102.0,0.996,695889
5,9.4,3.16,0.7,0.146,27.0,90.0,0.9984,544369
5,10.9,3.53,0.49,0.081,3.0,12.0,0.9964,394599
5,10.9,3.54,0.48,0.0819999999999999,3.0,12.0,0.9964,333445
7,10.5,3.42,0.92,0.065,3.0,16.0,0.9962,442306
5,9.4,3.42,0.57,0.072,6.0,19.0,0.9955,635837
5,9.4,3.24,0.66,0.118,30.0,134.0,0.9968,581789
5,13.0,3.63,0.63,0.049,17.0,99.0,0.9937,244162
5,13.0,3.63,0.63,0.049,17.0,99.0,0.9937,320153
6,9.8,3.4,0.58,0.06,17.0,26.0,0.9952,170873
6,9.9,3.22,0.55,0.084,13.0,29.0,0.9959,498912
5,9.6,3.19,0.82,0.09,16.0,63.0,0.9965,631244
5,9.5,3.23,0.77,0.089,10.0,52.0,0.9968,709170
5,9.2,3.48,0.64,0.081,13.0,45.0,0.9972,601518
5,9.5,3.33,0.54,0.081,15.0,105.0,0.9962,326970
5,9.5,3.32,0.54,0.081,17.0,108.0,0.9962,876773
5,9.6,3.19,0.82,0.09,16.0,63.0,0.9965,709493
5,9.5,3.23,0.77,0.089,10.0,52.0,0.9968,653380
6,14.0,3.68,0.79,0.05,27.0,63.0,0.9916,117301
5,9.4,3.34,0.58,0.066,3.0,20.0,0.9954,996844
6,14.0,3.68,0.79,0.05,27.0,63.0,0.9916,910352
5,9.4,3.17,0.62,0.1169999999999999,32.0,141.0,0.9968,881027
5,10.0,3.54,0.52,0.087,21.0,94.0,0.9944,750742
5,9.3,3.11,0.8,0.236,10.0,88.0,0.9968,944793
6,10.2,3.42,0.58,0.074,12.0,30.0,0.9959,205301
6,10.5,3.53,0.61,0.089,11.0,43.0,0.9975,970085
6,10.3,3.33,0.53,0.077,5.0,11.0,0.9958,887798
4,9.4,2.74,2.0,0.61,32.0,69.0,0.9996,233995
5,10.1,3.35,0.54,0.095,25.0,99.0,0.995,668264
5,10.1,3.35,0.54,0.095,25.0,99.0,0.995,435600
5,10.5,3.42,0.72,0.07,29.0,129.0,0.9973,819062
5,10.5,3.42,0.71,0.071,28.0,128.0,0.9973,794401
5,10.5,3.42,0.72,0.07,29.0,129.0,0.9973,252197
5,10.5,3.42,0.71,0.071,28.0,128.0,0.9973,979119
5,9.3,3.48,0.5,0.073,12.0,22.0,0.9969,419971
6,9.3,3.59,0.57,0.079,18.0,86.0,0.9968,361262
5,9.6,3.2,0.56,0.09,7.0,20.0,0.9959,613295
4,9.2,3.17,1.08,0.072,9.0,20.0,0.9965,739460
6,10.0,3.33,0.56,0.076,17.0,31.0,0.9964,383518
5,9.4,3.37,0.49,0.07,36.0,121.0,0.9982,949872
5,9.4,3.37,0.49,0.07,35.0,121.0,0.9981,731989
5,9.5,3.19,0.62,0.1,14.0,96.0,0.9961,587945
5,10.2,3.34,0.52,0.085,18.0,101.0,0.9956,600849
4,9.0,3.37,0.48,0.072,17.0,42.0,0.9956,265188
6,10.4,3.47,0.55,0.089,11.0,44.0,0.9953,280638
5,9.5,3.0,1.59,0.36,15.0,63.0,0.9964,210971
4,9.1,3.36,0.33,0.0579999999999999,4.0,8.0,0.9972,465582
6,9.2,3.29,0.61,0.073,6.0,18.0,0.9972,450029
6,9.2,3.29,0.61,0.073,6.0,18.0,0.9972,808776
6,11.5,3.42,0.57,0.068,24.0,42.0,0.9961,837495
5,9.5,3.33,0.47,0.08,7.0,35.0,0.9961,783960
5,9.5,3.35,0.78,0.085,19.0,49.0,0.9958,604238
5,9.5,3.33,0.47,0.08,7.0,35.0,0.9961,138087
6,10.5,3.58,0.61,0.087,8.0,38.0,0.9972,170765
5,9.6,3.48,0.56,0.068,7.0,20.0,0.9969,476294
5,9.5,3.19,0.59,0.067,10.0,42.0,0.9969,251290
5,9.5,3.19,0.59,0.067,10.0,42.0,0.9969,340902
5,9.3,3.12,1.02,0.27,23.0,110.0,0.9972,126046
5,9.3,3.44,0.52,0.076,16.0,42.0,0.9972,227872
5,9.3,3.54,0.58,0.077,11.0,65.0,0.9971,161163
6,9.3,3.52,0.58,0.079,8.0,62.0,0.997,488568
5,9.7,3.26,0.53,0.111,26.0,85.0,0.9971,254049
5,9.2,3.34,0.55,0.0819999999999999,14.0,67.0,0.9972,567917
5,9.7,3.39,0.49,0.084,9.0,26.0,0.9976,802096
5,9.5,3.2,0.55,0.084,15.0,143.0,0.9968,452909
5,9.5,3.2,0.55,0.0819999999999999,17.0,144.0,0.9968,466293
5,9.4,3.23,0.62,0.077,21.0,127.0,0.9976,566558
6,9.8,3.57,0.62,0.074,21.0,49.0,0.9974,117335
5,9.5,3.28,0.61,0.099,16.0,126.0,0.9969,411419
5,9.7,3.28,0.55,0.071,7.0,28.0,0.9964,424793
5,9.7,3.28,0.55,0.071,7.0,28.0,0.9964,190075
5,9.4,3.25,0.54,0.074,24.0,120.0,0.9968,225645
5,10.2,3.46,0.59,0.074,15.0,55.0,0.9968,938275
6,10.1,3.11,0.97,0.067,12.0,27.0,0.9981,762709
7,13.0,3.57,0.85,0.046,13.0,93.0,0.9924,810820
4,11.4,3.51,0.43,0.061,12.0,31.0,0.9948,620709
7,10.3,3.22,0.82,0.0559999999999999,9.0,24.0,0.99695,706668
5,9.3,3.04,1.03,0.0969999999999999,39.0,145.0,0.9975,688723
5,9.5,3.36,0.79,0.075,16.0,49.0,0.99545,520161
5,9.2,3.34,0.55,0.088,16.0,39.0,0.9961,955790
6,9.2,3.34,0.56,0.089,14.0,37.0,0.99615,302897
7,10.8,3.2,0.77,0.095,9.0,28.0,0.9994,544284
7,10.8,3.2,0.77,0.095,9.0,28.0,0.9994,800877
5,9.3,3.29,0.53,0.069,26.0,120.0,0.99625,197609
5,9.4,3.22,0.67,0.1,18.0,95.0,0.9966,930812
7,10.5,3.31,0.88,0.054,7.0,19.0,0.998,873644
6,12.4,3.3,0.86,0.039,5.0,19.0,0.99585,395794
6,10.0,3.35,0.56,0.083,10.0,62.0,0.99685,619588
6,10.2,3.21,0.67,0.059,5.0,15.0,0.998,852961
5,10.1,3.3,0.43,0.06,28.0,65.0,0.9959,440605
6,9.8,3.24,0.71,0.092,10.0,41.0,0.9974,993410
5,10.5,3.34,0.76,0.06,26.0,121.0,0.9974,789909
5,11.0,3.14,0.57,0.1009999999999999,13.0,49.0,0.9962,313750
5,9.1,3.36,0.55,0.072,11.0,41.0,0.9967,698808
5,9.7,3.39,0.54,0.076,10.0,44.0,0.9957,906765
5,9.5,3.3,0.6,0.08,24.0,144.0,0.99655,492886
6,9.4,3.34,0.59,0.0819999999999999,24.0,58.0,0.9964,856094
5,9.4,3.15,0.57,0.1009999999999999,16.0,72.0,0.9957,881803
5,9.5,3.42,0.6,0.057,5.0,10.0,0.99525,735965
6,10.0,3.28,0.6,0.083,8.0,28.0,0.99815,103680
4,10.4,3.31,0.57,0.089,15.0,55.0,0.99745,281088
6,10.5,3.37,0.58,0.073,29.0,63.0,0.99615,735706
6,9.5,3.04,1.61,0.337,27.0,81.0,0.9964,972777
5,9.8,3.39,0.63,0.089,9.0,23.0,0.9984,168042
6,10.5,3.37,0.58,0.073,29.0,63.0,0.99615,326344
5,11.0,3.46,0.5,0.081,10.0,37.0,0.99685,222809
7,12.2,3.54,0.62,0.054,19.0,106.0,0.9927,117966
6,9.9,3.37,0.52,0.078,12.0,49.0,0.99625,854515
6,9.6,3.34,0.7,0.09,18.0,58.0,0.998,716053
5,11.0,3.46,0.5,0.081,10.0,37.0,0.99685,877434
6,9.0,3.32,0.55,0.065,7.0,37.0,0.99685,446521
6,9.0,3.37,0.58,0.0969999999999999,14.0,38.0,0.99675,303110
6,9.0,3.37,0.58,0.0969999999999999,14.0,38.0,0.99675,471151
6,9.2,3.37,0.58,0.0969999999999999,15.0,39.0,0.99675,190992
6,9.0,3.37,0.58,0.0969999999999999,14.0,38.0,0.99675,317511
6,9.0,3.32,0.55,0.065,7.0,37.0,0.99685,128089
5,9.3,3.0,1.09,0.263,5.0,62.0,0.9971,738841
6,10.9,3.14,0.71,0.093,6.0,24.0,0.99925,935350
6,9.8,3.08,0.49,0.102,28.0,109.0,0.99565,723524
7,9.2,3.07,0.84,0.075,10.0,24.0,1.00005,799714
7,9.2,3.07,0.84,0.075,10.0,24.0,1.00005,324446
6,9.9,3.61,0.96,0.084,6.0,23.0,0.9983,667916
5,9.5,3.38,0.52,0.075,16.0,51.0,0.99685,350443
5,9.3,3.2,0.45,0.072,11.0,73.0,0.9963,782105
6,9.8,3.35,0.48,0.074,9.0,39.0,0.99615,395028
6,9.9,3.61,0.96,0.084,6.0,23.0,0.9983,328984
6,10.0,3.22,0.78,0.063,16.0,37.0,0.9985,225056
6,9.9,3.47,0.7,0.074,16.0,34.0,0.9972,217180
5,10.5,3.17,0.53,0.09,5.0,21.0,0.9986,878750
5,9.5,3.23,0.59,0.092,8.0,86.0,0.9959,804567
6,9.9,3.47,0.7,0.074,16.0,34.0,0.9972,212772
5,9.3,3.26,0.57,0.073,17.0,119.0,0.99675,992348
5,9.2,3.22,0.62,0.075,5.0,13.0,0.998,884039
5,9.2,3.49,0.67,0.075,12.0,56.0,0.9968,506242
5,9.4,3.06,1.26,0.611,8.0,45.0,0.9968,880547
7,10.5,3.36,0.8,0.085,14.0,33.0,0.99965,624761
5,9.3,3.29,0.65,0.077,18.0,45.0,0.99625,922117
4,9.4,3.35,0.6,0.087,12.0,67.0,0.99565,294292
5,10.0,3.34,0.57,0.07,10.0,35.0,0.99575,945896
5,9.3,3.28,0.67,0.077,23.0,49.0,0.9963,543158
5,10.9,3.08,0.87,0.064,5.0,27.0,0.9999,382806
7,10.2,3.2,0.72,0.071,6.0,10.0,0.9968,660270
4,9.8,3.6,0.72,0.096,26.0,61.0,1.00025,823293
8,12.8,3.35,0.86,0.078,15.0,37.0,0.9973,469110
6,9.4,3.69,0.91,0.077,7.0,27.0,0.9987,723919
6,10.1,3.28,0.97,0.104,4.0,23.0,0.9996,944039
6,10.7,3.36,0.67,0.087,27.0,61.0,0.9965,369695
6,10.1,3.28,0.97,0.104,4.0,23.0,0.9996,399824
5,10.1,3.22,0.78,0.071,17.0,65.0,0.99935,760253
5,9.4,3.31,0.64,0.076,10.0,38.0,0.99735,125423
5,9.4,3.38,0.77,0.088,27.0,94.0,0.99915,404594
6,10.7,3.36,0.67,0.087,27.0,61.0,0.9965,251940
6,9.4,3.69,0.91,0.077,7.0,27.0,0.9987,663287
6,10.1,3.28,0.97,0.104,4.0,23.0,0.9996,931437
8,12.6,3.23,0.82,0.073,5.0,13.0,0.9976,610520
7,10.5,3.38,0.77,0.087,10.0,47.0,0.9991,351480
6,9.3,3.12,0.82,0.071,6.0,19.0,0.9986,429762
7,9.9,3.25,1.08,0.358,5.0,10.0,0.9972,540418
5,9.1,3.36,0.57,0.067,12.0,53.0,0.9971,704378
7,10.5,3.38,0.77,0.087,10.0,47.0,0.9991,747652
5,9.8,3.31,0.71,0.102,32.0,71.0,1.00015,923090
5,9.8,3.31,0.71,0.102,32.0,71.0,1.00015,798732
6,10.3,3.1,0.76,0.073,25.0,49.0,0.9997,956877
6,10.3,3.37,0.7,0.092,29.0,53.0,0.9967,504240
7,10.6,3.34,0.86,0.091,20.0,49.0,0.9976,428343
5,9.2,3.2,0.95,0.105,33.0,98.0,1.001,984243
7,10.6,3.34,0.86,0.091,20.0,49.0,0.9976,371719
5,10.5,3.3,0.71,0.3429999999999999,6.0,18.0,0.9979,912233
6,10.3,3.22,0.64,0.091,18.0,48.0,0.9994,846392
6,10.1,3.41,0.6,0.098,5.0,16.0,0.9964,288167
6,9.5,3.05,0.81,0.094,17.0,53.0,1.0014,807533
5,9.5,3.05,0.64,0.073,5.0,27.0,1.0001,486910
5,9.9,3.16,0.52,0.086,26.0,70.0,0.9981,124900
5,9.6,3.67,0.73,0.083,8.0,29.0,0.99855,932307
5,9.7,3.67,0.8,0.094,5.0,31.0,0.9993,244748
5,9.6,3.68,0.71,0.08,8.0,33.0,0.99845,797535
6,10.7,3.38,0.59,0.086,20.0,44.0,0.9965,922794
6,10.1,3.22,0.64,0.068,7.0,15.0,0.9973,264731
5,10.0,3.51,0.72,0.092,12.0,28.0,0.9994,635971
5,9.5,3.39,0.54,0.186,5.0,21.0,0.996,714482
5,9.2,3.2,0.52,0.1119999999999999,12.0,90.0,0.9973,528979
6,9.3,3.12,0.59,0.063,6.0,25.0,0.9998,717318
5,9.4,3.36,0.52,0.0819999999999999,7.0,54.0,0.9966,161844
6,9.5,3.19,0.62,0.213,6.0,14.0,0.9994,812533
6,9.5,3.19,0.63,0.214,5.0,12.0,0.9994,717191
6,9.5,3.41,0.53,0.062,9.0,30.0,0.9968,334935
6,9.3,3.12,0.59,0.063,6.0,25.0,0.9998,707053
6,9.4,3.27,0.54,0.072,15.0,105.0,0.996,262388
6,9.5,3.32,0.63,0.093,19.0,98.0,0.99815,707073
5,9.4,3.3,0.53,0.076,30.0,135.0,0.9976,196598
5,11.0,3.39,0.68,0.087,26.0,72.0,0.99645,904324
6,11.0,3.42,0.65,0.096,20.0,53.0,0.9962,525124
5,10.1,3.3,0.65,0.102,37.0,92.0,0.9996,763220
6,10.4,3.3,0.64,0.0819999999999999,30.0,74.0,0.99865,372750
7,11.5,3.37,0.71,0.083,21.0,59.0,0.9989,662407
6,10.4,3.3,0.64,0.0819999999999999,30.0,74.0,0.99865,312292
7,11.5,3.37,0.71,0.083,21.0,59.0,0.9989,287803
5,9.7,3.24,0.62,0.09,25.0,87.0,0.99975,886229
5,9.3,3.29,0.63,0.079,6.0,18.0,0.99735,504505
6,9.5,3.28,0.7,0.09,35.0,73.0,0.999,928954
6,9.2,3.16,0.69,0.071,13.0,50.0,1.0015,474865
6,9.2,3.16,0.69,0.071,13.0,50.0,1.0015,430343
7,11.5,3.05,0.74,0.121,6.0,14.0,0.9978,935007
5,11.5,3.28,0.83,0.107,5.0,13.0,0.998,394461
6,9.7,3.16,0.67,0.0819999999999999,6.0,21.0,1.0002,139176
5,9.5,3.18,0.62,0.061,7.0,15.0,0.9981,188382
6,12.5,3.23,0.66,0.122,10.0,41.0,0.998,237799
6,12.5,3.23,0.66,0.122,10.0,41.0,0.998,547232
6,9.4,3.22,0.54,0.066,21.0,114.0,0.9973,854358
5,11.0,3.13,0.52,0.105,16.0,44.0,0.9958,771023
7,11.7,3.34,0.74,0.078,17.0,38.0,0.9963,583105
7,12.2,3.17,0.84,0.128,7.0,21.0,0.9992,779215
6,12.5,3.35,0.7,0.052,6.0,16.0,0.9948,875727
5,10.3,3.31,0.64,0.08,29.0,58.0,0.9974,302698
6,11.5,3.16,1.0,0.103,28.0,99.0,1.0008,447136
7,9.8,3.11,1.36,0.0819999999999999,12.0,29.0,0.9997,516393
6,9.2,3.12,1.18,0.066,10.0,21.0,1.0,130720
6,11.3,3.21,0.87,0.065,5.0,18.0,0.9972,350474
6,9.8,3.3,0.75,0.118,6.0,14.0,0.9982,181410
6,9.8,3.3,0.75,0.118,6.0,14.0,0.9982,551492
6,10.7,3.12,0.78,0.0819999999999999,6.0,32.0,1.0006,946717
5,9.9,3.6,0.81,0.067,40.0,63.0,0.9979,225811
7,12.3,3.58,0.89,0.072,17.0,34.0,0.9955,148375
6,12.0,3.02,0.93,0.093,6.0,15.0,0.9986,463958
6,10.0,3.11,0.92,0.089,15.0,46.0,0.9979,485337
6,9.4,3.36,0.86,0.093,11.0,28.0,0.9994,362155
6,9.9,3.28,0.98,0.107,17.0,34.0,1.0004,476233
6,9.4,3.35,0.83,0.096,11.0,26.0,0.9994,576060
5,9.3,3.27,0.73,0.09,8.0,19.0,0.9974,612718
5,13.0,3.18,0.77,0.12,23.0,77.0,1.0018,215496
6,11.9,3.25,0.59,0.066,40.5,165.0,0.9912,516279
6,12.8,3.55,0.61,0.078,17.0,32.0,0.9955,444150
5,11.0,3.26,0.88,0.08,29.0,55.0,1.0001,652191
7,11.7,3.24,0.75,0.1159999999999999,12.0,29.0,0.997,658547
7,10.4,3.15,0.85,0.109,10.0,23.0,1.0,845592
6,9.8,3.17,0.68,0.088,10.0,41.0,1.001,233031
5,9.4,3.19,0.7,0.099,14.0,81.0,0.9973,783018
6,9.9,3.37,0.91,0.086,21.0,50.0,0.9982,309567
5,10.0,3.05,0.56,0.072,6.0,37.0,0.9992,251943
5,10.2,2.99,0.87,0.071,6.0,15.0,0.9988,918294
7,10.0,3.07,0.73,0.083,7.0,42.0,1.0022,474167
6,11.8,3.26,0.93,0.107,7.0,21.0,0.9979,622112
7,10.0,3.07,0.73,0.083,7.0,42.0,1.0022,999928
5,9.0,3.16,0.69,0.076,11.0,24.0,1.0,900475
5,9.4,3.18,0.64,0.159,15.0,75.0,0.9998,365866
7,12.0,3.2,1.13,0.074,6.0,18.0,0.9962,587979
5,9.9,3.57,0.78,0.063,35.0,63.0,0.9975,700941
6,8.7,3.32,0.87,0.0559999999999999,11.0,25.0,0.9967,136012
6,10.6,3.32,1.04,0.067,26.0,46.0,0.9967,275422
5,9.2,3.05,0.63,0.106,12.0,72.0,0.9959,644908
6,10.8,3.01,0.81,0.089,6.0,47.0,1.0014,885150
7,11.8,3.01,0.83,0.124,6.0,15.0,0.9984,862932
6,11.0,3.26,1.11,0.078,19.0,47.0,1.0003,683512
7,12.0,3.2,1.13,0.074,6.0,18.0,0.9962,252712
6,13.3,3.11,0.99,0.088,6.0,24.0,0.9988,772540
6,10.8,3.31,0.7,0.094,24.0,60.0,0.9979,836330
6,9.4,3.21,0.8,0.08,11.0,27.0,0.9974,129003
6,10.0,3.06,0.8,0.085,17.0,43.0,1.0014,450303
6,9.4,3.21,0.8,0.08,11.0,27.0,0.9974,704506
6,9.4,3.21,0.8,0.08,11.0,27.0,0.9974,274351
5,9.2,3.42,0.74,0.087,23.0,54.0,0.998,697882
6,9.7,3.43,0.76,0.09,11.0,37.0,0.9979,758538
6,9.2,3.41,0.74,0.088,23.0,48.0,0.9981,101977
6,9.6,3.31,0.54,0.079,17.0,42.0,0.9972,670163
6,9.2,3.43,0.74,0.088,23.0,53.0,0.9981,913599
7,10.0,3.19,0.7,0.096,16.0,49.0,0.9982,704038
8,12.9,3.56,0.82,0.045,12.0,88.0,0.9924,928717
6,10.0,3.06,0.8,0.085,17.0,43.0,1.0014,570996
5,9.5,3.18,0.51,0.0819999999999999,6.0,26.0,0.998,227249
5,9.1,3.16,0.54,0.1119999999999999,13.0,95.0,0.997,692967
5,9.9,3.03,0.57,0.063,6.0,25.0,0.9997,836886
7,13.0,3.22,0.6,0.066,7.0,38.0,1.0004,633841
5,9.9,3.47,0.53,0.122,68.0,124.0,0.9994,151475
6,11.0,3.18,0.65,0.087,13.0,49.0,0.9988,498883
6,11.0,3.18,0.65,0.087,13.0,49.0,0.9988,700170
5,9.4,3.1,0.55,0.064,9.0,42.0,0.9963,237456
5,9.9,3.47,0.53,0.122,68.0,124.0,0.9994,618317
6,10.8,3.29,0.47,0.059,20.0,38.0,0.9949,441538
6,10.5,3.1,0.61,0.085,19.0,64.0,1.0,523035
6,10.5,3.15,0.63,0.085,10.0,41.0,0.9994,156341
5,9.1,3.26,0.61,0.075,15.0,27.0,0.9974,869500
6,10.1,3.36,0.76,0.059,11.0,25.0,0.9966,293015
6,10.8,3.24,0.65,0.063,9.0,28.0,0.9981,792993
7,10.8,3.18,0.63,0.093,12.0,30.0,0.9996,252199
6,11.3,3.19,0.7,0.174,6.0,16.0,0.997,448836
4,9.6,3.05,0.57,0.07,26.0,49.0,0.9981,380525
6,9.5,3.38,0.62,0.08,26.0,86.0,0.9987,997022
5,9.5,3.38,0.62,0.08,23.0,78.0,0.9987,408514
5,9.3,3.27,0.64,0.1,15.0,77.0,0.9966,303374
7,11.7,3.27,0.82,0.0969999999999999,6.0,19.0,0.9986,493874
5,9.5,3.26,0.61,0.087,24.0,122.0,0.9982,143773
5,9.3,3.32,1.07,0.1169999999999999,31.0,134.0,1.0014,722103
6,11.7,3.26,0.66,0.111,6.0,20.0,0.997,212380
5,10.5,3.44,0.48,0.091,34.0,124.0,0.9956,150160
6,10.4,3.24,0.76,0.121,7.0,20.0,0.9996,186290
5,9.9,3.62,0.68,0.066,34.0,52.0,0.9976,360369
7,11.8,3.28,0.73,0.089,35.0,67.0,0.9972,623022
7,12.3,3.52,0.56,0.059,32.0,48.0,0.9952,691749
5,10.9,3.36,0.44,0.047,15.0,60.0,0.9955,637036
7,11.0,3.15,0.9,0.066,6.0,24.0,0.9978,961459
5,10.9,3.36,0.44,0.047,15.0,60.0,0.9955,921351
7,12.3,3.52,0.56,0.059,32.0,48.0,0.9952,526263
6,11.4,3.49,0.49,0.045,19.0,48.0,0.9949,680255
6,10.6,3.26,0.56,0.077,6.0,32.0,0.9988,638930
5,9.3,3.24,0.6,0.07,9.0,30.0,0.9978,299224
6,10.4,3.1,0.6,0.088,13.0,35.0,0.9997,423990
7,11.0,3.15,0.9,0.066,6.0,24.0,0.9978,315957
5,9.2,3.25,0.56,0.074,21.0,66.0,0.9974,397899
6,12.8,3.0,0.65,0.078,12.0,24.0,0.9958,548530
5,9.5,3.16,0.49,0.091,6.0,18.0,1.0004,818340
6,9.9,3.15,0.89,0.076,22.0,54.0,0.9996,360223
5,9.5,3.16,0.49,0.091,6.0,18.0,1.0004,450016
6,10.2,3.26,0.56,0.06,38.0,62.0,0.9958,739190
6,11.2,3.17,0.66,0.066,6.0,22.0,0.9986,372375
6,9.9,3.15,0.89,0.076,22.0,54.0,0.9996,332065
5,9.3,3.08,0.6,0.062,7.0,50.0,0.9951,715501
8,9.8,2.88,0.82,0.072,6.0,29.0,0.9987,338779
6,11.3,3.06,0.68,0.068,7.0,27.0,0.9988,768429
7,11.2,2.95,0.68,0.1,6.0,43.0,1.0032,357434
7,11.6,3.23,0.63,0.077,11.0,19.0,0.9963,303772
7,12.5,3.57,0.84,0.054,5.0,27.0,0.9934,598030
6,10.1,3.23,0.56,0.079,6.0,31.0,0.9986,809894
5,10.5,3.1,0.73,0.081,31.0,72.0,0.9996,740015
5,11.2,3.22,0.72,0.127,6.0,16.0,0.9968,315236
6,10.2,3.2,0.56,0.1,7.0,27.0,0.9967,815765
6,10.8,3.1,0.61,0.095,17.0,35.0,0.9994,784127
6,10.8,3.1,0.61,0.095,17.0,35.0,0.9994,696744
6,9.1,3.06,1.06,0.413,9.0,26.0,0.9979,109592
6,10.0,3.44,0.63,0.084,18.0,35.0,0.9968,326183
7,11.2,3.26,0.74,0.084,5.0,22.0,0.9998,328376
5,11.1,3.5,0.63,0.063,21.0,67.0,0.9952,961800
8,13.4,3.22,0.69,0.086,6.0,19.0,0.9988,623755
5,10.3,3.37,0.58,0.095,5.0,22.0,0.9986,236661
5,9.6,3.28,0.58,0.0969999999999999,29.0,65.0,0.9988,617053
7,11.2,3.26,0.74,0.084,5.0,22.0,0.9998,146994
3,9.0,3.25,0.57,0.074,10.0,47.0,1.0008,231878
6,11.3,3.35,0.61,0.083,14.0,23.0,0.9976,131662
5,9.3,3.26,0.61,0.087,6.0,19.0,0.9982,870105
5,11.8,3.18,0.61,0.085,10.0,25.0,0.997,845184
5,9.0,3.08,0.53,0.098,25.0,129.0,0.9972,621658
6,9.2,2.98,0.7,0.084,5.0,15.0,0.9987,652232
5,9.7,3.48,0.91,0.098,10.0,26.0,1.0006,477280
6,11.5,3.16,0.72,0.069,21.0,51.0,0.9982,352809
6,14.0,3.32,0.79,0.065,7.0,18.0,0.9947,125905
6,9.2,3.17,0.62,0.09,6.0,21.0,1.0,114844
5,9.8,3.2,0.58,0.07,36.0,48.0,0.9952,362010
5,10.6,3.05,0.61,0.093,15.0,47.0,0.9996,158902
6,11.4,3.2,0.71,0.081,25.0,52.0,0.997,149476
6,10.4,3.15,0.82,0.083,25.0,68.0,0.9995,998714
5,10.6,3.26,0.79,0.062,5.0,14.0,0.9971,536577
6,9.4,3.2,0.89,0.08,10.0,24.0,0.9982,730857
5,10.2,3.14,0.6,0.087,5.0,28.0,0.9988,674231
5,9.7,3.28,0.7,0.091,6.0,16.0,0.998,641173
6,11.0,3.18,1.06,0.075,6.0,20.0,0.9977,938968
5,10.2,3.14,0.6,0.087,5.0,28.0,0.9988,700607
6,10.1,3.19,0.7,0.077,6.0,31.0,0.9984,990488
5,9.2,3.12,0.66,0.069,6.0,23.0,1.0026,340260
8,11.7,3.15,0.92,0.08,6.0,17.0,0.9964,371423
5,9.4,3.04,1.05,0.152,6.0,18.0,0.9986,142095
5,9.4,3.04,1.06,0.152,7.0,18.0,0.9986,891543
6,13.4,3.06,0.66,0.114,6.0,24.0,0.997,156579
5,10.0,3.17,0.47,0.054,6.0,17.0,0.9976,833462
5,10.0,3.17,0.47,0.054,6.0,17.0,0.9976,954601
6,10.0,3.17,0.42,0.053,5.0,14.0,0.9982,212683
7,10.8,3.32,0.92,0.081,35.0,67.0,1.0002,400011
6,10.2,3.34,0.75,0.073,10.0,26.0,0.9984,192925
6,10.6,3.31,0.67,0.078,24.0,56.0,0.9984,454474
7,13.3,3.34,0.79,0.055,12.0,25.0,0.9952,101943
7,13.4,3.32,0.9,0.052,13.0,27.0,0.995,154015
6,11.6,3.48,0.74,0.086,23.0,81.0,1.0002,638188
6,12.1,3.44,0.55,0.051,28.0,91.0,0.9952,990067
8,11.0,3.15,0.65,0.07,5.0,16.0,0.9972,785168
6,9.0,3.43,0.65,0.081,14.0,38.0,0.9984,238113
5,11.1,3.32,0.79,0.09,43.0,113.0,0.9966,321856
8,11.0,3.15,0.65,0.07,5.0,16.0,0.9972,365494
6,11.6,3.48,0.74,0.086,23.0,81.0,1.0002,111902
6,9.0,3.43,0.65,0.081,14.0,38.0,0.9984,712963
7,12.0,3.17,0.85,0.074,38.0,76.0,0.999,323116
7,12.0,3.17,0.85,0.074,38.0,76.0,0.999,886581
7,10.9,3.18,1.04,0.078,6.0,24.0,0.9976,890878
7,10.8,3.21,1.05,0.077,6.0,22.0,0.9976,657041
7,12.5,3.16,0.78,0.072,10.0,26.0,0.9968,418344
7,10.8,3.25,1.02,0.075,6.0,21.0,0.9976,282275
6,9.5,3.17,0.71,0.084,6.0,13.0,1.0,209632
6,10.2,3.18,0.63,0.09,26.0,62.0,0.9994,217435
7,11.4,3.04,0.68,0.084,23.0,43.0,0.9986,208209
5,9.5,3.02,0.61,0.073,19.0,43.0,0.9978,617252
6,10.2,3.18,0.63,0.09,26.0,62.0,0.9994,637334
6,9.7,3.03,0.81,0.125,15.0,49.0,0.998,652624
7,11.8,3.09,0.66,0.107,6.0,15.0,0.9973,372637
7,11.8,3.09,0.66,0.107,6.0,15.0,0.9973,743296
5,9.3,3.31,1.14,0.122,34.0,151.0,1.001,544930
6,11.9,3.25,0.74,0.1,5.0,14.0,1.001,781807
3,8.4,3.16,0.63,0.2,5.0,16.0,0.9994,462082
6,11.7,3.22,0.68,0.088,11.0,32.0,0.9972,109705
5,11.0,3.36,0.78,0.088,39.0,106.0,0.9966,936232
6,10.0,3.42,0.9,0.088,15.0,33.0,0.9982,299591
5,9.1,3.48,0.64,0.088,16.0,43.0,0.998,708488
5,9.8,3.38,0.99,0.099,47.0,133.0,0.9979,886686
5,9.4,3.22,0.55,0.085,38.0,142.0,0.9978,690429
5,9.5,3.23,0.64,0.086,23.0,116.0,0.9976,240334
5,9.9,3.24,0.67,0.105,29.0,53.0,0.9998,381539
5,11.0,3.36,0.78,0.088,39.0,106.0,0.9966,460654
6,11.4,3.39,0.77,0.0969999999999999,33.0,85.0,0.9962,616834
6,8.7,3.34,0.75,0.084,32.0,55.0,0.9988,446196
5,9.4,3.09,0.57,0.077,6.0,33.0,0.9974,715185
6,10.3,3.41,0.87,0.078,1.0,28.0,0.999,255548
5,10.3,3.16,0.61,0.098,12.0,42.0,1.0004,444051
5,10.3,3.16,0.61,0.098,12.0,42.0,1.0004,375347
6,12.8,3.22,0.66,0.072,15.0,33.0,0.9956,360000
6,10.0,3.28,0.56,0.102,13.0,32.0,1.0,896672
6,10.3,3.41,0.87,0.078,1.0,28.0,0.999,771162
5,9.4,3.09,0.57,0.077,6.0,33.0,0.9974,542659
6,10.7,3.37,0.77,0.084,5.0,13.0,0.9972,335414
7,12.0,3.2,0.66,0.066,5.0,35.0,1.0014,576876
5,11.2,3.22,0.62,0.1,5.0,17.0,0.9996,634575
5,9.6,3.26,0.67,0.1009999999999999,20.0,47.0,0.9988,629635
6,11.0,3.21,0.73,0.064,5.0,17.0,0.9988,623972
5,9.9,3.12,0.59,0.07,5.0,20.0,0.9966,606206
6,11.0,3.06,0.72,0.085,16.0,53.0,0.9993,881076
6,8.4,2.86,0.79,0.075,6.0,15.0,1.0008,871627
5,9.1,3.08,0.59,0.094,38.0,106.0,0.9982,641593
6,9.5,3.45,0.78,0.078,10.0,28.0,0.9983,966267
6,10.7,3.26,0.86,0.067,6.0,21.0,0.9987,802424
6,10.4,3.12,0.75,0.079,27.0,69.0,0.9994,247867
6,9.4,3.27,0.61,0.171,6.0,25.0,0.9975,432732
6,9.5,3.33,0.56,0.074,9.0,25.0,0.9958,272345
6,10.0,3.19,0.73,0.092,14.0,45.0,0.998,290254
6,10.0,3.12,0.74,0.092,14.0,44.0,0.998,586413
5,11.5,3.74,0.62,0.05,32.0,96.0,0.9934,886847
5,11.1,2.92,0.74,0.095,10.0,23.0,1.00315,417614
5,11.1,2.92,0.74,0.095,10.0,23.0,1.00315,441581
6,11.7,3.07,0.56,0.118,10.0,17.0,1.0002,270767
5,11.1,2.92,0.74,0.095,10.0,23.0,1.00315,451600
6,11.7,3.07,0.56,0.118,10.0,17.0,1.0002,768090
6,12.7,3.3,0.68,0.085,6.0,47.0,1.0021,708275
5,11.4,3.14,0.57,0.075,5.0,19.0,0.9994,288856
5,9.2,3.23,0.58,0.078,26.0,121.0,0.9978,451134
5,9.2,3.08,0.61,0.094,41.0,110.0,0.9982,736334
6,10.1,3.31,0.61,0.092,25.0,60.0,0.9971,296065
6,12.7,3.3,0.68,0.085,6.0,47.0,1.0021,327786
5,11.4,3.14,0.57,0.075,5.0,19.0,0.9994,800007
6,9.0,3.32,0.6,0.226,5.0,15.0,0.9991,516377
6,9.0,3.32,0.6,0.226,5.0,15.0,0.9991,464703
6,10.7,3.31,0.79,0.25,5.0,20.0,0.999,100554
6,11.7,3.57,0.57,0.095,19.0,42.0,0.9946,244731
6,11.0,3.32,0.91,0.07,10.0,37.0,1.0003,776177
6,11.7,3.57,0.57,0.095,19.0,42.0,0.9946,398083
5,10.4,3.14,0.61,0.075,10.0,28.0,0.9978,468813
4,9.6,3.3,0.56,0.07,14.0,47.0,0.9991,266720
6,10.0,3.19,0.7,0.078,20.0,78.0,0.9992,399385
6,10.2,3.2,0.8,0.079,28.0,46.0,0.9993,976716
4,10.0,3.34,0.52,0.103,6.0,14.0,0.9978,804961
5,9.5,3.3,0.6,0.083,18.0,111.0,0.9982,713982
5,9.8,3.29,0.6,0.085,17.0,110.0,0.9982,930912
6,9.8,3.14,0.51,0.063,18.0,40.0,0.9976,709626
5,9.6,3.19,0.44,0.089,5.0,14.0,1.0002,218333
5,9.6,3.19,0.44,0.089,5.0,14.0,1.0002,730884
5,9.2,3.19,0.43,0.083,5.0,15.0,1.0,457008
7,9.9,2.98,0.66,0.074,10.0,21.0,0.9976,260668
7,10.7,3.3,0.76,0.093,54.0,80.0,1.0002,212806
6,9.6,3.47,0.66,0.091,8.0,38.0,0.998,372864
7,10.6,3.12,1.02,0.094,16.0,47.0,0.9986,410529
5,9.3,3.26,0.59,0.108,18.0,102.0,0.9967,933655
8,14.0,3.72,0.74,0.06,19.0,50.0,0.9917,300630
7,10.5,3.05,0.74,0.059,5.0,13.0,0.9976,449551
5,9.7,3.35,0.57,0.084,21.0,75.0,0.9987,823313
6,11.5,3.12,0.5,0.07,23.0,149.0,0.9922,437843
5,9.7,3.35,0.57,0.084,21.0,75.0,0.9987,529008
5,9.0,3.29,0.58,0.094,9.0,43.0,1.0004,361374
5,9.5,3.4,0.53,0.096,20.0,38.0,0.9978,272607
5,9.3,3.27,0.57,0.086,30.0,109.0,0.9998,934145
6,9.3,3.04,0.6,0.059,6.0,24.0,0.9994,810249
6,10.0,3.09,0.63,0.071,5.0,18.0,0.998,212527
6,9.8,3.2,0.48,0.078,5.0,30.0,0.9967,122921
6,9.3,3.0,0.7,0.0819999999999999,11.0,22.0,1.0,132660
4,10.0,3.26,0.47,0.088,7.0,23.0,0.9962,223207
6,9.0,3.1,0.56,0.071,12.0,35.0,1.0006,391894
5,9.3,3.3,0.52,0.081,6.0,14.0,0.9975,569434
6,9.0,3.1,0.56,0.071,12.0,35.0,1.0006,437345
6,9.1,3.17,0.62,0.096,14.0,63.0,0.9984,153375
6,9.2,3.31,0.59,0.085,6.0,24.0,0.9984,762596
7,12.2,3.34,0.79,0.072,10.0,20.0,0.9973,690915
6,10.5,3.31,0.53,0.092,26.0,52.0,0.9982,803577
6,10.4,3.32,0.64,0.11,11.0,65.0,1.0026,622876
6,12.7,3.56,0.52,0.075,15.0,39.0,0.9956,559620
5,9.2,3.39,0.54,0.083,25.0,57.0,0.9983,842051
5,9.4,2.98,0.54,0.081,5.0,16.0,1.0006,345685
6,10.0,3.32,0.6,0.077,18.0,29.0,0.9965,330321
5,9.8,3.26,0.74,0.0579999999999999,10.0,29.0,0.9962,301729
6,10.2,2.87,1.36,0.148,10.0,103.0,0.9969,896311
5,9.7,3.5,0.57,0.079,28.0,71.0,0.9997,165690
5,9.7,3.5,0.57,0.079,28.0,71.0,0.9997,261857
6,9.8,3.03,0.93,0.079,14.0,28.0,0.9982,224727
5,10.2,3.13,0.7,0.122,4.0,17.0,1.0006,533510
5,9.3,3.09,0.8,0.088,6.0,16.0,0.9988,563344
5,9.4,3.27,0.61,0.076,16.0,112.0,0.9976,785704
5,9.4,3.28,0.62,0.078,14.0,104.0,0.9976,965966
5,9.5,3.13,0.55,0.08,9.0,32.0,0.9974,661056
6,12.1,3.49,0.96,0.077,21.0,45.0,0.9974,104204
5,10.2,3.46,0.72,0.124,21.0,58.0,0.9997,569397
5,10.2,3.46,0.72,0.124,21.0,58.0,0.9997,749371
5,9.1,3.36,0.49,0.098,5.0,15.0,0.9988,881883
5,9.1,3.36,0.49,0.098,5.0,15.0,0.9988,679962
6,9.3,3.27,0.6,0.0969999999999999,7.0,31.0,0.9976,302257
5,9.3,3.21,0.61,0.111,20.0,84.0,0.9964,300029
6,9.3,3.27,0.6,0.0969999999999999,7.0,31.0,0.9976,126908
5,9.5,3.25,0.63,0.105,5.0,19.0,0.9988,259025
6,10.5,3.32,0.57,0.087,21.0,43.0,0.9964,974791
4,11.3,3.43,0.64,0.105,11.0,86.0,1.001,501587
5,9.5,3.27,0.58,0.073,46.0,102.0,0.9964,710908
5,9.7,3.27,0.55,0.065,24.0,33.0,0.9954,651040
5,9.4,3.24,0.53,0.086,30.0,147.0,0.9979,355970
5,9.4,3.24,0.53,0.084,31.0,145.0,0.9978,882693
7,10.2,3.35,0.65,0.143,7.0,23.0,0.9964,432984
6,10.3,3.18,1.36,0.067,25.0,57.0,0.997,857207
5,9.4,3.39,0.62,0.071,16.0,40.0,0.9991,904519
5,9.5,3.46,0.63,0.071,21.0,68.0,0.9992,956239
5,9.4,3.39,0.62,0.071,16.0,40.0,0.9991,806544
5,9.5,3.46,0.63,0.071,21.0,68.0,0.9992,664900
5,9.4,3.39,0.62,0.071,16.0,40.0,0.9991,330882
7,10.1,3.37,0.69,0.115,5.0,11.0,0.9984,688014
5,10.1,3.4,0.63,0.107,6.0,20.0,0.9972,298264
4,11.0,3.32,0.58,0.07,5.0,14.0,0.9967,353479
7,11.2,3.33,0.67,0.066,10.0,28.0,0.9964,995241
6,11.3,3.16,0.57,0.068,24.0,148.0,0.9948,135227
5,9.6,2.89,0.5,0.106,8.0,32.0,0.9986,190126
5,11.2,3.41,0.67,0.104,35.0,155.0,1.001,775307
5,14.9,2.98,0.84,0.096,22.0,71.0,0.9976,847299
6,12.0,3.12,0.54,0.079,9.0,30.0,0.9976,770105
5,9.5,3.08,0.46,0.074,7.0,29.0,0.9979,517044
5,9.4,3.14,0.61,0.087,20.0,53.0,1.0004,225095
5,9.6,2.89,0.5,0.106,8.0,32.0,0.9986,197110
7,10.5,2.92,0.68,0.073,23.0,42.0,0.998,452892
6,9.6,3.32,0.81,0.074,5.0,20.0,0.9973,254442
4,11.0,3.41,0.57,0.096,5.0,13.0,0.997,209781
6,9.6,3.32,0.81,0.074,5.0,20.0,0.9973,841295
5,9.0,3.31,0.64,0.08,15.0,42.0,0.9978,493480
6,9.6,3.36,0.7,0.076,9.0,27.0,0.9972,338425
6,10.2,3.04,0.79,0.05,5.0,13.0,0.9974,713174
5,10.2,3.03,0.66,0.092,15.0,54.0,1.0,233098
5,9.7,3.14,0.56,0.084,25.0,48.0,0.9981,637594
6,9.5,3.18,0.6,0.222,6.0,16.0,0.998,711169
6,9.2,2.94,0.66,0.0819999999999999,6.0,15.0,0.9988,978209
5,11.0,3.15,0.57,0.059,15.0,31.0,0.9966,189261
6,9.2,2.94,0.66,0.0819999999999999,6.0,15.0,0.9988,870438
5,10.0,3.26,0.58,0.083,30.0,45.0,0.9959,259042
5,9.5,3.2,0.52,0.074,5.0,13.0,0.9968,895605
5,9.5,3.15,0.53,0.079,32.0,151.0,0.998,765231
5,9.5,3.2,0.52,0.074,5.0,13.0,0.9968,175387
6,9.3,3.08,0.67,0.084,7.0,17.0,0.9984,947775
5,10.2,3.26,0.65,0.064,12.0,31.0,0.9984,145994
6,9.3,3.08,0.67,0.084,7.0,17.0,0.9984,128555
5,9.9,3.4,0.48,0.084,12.0,31.0,0.9979,799366
5,10.0,3.48,0.53,0.081,45.0,87.0,0.9983,708680
5,9.6,3.13,0.54,0.06,20.0,49.0,0.9972,896572
5,9.0,3.06,0.49,0.07,15.0,40.0,1.0004,113212
6,10.2,3.21,0.49,0.094,16.0,29.0,0.9962,856707
5,9.8,3.33,0.54,0.078,32.0,58.0,0.998,470069
5,11.3,3.37,0.56,0.059,5.0,15.0,0.997,338591
5,9.4,3.25,0.48,0.078,35.0,152.0,0.998,922670
5,11.3,3.37,0.56,0.059,5.0,15.0,0.997,209348
5,9.1,3.44,0.6,0.07,13.0,40.0,0.997,107087
5,9.7,3.28,0.59,0.095,13.0,38.0,0.9998,150246
5,9.4,3.4,0.47,0.039,4.0,9.0,0.9962,442106
5,9.4,3.3,1.05,0.157,5.0,17.0,0.9976,186278
3,10.7,3.63,0.54,0.0969999999999999,5.0,14.0,0.9966,318709
5,9.8,3.48,0.54,0.087,12.0,93.0,0.9998,862696
5,9.0,3.03,1.17,0.422,16.0,62.0,0.9979,989415
5,9.4,3.32,0.62,0.084,21.0,122.0,0.9984,619971
5,9.4,3.31,0.61,0.084,24.0,125.0,0.9984,773031
6,12.8,3.9,0.62,0.034,18.0,44.0,0.9921,142084
6,9.5,3.47,0.67,0.066,8.0,25.0,0.9972,738359
6,9.5,3.47,0.67,0.066,8.0,25.0,0.9972,780550
5,9.7,3.31,0.53,0.087,18.0,72.0,1.0001,678143
6,10.8,3.11,0.62,0.071,5.0,19.0,0.9986,934181
6,10.1,3.08,0.57,0.076,26.0,88.0,0.9984,750356
6,9.5,3.47,0.67,0.066,8.0,25.0,0.9972,743959
6,9.4,3.47,0.67,0.067,9.0,23.0,0.997,494605
4,9.6,3.32,0.7,0.073,22.0,84.0,0.9972,643975
4,9.7,3.29,0.54,0.078,4.0,14.0,0.998,137175
5,9.9,3.37,0.49,0.073,11.0,54.0,0.999,342672
5,10.0,3.4,0.47,0.093,10.0,19.0,0.9956,707327
5,10.5,3.37,0.51,0.077,16.0,37.0,0.9966,151440
6,11.6,3.34,0.61,0.068,11.0,35.0,0.996,191573
6,10.0,3.27,0.66,0.062,13.0,33.0,0.9983,962980
5,10.1,3.06,0.57,0.08,21.0,84.0,0.9985,280388
5,9.5,3.38,0.61,0.093,16.0,112.0,0.9998,298392
5,9.4,3.36,0.45,0.084,13.0,33.0,0.9992,835548
5,9.4,3.34,0.46,0.075,10.0,48.0,0.9976,702563
5,9.8,3.28,0.51,0.078,21.0,77.0,0.998,972872
6,9.2,3.29,0.48,0.069,13.0,34.0,0.9967,590874
5,9.4,3.34,0.46,0.075,10.0,48.0,0.9976,296874
5,10.0,3.21,0.57,0.079,12.0,49.0,0.9968,403242
5,9.6,3.22,0.44,0.0819999999999999,10.0,22.0,0.9976,916218
5,9.5,3.46,0.54,0.086,17.0,45.0,0.9976,961530
5,9.6,3.22,0.44,0.0819999999999999,10.0,22.0,0.9976,908796
5,9.2,3.1,0.53,0.094,35.0,106.0,0.9982,620759
5,10.0,3.21,0.59,0.084,15.0,48.0,0.9968,813853
5,9.5,2.94,1.62,0.053,36.0,127.0,0.9965,593563
4,11.2,3.54,0.6,0.086,5.0,12.0,0.9958,680287
5,10.4,3.29,0.55,0.077,5.0,13.0,0.9976,444631
6,11.1,3.43,0.72,0.084,18.0,49.0,0.9994,838710
5,9.5,3.46,0.68,0.067,4.0,11.0,0.997,905874
5,9.5,3.46,0.68,0.067,4.0,11.0,0.997,931879
6,12.7,3.61,0.49,0.071,27.0,58.0,0.995,435968
5,9.6,3.17,0.67,0.387,12.0,37.0,0.9982,189463
5,11.5,3.44,0.52,0.088,4.0,14.0,0.9994,806887
5,9.6,3.39,0.47,0.092,10.0,19.0,0.9966,614654
5,9.5,3.55,0.6,0.0819999999999999,16.0,72.0,0.998,217648
5,9.3,3.48,0.62,0.075,9.0,39.0,0.9987,989423
5,9.5,3.26,0.5,0.1119999999999999,11.0,22.0,0.9963,870508
5,9.5,3.26,0.5,0.1119999999999999,11.0,22.0,0.9963,619490
6,9.3,3.5,0.65,0.093,19.0,58.0,1.0002,780642
5,9.2,3.1,0.56,0.092,28.0,104.0,0.9983,756556
5,9.3,3.35,0.6,0.088,19.0,38.0,0.999,362189
6,11.5,3.45,0.68,0.075,12.0,16.0,0.9965,406590
5,9.5,3.21,0.57,0.078,28.0,139.0,0.99788,423877
5,9.2,3.46,0.65,0.065,9.0,18.0,0.9972,509257
5,10.0,3.13,0.53,0.096,25.0,101.0,1.00024,898666
5,9.5,3.13,0.51,0.095,21.0,101.0,1.0001,386690
6,9.5,3.52,0.73,0.07,12.0,28.0,0.99768,395312
6,9.0,3.3,0.47,0.08,12.0,57.0,0.9978,102389
5,9.4,3.3,0.48,0.083,16.0,68.0,0.99782,456738
6,9.6,3.52,0.72,0.071,12.0,31.0,0.99761,447432
6,9.5,3.52,0.73,0.07,12.0,28.0,0.99768,760345
5,9.5,3.29,0.55,0.089,17.0,40.0,0.99803,934116
5,9.5,3.29,0.55,0.089,17.0,40.0,0.99803,270150
5,9.4,3.39,0.61,0.0969999999999999,24.0,66.0,0.99785,997222
5,9.5,3.29,0.55,0.089,17.0,40.0,0.99803,288749
6,9.1,3.09,1.06,0.415,14.0,32.0,0.99656,942862
6,10.7,3.51,0.43,0.0579999999999999,22.0,47.0,0.99525,771691
6,11.2,3.6,0.46,0.057,15.0,33.0,0.99488,730009
5,9.8,3.25,0.5,0.084,10.0,31.0,0.99656,195164
5,9.8,3.25,0.5,0.084,10.0,31.0,0.99656,254814
5,9.2,3.19,0.52,0.092,33.0,88.0,0.99823,963488
5,9.7,3.23,0.57,0.075,9.0,104.0,0.99779,618217
5,9.6,3.25,0.42,0.096,5.0,35.0,0.99738,692381
6,10.0,3.31,0.53,0.069,8.0,19.0,0.99701,606865
5,9.6,3.25,0.42,0.096,5.0,35.0,0.99738,262849
6,9.5,3.31,0.55,0.093,11.0,44.0,0.99888,950180
6,9.5,3.31,0.54,0.091,12.0,48.0,0.99888,860698
5,9.4,3.14,0.54,0.089,12.0,74.0,0.99738,525524
5,9.5,3.45,0.62,0.103,13.0,98.0,0.99938,686327
6,9.7,3.55,0.53,0.0819999999999999,24.0,94.0,0.99744,164347
5,9.6,3.39,0.54,0.076,7.0,32.0,0.99668,174233
6,9.7,3.55,0.53,0.0819999999999999,24.0,94.0,0.99744,523500
5,9.4,3.28,0.55,0.0819999999999999,23.0,143.0,0.9978,132564
5,9.4,3.27,0.55,0.0819999999999999,23.0,144.0,0.99782,209851
6,9.5,3.3,0.92,0.157,1.0,44.0,0.9973,976657
6,9.5,3.31,0.91,0.157,2.0,45.0,0.99727,389177
5,10.0,3.43,0.46,0.102,7.0,16.0,0.99586,540259
6,10.3,3.4,0.6,0.243,5.5,48.0,0.99612,201434
6,10.3,3.4,0.59,0.241,6.0,18.0,0.9961,436242
5,10.5,3.36,0.61,0.079,7.0,34.0,0.99788,534557
5,9.8,3.5,0.6,0.076,21.0,92.0,0.99745,107496
6,9.4,3.31,0.6,0.19,12.0,45.0,0.99676,583398
5,9.8,3.66,0.65,0.114,9.0,37.0,0.99732,823194
5,10.0,3.36,0.53,0.081,26.0,96.0,0.99814,806167
5,9.8,3.66,0.65,0.114,9.0,37.0,0.99732,566645
5,9.8,3.55,0.59,0.077,20.0,85.0,0.99746,864020
5,9.5,3.21,0.5,0.083,11.0,61.0,0.9982,288116
5,9.5,3.21,0.5,0.083,11.0,61.0,0.9982,880799
6,10.1,3.18,0.56,0.079,19.0,58.0,0.9991,341774
6,10.1,3.18,0.56,0.079,19.0,58.0,0.9991,820472
5,9.3,3.09,0.52,0.099,21.0,119.0,0.998,588462
6,9.7,3.33,0.68,0.0819999999999999,18.0,82.0,0.99708,631652
5,9.6,3.23,0.54,0.084,25.0,130.0,0.99818,322729
6,9.7,3.48,0.6,0.081,17.0,87.0,0.99745,717691
5,10.8,3.38,0.56,0.055,7.0,13.0,0.99639,320152
6,12.5,3.17,0.53,0.065,7.0,26.0,0.99531,220119
5,10.2,2.99,1.18,0.132,7.0,60.0,0.99786,330557
5,9.6,3.1,0.74,0.126,24.0,64.0,0.99746,721363
7,10.8,3.24,0.81,0.038,21.0,42.0,0.99526,179586
6,10.7,3.29,0.52,0.0819999999999999,5.0,14.0,0.9987,118840
6,10.7,3.29,0.52,0.0819999999999999,5.0,14.0,0.9987,106763
5,9.4,3.25,0.51,0.0819999999999999,26.0,108.0,0.99641,644938
5,10.0,3.23,0.44,0.068,8.0,17.0,0.99735,667973
7,12.9,3.56,0.94,0.044,14.0,86.0,0.99264,478328
6,9.6,3.24,0.66,0.114,14.0,46.0,0.9971,311292
6,9.9,3.26,0.57,0.084,4.0,18.0,0.99682,217134
7,12.8,3.33,0.7,0.052,4.0,10.0,0.99356,842792
7,12.5,3.27,0.71,0.0409999999999999,4.0,10.0,0.99386,369546
7,12.8,3.33,0.7,0.052,4.0,10.0,0.99356,810490
5,9.2,3.26,0.86,0.165,4.0,12.0,0.99702,844449
6,10.3,3.22,0.55,0.07,4.0,15.0,0.99693,465281
5,10.5,3.3,0.47,0.068,4.0,14.0,0.99562,802471
6,10.9,3.09,0.68,0.072,7.0,24.0,1.00012,653819
5,10.8,3.24,0.71,0.099,20.0,38.0,0.99818,135531
4,11.4,3.44,0.58,0.102,4.0,7.0,0.99462,556864
6,11.3,3.21,0.76,0.103,19.0,41.0,0.99939,315281
5,10.8,3.24,0.71,0.099,20.0,38.0,0.99818,711817
6,10.5,3.23,0.58,0.081,8.0,30.0,0.9984,132847
6,11.9,3.28,0.73,0.084,19.0,27.0,0.99545,784454
5,9.4,3.29,0.45,0.071,21.0,47.0,0.99632,150000
5,9.6,3.28,0.54,0.0969999999999999,9.0,59.0,0.99976,237622
5,9.7,3.34,0.6,0.099,9.0,22.0,0.99606,833437
7,14.0,3.71,0.74,0.048,16.0,42.0,0.99154,247999
5,9.8,3.61,0.64,0.076,15.0,36.0,0.9973,107456
5,9.8,3.61,0.64,0.076,15.0,36.0,0.9973,359128
5,10.3,3.24,0.53,0.068,6.0,16.0,0.99682,981142
5,10.7,3.36,0.49,0.076,15.0,37.0,0.99624,957092
7,11.0,3.4,0.64,0.05,4.0,8.0,0.9951,583176
5,10.7,3.36,0.49,0.076,15.0,37.0,0.99624,283009
8,12.7,3.46,0.74,0.065,34.0,45.0,0.99417,258890
6,11.1,3.56,0.77,0.071,16.0,24.0,0.99376,190664
4,10.9,3.38,0.55,0.0579999999999999,5.0,9.0,0.99632,907910
6,11.1,3.56,0.77,0.071,16.0,24.0,0.99376,183543
3,9.9,3.38,0.86,0.145,34.0,48.0,0.99832,855877
4,9.9,3.38,0.86,0.147,36.0,51.0,0.99836,340755
5,9.4,3.32,0.47,0.088,16.0,23.0,0.99694,849298
5,9.3,3.39,0.51,0.066,27.0,55.0,0.99655,159443
7,11.7,3.26,0.39,0.012,36.0,100.0,0.99064,749494
7,11.7,3.26,0.39,0.012,36.0,100.0,0.99064,637241
7,11.2,3.24,0.83,0.075,9.0,28.0,0.99672,683755
5,10.0,3.46,0.47,0.092,13.0,26.0,0.99647,870014
7,12.1,3.24,0.77,0.085,9.0,34.0,0.99736,559034
5,10.3,3.45,0.63,0.115,21.0,31.0,0.99629,520315
6,10.9,3.23,0.72,0.119,34.0,68.0,0.99708,794933
5,9.4,3.28,0.62,0.088,9.0,92.0,0.9963,647564
6,10.6,3.18,0.83,0.062,26.0,42.0,0.9959,908708
5,9.8,3.59,0.66,0.081,14.0,31.0,0.99689,206942
5,9.8,3.59,0.66,0.081,14.0,31.0,0.99689,806608
6,9.9,3.5,0.7,0.078,12.0,39.0,0.9977,429635
5,9.8,3.59,0.66,0.081,14.0,31.0,0.99689,762874
5,9.8,3.58,0.66,0.08,12.0,32.0,0.99689,923302
5,9.5,3.28,0.55,0.085,9.0,22.0,0.99708,156463
5,9.5,3.28,0.55,0.085,9.0,22.0,0.99708,442072
5,9.7,3.22,1.07,0.08,26.0,122.0,0.99801,847671
6,10.9,3.47,0.73,0.08,41.0,55.0,0.99652,450974
6,10.9,3.47,0.73,0.08,41.0,55.0,0.99652,210839
7,11.7,3.51,0.71,0.071,10.0,14.0,0.99538,721125
6,10.9,3.47,0.73,0.08,41.0,55.0,0.99652,573099
7,11.3,3.4,0.78,0.073,16.0,47.0,0.99594,654187
7,10.6,3.15,0.67,0.054,17.0,32.0,0.99686,992544
6,11.2,3.4,0.82,0.074,15.0,24.0,0.99438,171939
5,9.5,3.51,0.54,0.077,15.0,85.0,0.99746,668218
6,11.5,3.66,0.6,0.039,15.0,88.0,0.99357,495376
5,10.4,3.24,0.44,0.067,7.0,25.0,0.99628,753346
5,9.7,3.51,0.53,0.078,17.0,84.0,0.99746,750864
5,9.5,3.51,0.54,0.077,15.0,85.0,0.99746,638170
5,9.7,3.51,0.54,0.077,16.0,86.0,0.99748,499983
6,11.3,3.41,0.83,0.071,13.0,24.0,0.99438,867935
6,11.2,3.4,0.84,0.072,13.0,22.0,0.99438,503225
6,11.2,3.4,0.82,0.074,15.0,24.0,0.99438,945221
6,10.9,3.44,0.64,0.08,27.0,43.0,0.99578,333246
6,11.8,3.41,0.57,0.064,31.0,43.0,0.99371,729255
5,10.6,3.53,0.57,0.086,36.0,46.0,0.99522,719210
4,10.0,3.43,0.54,0.067,28.0,48.0,0.99576,988558
7,11.1,3.23,0.58,0.067,6.0,10.0,0.99552,174441
7,11.8,3.12,0.65,0.104,6.0,10.0,0.99664,889595
7,11.8,3.31,0.79,0.109,7.0,16.0,0.99614,414365
4,10.9,3.4,0.58,0.067,7.0,14.0,0.99517,513700
6,11.8,3.41,0.57,0.064,31.0,43.0,0.99371,789381
6,10.0,3.22,0.5,0.094,30.0,69.0,0.99787,873837
5,9.5,3.53,0.55,0.076,18.0,88.0,0.99745,979732
5,9.9,3.15,0.49,0.078,10.0,21.0,0.99576,440907
6,11.4,3.48,0.65,0.068,30.0,35.0,0.99533,965035
6,12.0,3.22,0.78,0.1939999999999999,14.0,26.0,0.99536,384255
5,9.5,3.53,0.55,0.076,18.0,88.0,0.99745,646404
6,10.0,3.22,0.5,0.094,30.0,69.0,0.99787,493572
5,10.5,3.34,0.64,0.086,9.0,30.0,0.99824,700383
6,10.4,3.33,0.65,0.083,8.0,28.0,0.99836,313797
7,12.1,3.15,0.79,0.066,29.0,56.0,0.99577,487080
6,11.2,3.43,0.56,0.072,32.0,64.0,0.99491,338988
5,9.3,3.22,0.68,0.1119999999999999,23.0,99.0,1.00289,741185
5,10.1,3.44,0.58,0.071,30.0,52.0,0.99576,267577
5,9.7,3.53,0.57,0.078,16.0,86.0,0.99743,491732
6,9.3,3.22,0.65,0.0819999999999999,10.0,18.0,0.99774,448921
5,9.7,3.53,0.57,0.078,16.0,86.0,0.99743,726393
6,9.8,3.53,0.58,0.08,17.0,88.0,0.99745,527072
6,10.7,3.42,0.58,0.08,27.0,43.0,0.9955,289947
7,12.5,3.31,0.77,0.078,17.0,43.0,0.99444,810312
6,10.7,3.42,0.58,0.08,27.0,43.0,0.9955,926786
7,12.5,3.31,0.77,0.078,17.0,43.0,0.99444,182898
3,11.0,3.48,0.49,0.084,6.0,11.0,0.99892,340140
5,11.8,3.4,0.69,0.0559999999999999,10.0,39.0,0.99562,518263
7,10.8,3.58,0.69,0.08,16.0,33.0,0.99736,633364
7,10.8,3.58,0.69,0.08,16.0,33.0,0.99736,623845
7,10.8,3.41,0.59,0.06,11.0,18.0,0.9962,949668
7,10.8,3.41,0.59,0.06,11.0,18.0,0.9962,277334
5,9.5,3.23,0.59,0.081,15.0,115.0,0.998,120735
5,11.0,3.39,0.71,0.084,12.0,78.0,0.9964,962136
6,11.5,3.59,0.54,0.079,6.0,9.0,0.9948,356301
6,10.8,3.43,0.59,0.078,34.0,61.0,0.99528,548835
6,11.5,3.29,0.52,0.059,7.0,11.0,0.99331,112269
6,13.2,3.23,0.57,0.132,3.0,11.0,0.99577,191061
6,10.9,3.18,0.6,0.114,3.0,9.0,0.99901,830656
6,12.2,3.33,0.62,0.065,4.0,8.0,0.99674,222752
7,12.2,3.27,0.64,0.094,3.0,10.0,0.99639,775158
6,11.5,3.29,0.52,0.059,7.0,11.0,0.99331,858375
6,11.9,3.27,0.67,0.079,3.0,6.0,0.99512,574172
5,11.0,3.62,0.61,0.161,7.0,62.0,0.99395,227249
6,10.1,3.38,0.64,0.084,26.0,45.0,0.99824,978084
6,11.0,3.3,0.72,0.081,32.0,79.0,0.9964,865219
6,11.8,3.38,0.89,0.072,38.0,46.0,0.99504,146829
5,10.5,3.24,0.56,0.091,10.0,23.0,0.99786,187729
6,11.0,3.3,0.72,0.081,32.0,79.0,0.9964,510779
6,11.8,3.38,0.89,0.072,38.0,46.0,0.99504,361475
6,10.1,3.38,0.64,0.084,26.0,45.0,0.99824,826027
5,11.2,3.18,0.8,0.055,14.0,28.0,0.99516,618865
7,11.0,3.47,0.87,0.064,53.0,77.0,0.99604,627872
6,10.2,3.47,0.9,0.061,52.0,73.0,0.99786,849518
4,9.2,3.2,0.59,0.093,11.0,75.0,0.99736,851781
5,11.2,3.18,0.8,0.055,14.0,28.0,0.99516,471634
7,12.0,3.3,0.73,0.063,10.0,19.0,0.99468,434833
5,10.5,3.69,0.73,0.08,8.0,25.0,0.99746,483843
5,9.8,3.48,0.65,0.074,13.0,38.0,0.99748,311286
6,9.5,3.45,0.59,0.078,29.0,66.0,0.9971,375463
5,9.8,3.48,0.65,0.074,13.0,38.0,0.99748,692230
5,10.5,3.69,0.73,0.08,8.0,25.0,0.99746,687438
6,11.8,3.39,0.72,0.06,19.0,72.0,0.99543,561951
6,11.8,3.39,0.72,0.06,19.0,72.0,0.99543,645764
4,10.4,3.07,0.6,0.071,6.0,26.0,0.99791,282081
7,12.9,3.34,0.72,0.068,23.0,42.0,0.99356,956229
5,11.4,3.61,0.54,0.073,7.0,11.0,0.99425,864682
7,12.4,3.36,0.76,0.074,13.0,25.0,0.99509,210383
7,12.5,3.19,0.52,0.0819999999999999,9.0,17.0,0.99484,171027
7,10.0,3.22,0.64,0.092,13.0,52.0,0.99834,612823
7,9.7,3.24,0.6,0.094,10.0,45.0,0.99864,642336
7,12.1,3.27,0.64,0.09,11.0,24.0,0.99498,632847
7,11.1,3.14,0.79,0.071,7.0,20.0,0.99566,129240
7,12.0,3.29,0.99,0.092,11.0,24.0,0.99745,859469
7,12.4,3.26,0.62,0.093,6.0,12.0,0.99408,415578
7,11.9,3.41,0.76,0.075,10.0,21.0,0.99552,816800
7,11.9,3.41,0.76,0.075,10.0,21.0,0.99552,442504
7,11.9,3.41,0.76,0.075,10.0,21.0,0.99552,810431
7,12.4,3.26,0.62,0.093,6.0,12.0,0.99408,425019
7,11.2,3.31,0.68,0.0579999999999999,6.0,10.0,0.99536,747952
7,12.1,3.2,0.69,0.052,5.0,9.0,0.99458,292745
6,12.2,3.44,0.54,0.0819999999999999,6.0,11.0,0.99538,912536
5,10.4,3.36,0.67,0.09,9.0,23.0,0.99648,383483
6,11.3,3.31,0.62,0.111,5.0,10.0,0.99568,389862
6,11.1,3.29,0.58,0.088,12.0,51.0,0.99613,961490
7,11.3,3.47,0.71,0.12,25.0,36.0,0.99519,545111
5,10.0,3.36,0.61,0.089,12.0,32.0,0.99735,829231
6,11.1,3.16,0.85,0.0579999999999999,18.0,38.0,0.99518,853362
5,9.3,3.27,0.62,0.078,7.0,18.0,0.99592,995953
5,9.5,3.38,0.69,0.115,6.0,16.0,0.99654,345456
6,11.2,3.15,0.69,0.1,20.0,27.0,0.99546,326188
6,11.1,3.16,0.85,0.0579999999999999,18.0,38.0,0.99518,989833
6,11.0,3.34,0.86,0.065,24.0,48.0,0.99554,671781
7,11.9,3.13,0.58,0.103,6.0,10.0,0.99604,283506
5,9.2,3.13,0.48,0.0969999999999999,23.0,113.0,0.99733,269167
6,12.2,3.2,0.6,0.068,29.0,46.0,0.9943,169157
5,10.2,3.46,0.61,0.079,7.0,22.0,0.99669,753417
6,10.9,3.33,0.87,0.066,6.0,10.0,0.99724,931308
6,10.9,3.33,0.87,0.066,6.0,10.0,0.99724,249519
7,11.6,3.22,0.65,0.104,6.0,13.0,0.99643,812276
5,10.7,3.52,0.63,0.079,6.0,12.0,0.99605,660756
7,12.1,3.3,0.62,0.073,7.0,13.0,0.99658,408645
5,9.4,3.44,0.52,0.083,35.0,72.0,0.997,619596
5,9.4,3.44,0.52,0.083,35.0,72.0,0.997,794675
5,9.1,3.15,0.5,0.109,31.0,119.0,0.99801,812441
7,11.3,3.28,0.49,0.061,9.0,29.0,0.99416,411453
5,10.4,3.13,0.63,0.075,3.0,6.0,0.9969,209504
6,10.5,3.32,0.71,0.065,8.0,17.0,0.99774,635683
5,10.0,3.25,0.62,0.079,13.0,28.0,0.99712,293255
6,12.9,3.34,0.82,0.07,51.0,70.0,0.99418,943080
6,10.5,3.32,0.71,0.065,8.0,17.0,0.99774,975092
5,10.4,3.13,0.63,0.075,3.0,6.0,0.9969,968004
6,11.3,3.45,0.58,0.064,7.0,11.0,0.99562,442526
7,11.4,3.19,0.55,0.066,3.0,7.0,0.9947,125567
5,9.4,3.44,0.5,0.08,35.0,70.0,0.99693,168193
5,9.4,3.16,0.49,0.0969999999999999,19.0,27.0,0.99596,709407
6,10.9,3.14,0.51,0.073,14.0,21.0,0.99556,405356
5,9.4,3.16,0.49,0.0969999999999999,19.0,27.0,0.99596,173649
5,9.4,3.45,0.48,0.0819999999999999,31.0,68.0,0.99694,886750
6,9.4,3.36,0.48,0.076,30.0,47.0,0.99554,942644
5,9.4,3.45,0.48,0.0819999999999999,31.0,68.0,0.99694,920903
5,9.4,3.15,0.43,0.092,20.0,88.0,0.99918,506195
6,10.1,3.39,0.62,0.079,19.0,41.0,0.99697,301001
7,12.8,3.71,0.63,0.087,3.0,11.0,0.99378,927973
7,12.8,3.71,0.63,0.087,3.0,11.0,0.99378,819724
6,9.1,3.12,0.48,0.05,4.0,10.0,0.99554,468266
6,12.9,3.47,0.53,0.055,7.0,12.0,0.99162,416406
7,11.5,3.44,0.72,0.062,6.0,12.0,0.99495,907170
7,10.6,3.26,0.82,0.0579999999999999,31.0,47.0,0.99676,831752
7,11.7,3.26,0.84,0.063,13.0,27.0,0.99516,369963
7,12.8,3.36,0.55,0.067,4.0,8.0,0.9928,216120
5,10.3,3.25,0.54,0.081,27.0,45.0,0.99603,777957
7,12.8,3.36,0.55,0.067,4.0,8.0,0.9928,767441
7,11.7,3.26,0.84,0.063,13.0,27.0,0.99516,594933
7,11.7,3.26,0.84,0.064,12.0,25.0,0.99516,107468
7,12.0,3.23,0.7,0.11,12.0,24.0,0.99549,213185
5,10.9,3.18,0.68,0.1159999999999999,26.0,55.0,0.99722,909093
7,12.3,3.25,0.55,0.067,7.0,12.0,0.99354,648004
6,10.4,3.17,0.55,0.088,12.0,19.0,0.9957,129773
5,10.0,3.23,0.48,0.102,11.0,32.0,0.99604,525663
6,10.0,3.38,0.58,0.092,22.0,31.0,0.99635,590336
6,11.2,3.22,0.58,0.12,3.0,7.0,0.99454,675921
6,11.4,3.06,0.84,0.075,14.0,27.0,0.99598,355807
7,12.6,3.27,0.75,0.068,12.0,28.0,0.99486,658556
6,12.7,2.89,0.44,0.049,36.0,109.0,0.99007,882658
6,12.7,2.89,0.44,0.049,36.0,109.0,0.99007,162596
5,10.4,3.53,0.61,0.078,10.0,23.0,0.99636,999583
6,11.9,3.2,0.53,0.123,3.0,8.0,0.99642,263239
6,11.9,3.2,0.53,0.123,3.0,8.0,0.99642,857709
5,10.5,3.35,0.54,0.062,4.0,9.0,0.99584,180626
6,12.3,3.27,0.55,0.098,3.0,9.0,0.99506,480474
7,10.5,3.32,0.56,0.088,12.0,18.0,0.99568,669415
6,10.4,3.33,0.6,0.095,17.0,43.0,0.99822,535556
6,12.6,3.41,0.56,0.066,14.0,36.0,0.99364,539578
5,11.6,3.49,0.52,0.065,28.0,52.0,0.99378,168442
6,10.1,3.37,0.54,0.075,41.0,68.0,0.99586,578819
7,10.5,3.32,0.56,0.088,12.0,18.0,0.99568,625404
7,11.5,3.42,0.55,0.091,9.0,14.0,0.99488,753138
7,11.0,3.35,0.58,0.093,9.0,15.0,0.99514,799656
5,9.6,3.36,0.53,0.095,5.0,14.0,0.99854,788939
6,10.4,3.3,0.59,0.089,14.0,27.0,0.99592,556774
6,9.7,3.2,0.47,0.077,15.0,48.0,0.99739,263077
7,10.6,3.17,0.65,0.085,5.0,17.0,0.99683,385306
7,12.5,3.22,0.59,0.0819999999999999,26.0,35.0,0.99356,763920
5,9.2,3.35,0.56,0.074,20.0,56.0,0.99672,592974
7,12.6,3.24,0.77,0.078,25.0,42.0,0.9953,136409
6,11.1,3.33,0.83,0.088,21.0,39.0,0.99692,224313
5,10.2,3.58,0.67,0.088,16.0,32.0,0.99756,773949
6,9.8,3.38,0.64,0.079,13.0,26.0,0.99547,980013
6,11.1,3.33,0.83,0.088,21.0,39.0,0.99692,356845
7,10.9,3.29,0.81,0.069,18.0,39.0,0.99859,355933
6,12.2,3.36,0.62,0.046,12.0,53.0,0.99294,532717
6,11.4,3.32,0.58,0.07,32.0,38.0,0.99438,876021
6,10.7,3.31,0.62,0.076,33.0,45.0,0.99612,996680
5,10.4,3.49,0.64,0.0819999999999999,27.0,51.0,0.99634,987361
6,10.9,3.27,0.78,0.081,3.0,14.0,0.99702,156988
6,10.8,3.27,0.77,0.084,6.0,17.0,0.99704,861844
5,10.4,3.49,0.64,0.0819999999999999,27.0,51.0,0.99634,550716
5,9.2,3.03,1.34,0.414,16.0,45.0,0.99702,901129
5,12.9,3.56,0.55,0.073,19.0,25.0,0.99258,674543
7,12.7,3.38,0.77,0.07,9.0,20.0,0.99426,784964
6,9.1,3.13,0.62,0.095,5.0,77.0,0.99747,141797
6,9.1,3.13,0.62,0.095,5.0,77.0,0.99747,425676
7,12.1,3.21,0.59,0.1009999999999999,3.0,10.0,0.99586,619224
5,9.1,3.15,0.57,0.104,28.0,90.0,0.99784,338302
7,11.6,3.19,0.76,0.093,30.0,52.0,0.9971,233293
7,12.1,3.21,0.59,0.1009999999999999,3.0,10.0,0.99586,849458
6,9.9,3.14,0.7,0.074,3.0,8.0,0.9981,879911
8,12.5,3.21,0.69,0.071,7.0,16.0,0.99462,330318
6,11.4,3.3,0.64,0.098,6.0,15.0,0.9956,325975
6,11.8,3.22,0.63,0.075,6.0,17.0,0.99565,219616
6,11.8,3.28,0.57,0.067,5.0,10.0,0.99418,804155
6,10.2,3.29,0.6,0.083,6.0,20.0,0.9963,942398
7,12.5,3.4,0.72,0.07,13.0,26.0,0.99358,632817
7,10.9,3.02,0.83,0.06,3.0,10.0,0.99572,720275
7,10.9,3.02,0.83,0.06,3.0,10.0,0.99572,919263
5,10.8,3.31,0.62,0.086,28.0,52.0,0.997,734037
7,11.1,3.18,0.89,0.057,19.0,37.0,0.99498,447952
5,9.2,3.2,0.58,0.098,30.0,92.0,0.99892,752303
6,9.5,3.4,0.58,0.083,33.0,75.0,0.9968,846163
6,10.7,3.31,0.58,0.088,16.0,37.0,0.9972,735336
5,9.2,3.2,0.58,0.098,30.0,92.0,0.99892,772359
7,10.2,3.44,0.86,0.071,45.0,67.0,0.99769,808719
6,11.4,3.15,0.73,0.073,3.0,8.0,0.99534,170147
5,11.0,3.27,0.58,0.08,3.0,8.0,0.99817,954113
5,11.0,3.27,0.58,0.08,3.0,8.0,0.99817,668205
7,12.3,3.01,0.51,0.05,37.5,278.0,0.99316,288573
6,11.8,3.16,0.51,0.047,3.0,8.0,0.99471,299525
7,12.3,3.01,0.51,0.05,37.5,289.0,0.99316,177862
6,9.5,3.42,0.59,0.073,31.0,70.0,0.99685,504184
6,12.0,3.33,0.77,0.072,32.0,59.0,0.99617,914722
6,9.5,3.42,0.59,0.073,31.0,70.0,0.99685,125566
5,9.6,3.12,0.49,0.074,40.0,64.0,0.99529,233658
7,11.6,3.38,0.66,0.055,3.0,9.0,0.99738,750955
6,11.2,3.29,0.69,0.057,18.0,30.0,0.994,763276
7,9.9,3.02,0.76,0.095,22.0,41.0,0.99735,790254
7,9.9,3.02,0.76,0.095,22.0,41.0,0.99735,562820
8,11.8,2.98,0.63,0.083,42.0,74.0,0.99451,961665
6,11.4,3.35,0.6,0.086,8.0,19.0,0.99546,989760
6,11.5,3.43,0.59,0.081,10.0,16.0,0.99479,451329
7,12.0,3.33,0.86,0.079,11.0,31.0,0.99615,786133
6,10.8,3.35,0.49,0.1169999999999999,9.0,17.0,0.99655,915518
5,10.5,3.15,0.5,0.087,6.0,20.0,0.99772,744991
6,10.8,3.35,0.49,0.1169999999999999,9.0,17.0,0.99655,533585
5,9.4,3.2,0.52,0.096,5.0,18.0,0.99666,295928
7,12.5,3.15,0.81,0.216,5.0,16.0,0.99358,282321
5,9.4,3.2,0.52,0.096,5.0,18.0,0.99666,765731
6,12.4,3.11,0.78,0.072,23.0,36.0,0.99392,914412
6,12.0,3.35,0.63,0.071,14.0,25.0,0.99388,276720
6,11.2,3.45,0.54,0.078,18.0,30.0,0.99402,186468
6,12.0,3.35,0.63,0.071,14.0,25.0,0.99388,711901
6,12.4,3.28,0.66,0.073,16.0,25.0,0.9936,617134
5,12.8,3.41,0.6,0.048,13.0,49.0,0.99374,250802
6,12.3,3.21,0.54,0.069,9.0,17.0,0.99376,724105
7,11.7,3.27,0.85,0.068,10.0,24.0,0.99523,463505
5,9.5,3.36,0.49,0.09,4.0,13.0,0.99855,439917
6,10.8,3.17,0.76,0.171,27.0,66.0,0.9982,180430
6,10.0,3.25,0.64,0.07,6.0,14.0,0.99593,900321
7,12.3,3.78,0.64,0.092,23.0,55.0,0.99471,889651
6,11.0,3.29,0.71,0.0559999999999999,6.0,35.0,0.99396,952383
6,9.5,3.12,0.59,0.074,3.0,10.0,0.99698,596957
6,13.6,3.49,0.66,0.046,29.0,80.0,0.9902,630217
6,11.3,3.38,0.6,0.091,15.0,21.0,0.99572,135337
6,11.3,3.38,0.6,0.091,15.0,21.0,0.99572,592250
6,11.3,3.38,0.6,0.091,15.0,21.0,0.99572,700463
6,13.3,3.3,0.53,0.065,14.0,24.0,0.99252,418477
5,12.9,3.52,0.58,0.066,7.0,15.0,0.99256,315776
8,13.1,3.2,0.72,0.076,8.0,17.0,0.99235,485726
6,12.3,3.44,0.55,0.062,21.0,28.0,0.99352,791803
6,12.3,3.45,0.48,0.055,27.0,33.0,0.9922,260150
6,11.2,3.12,0.65,0.081,17.0,29.0,0.99674,645957
4,11.5,3.62,0.62,0.096,3.0,13.0,0.99557,324567
7,11.3,3.14,0.59,0.055,13.0,27.0,0.99394,412284
6,13.5,3.39,0.54,0.063,3.0,11.0,0.9915,877066
6,11.5,3.51,0.6,0.072,26.0,52.0,0.99379,480354
5,10.0,3.22,0.68,0.095,28.0,89.0,0.9984,266436
6,10.5,3.21,0.69,0.092,24.0,70.0,0.99798,295305
6,10.4,3.18,0.63,0.0579999999999999,5.0,10.0,0.9977,507711
5,9.5,3.32,0.44,0.045,57.0,135.0,0.99341,534807
7,13.6,3.38,0.88,0.075,18.0,38.0,0.9933,815360
7,11.2,3.37,0.68,0.089,10.0,18.0,0.99684,664914
7,11.8,3.3,0.74,0.061,6.0,15.0,0.99524,551608
6,11.9,3.38,0.6,0.067,22.0,50.0,0.9946,711536
6,11.4,3.22,0.76,0.08,6.0,13.0,0.99774,369368
6,11.4,3.22,0.76,0.08,6.0,13.0,0.99774,573332
5,9.1,3.14,0.58,0.104,29.0,94.0,0.99786,444750
6,9.5,3.34,0.64,0.079,16.0,86.0,0.99764,149335
6,9.5,3.41,0.65,0.08,33.0,79.0,0.9969,369652
6,11.0,3.27,0.85,0.08,24.0,71.0,0.99624,363736
6,11.4,3.3,0.65,0.043,6.0,12.0,0.99354,123712
6,10.0,3.61,0.82,0.065,16.0,20.0,0.99672,396167
5,10.1,3.43,0.62,0.066,35.0,70.0,0.99588,357573
6,10.4,3.53,0.81,0.076,31.0,51.0,0.99672,382131
6,9.8,3.28,0.87,0.178,6.0,21.0,0.996,290983
7,11.8,3.21,0.49,0.071,6.0,14.0,0.99702,673787
6,11.6,3.39,0.66,0.086,9.0,21.0,0.99526,702240
6,12.0,3.23,0.52,0.061,6.0,11.0,0.99585,733453
7,12.8,3.3,0.76,0.067,4.0,12.0,0.99473,404303
6,12.5,3.46,0.65,0.044,16.0,70.0,0.99352,123994
5,9.8,3.15,0.53,0.118,9.0,38.0,0.99616,780920
6,11.1,3.23,0.66,0.083,17.0,38.0,0.99622,290130
6,11.4,3.59,0.68,0.1,50.0,63.0,0.99544,620368
5,9.8,3.15,0.53,0.118,9.0,38.0,0.99616,427183
7,11.8,3.33,0.76,0.071,45.0,88.0,0.99524,842841
7,12.9,3.46,0.87,0.042,16.0,101.0,0.9924,909784
6,10.6,3.42,1.16,0.076,22.0,54.0,0.99572,204012
5,10.8,3.16,0.67,0.11,11.0,37.0,0.99728,754868
7,11.1,3.14,0.72,0.087,6.0,20.0,0.99676,594604
6,10.2,3.21,0.75,0.076,12.0,21.0,0.99551,183942
7,11.8,3.14,0.71,0.075,12.0,19.0,0.99434,661949
5,10.0,3.29,0.67,0.078,10.0,21.0,0.99692,434323
5,10.0,3.29,0.67,0.078,10.0,21.0,0.99692,996202
5,9.4,3.01,1.1,0.369,15.0,38.0,0.99634,780650
5,10.2,2.94,0.98,0.111,7.0,60.0,0.99709,999901
7,12.4,3.32,0.88,0.074,29.0,48.0,0.99528,804581
6,12.0,3.21,0.56,0.067,8.0,44.0,0.99384,575070
6,11.5,3.32,0.62,0.086,5.0,14.0,0.99502,277818
6,10.5,3.2,0.67,0.062,5.0,12.0,0.99667,407736
6,10.8,3.42,0.68,0.078,26.0,44.0,0.99522,439180
6,12.3,3.27,0.74,0.074,5.0,16.0,0.99649,986379
6,9.5,3.46,0.62,0.079,26.0,65.0,0.99716,765115
6,9.5,3.46,0.62,0.079,26.0,65.0,0.99716,122253
6,11.5,3.61,0.7,0.095,48.0,59.0,0.99541,158711
4,11.2,3.58,0.5,0.079,23.0,47.0,0.99572,607451
7,12.7,3.35,0.66,0.052,6.0,11.0,0.99318,747305
5,11.4,3.68,0.73,0.0409999999999999,17.0,78.0,0.99346,481376
6,11.0,3.27,0.81,0.076,11.0,47.0,0.99599,271743
6,11.0,3.27,0.81,0.076,11.0,47.0,0.99599,821040
5,11.4,3.19,0.46,0.068,5.0,11.0,0.99478,859212
6,10.5,3.38,0.86,0.068,41.0,54.0,0.99754,988808
5,9.3,3.29,0.6,0.07,16.0,61.0,0.99572,496611
5,10.9,3.36,0.7,0.08,11.0,119.0,0.99538,931774
6,11.9,3.33,0.46,0.085,6.0,39.0,0.99346,875027
5,12.2,3.52,0.5,0.079,6.0,12.0,0.9963,687434
6,11.9,3.33,0.46,0.085,6.0,39.0,0.99346,989037
5,10.9,3.36,0.7,0.08,11.0,119.0,0.99538,654101
4,9.6,3.3,0.44,0.075,5.0,19.0,0.99616,577232
6,12.5,3.28,0.57,0.08,6.0,20.0,0.99652,197644
5,10.8,3.56,0.51,0.166,6.0,12.0,0.99551,816965
7,12.4,3.52,0.8,0.063,11.0,41.0,0.99439,724924
5,10.8,3.56,0.51,0.166,6.0,12.0,0.99551,719668
6,9.5,3.22,0.59,0.114,15.0,64.0,0.99588,521279
6,9.5,3.52,0.6,0.078,21.0,56.0,0.99633,401306
6,9.5,3.21,0.58,0.076,23.0,94.0,0.99686,707294
6,9.8,3.16,0.54,0.069,4.0,9.0,0.99458,816159
6,10.9,3.15,0.79,0.052,19.0,77.0,0.9951,140048
6,9.5,3.21,0.58,0.076,23.0,94.0,0.99686,140225
6,9.8,3.16,0.54,0.069,4.0,9.0,0.99458,826844
7,11.2,3.27,0.54,0.065,5.0,10.0,0.99419,102260
8,11.7,3.35,0.69,0.068,6.0,12.0,0.99516,623805
5,9.4,3.14,0.55,0.111,33.0,76.0,0.99878,822108
7,11.0,3.4,0.85,0.074,24.0,44.0,0.99534,348309
7,11.0,3.4,0.85,0.074,24.0,44.0,0.99534,241785
7,11.0,3.4,0.85,0.074,24.0,44.0,0.99534,656801
5,10.0,3.35,0.94,0.136,24.0,52.0,0.99752,694716
7,11.0,3.4,0.85,0.074,24.0,44.0,0.99534,796015
7,11.2,3.45,0.87,0.071,14.0,24.0,0.99428,737599
6,10.4,3.35,0.62,0.078,8.0,15.0,0.99498,787108
5,9.3,3.32,0.62,0.076,22.0,53.0,0.9957,809477
6,10.4,3.35,0.62,0.078,8.0,15.0,0.99498,516163
6,10.5,3.15,0.75,0.071,5.0,13.0,0.99659,680626
6,10.4,3.1,0.48,0.081,6.0,9.0,0.99628,304131
6,11.3,3.26,0.56,0.095,20.0,29.0,0.99488,833982
6,9.5,3.29,0.69,0.079,10.0,79.0,0.99677,325589
6,12.0,3.23,0.81,0.057,43.0,74.0,0.99408,229020
6,10.6,3.24,0.69,0.0819999999999999,8.0,24.0,0.996,670936
6,10.9,3.2,0.83,0.044,25.0,50.0,0.99478,223799
6,11.5,3.28,0.77,0.132,17.0,44.0,0.99734,563290
6,11.5,3.28,0.77,0.132,17.0,44.0,0.99734,860789
6,9.6,3.26,0.46,0.078,33.0,89.0,0.99678,442699
6,12.0,3.23,0.76,0.074,9.0,23.0,0.99638,641297
6,10.3,3.07,0.82,0.08,8.0,20.0,0.9992,376976
5,9.4,3.15,0.51,0.091,18.0,77.0,0.99922,243256
5,9.2,3.02,0.47,0.08,27.0,46.0,0.99592,369637
5,9.6,3.27,0.72,0.104,8.0,21.0,0.99769,266348
7,13.6,3.68,0.73,0.044,18.0,88.0,0.99157,868904
5,9.5,3.4,0.64,0.075,19.0,66.0,0.99718,376884
6,11.8,3.37,0.78,0.066,15.0,58.0,0.9947,771703
5,10.8,3.38,0.62,0.074,48.0,90.0,0.99621,267923
5,9.5,3.4,0.64,0.075,19.0,66.0,0.99718,713280
4,9.3,3.23,0.49,0.057,14.0,36.0,0.99614,857849
6,12.8,3.39,0.4,0.059,11.0,18.0,0.99242,679395
4,11.5,3.3,0.56,0.054,6.0,113.0,0.99572,825326
6,9.4,3.26,0.64,0.07,7.0,17.0,0.99659,314164
6,12.8,3.39,0.4,0.059,11.0,18.0,0.99242,668815
4,9.6,3.38,0.46,0.081,12.0,24.0,0.99798,705087
4,11.8,3.45,0.56,0.057,11.0,20.0,0.99488,726794
5,9.3,3.1,0.4,0.076,36.0,60.0,0.99494,826125
5,9.8,3.16,0.59,0.079,28.0,65.0,0.99729,473566
6,12.2,3.22,0.6,0.0579999999999999,15.0,40.0,0.99414,399048
5,9.5,3.37,0.62,0.0819999999999999,10.0,86.0,0.9983,650753
6,10.3,3.33,0.54,0.067,72.0,160.0,0.99721,925974
5,10.5,3.49,0.68,0.0819999999999999,15.0,34.0,0.99655,132831
5,10.0,3.12,0.48,0.086,15.0,48.0,0.99502,579311
5,10.5,3.49,0.68,0.0819999999999999,15.0,34.0,0.99655,445427
6,11.1,3.41,0.75,0.081,22.0,36.0,0.9949,424035
6,10.9,3.4,0.61,0.079,24.0,37.0,0.99514,268026
6,10.9,3.4,0.61,0.079,24.0,37.0,0.99514,532587
5,9.8,3.28,0.59,0.077,27.0,60.0,0.9963,246047
5,9.8,3.45,0.58,0.123,6.0,14.0,0.99627,158320
5,9.5,3.43,0.58,0.096,6.0,13.0,0.99569,151965
5,10.9,3.4,0.69,0.079,20.0,35.0,0.99628,367317
5,11.0,3.47,0.45,0.069,26.0,46.0,0.99358,980379
5,9.2,3.1,0.42,0.0819999999999999,43.0,60.0,0.99499,584966
6,11.0,3.32,0.7,0.085,12.0,69.0,0.99633,324829
6,11.3,3.44,0.63,0.123,15.0,33.0,0.99538,424084
6,11.3,3.44,0.63,0.123,15.0,33.0,0.99538,642234
5,9.3,3.02,1.15,0.4029999999999999,19.0,56.0,0.99632,196526
4,11.2,3.59,0.55,0.083,17.0,24.0,0.99437,160620
5,9.8,3.15,0.58,0.081,34.0,66.0,0.99726,348912
4,9.6,3.37,0.46,0.089,13.0,26.0,0.9978,270271
6,11.8,3.38,0.72,0.066,26.0,51.0,0.99456,128783
6,10.3,3.38,0.6,0.081,16.0,36.0,0.99564,156852
6,10.3,3.38,0.6,0.081,16.0,36.0,0.99564,357903
6,11.4,3.1,0.87,0.068,13.0,19.0,0.996,877880
6,9.5,3.47,0.55,0.079,21.0,51.0,0.99668,444635
8,14.0,3.5,0.82,0.044,28.0,87.0,0.9908,413812
6,14.0,3.7,0.75,0.048,26.0,60.0,0.99084,394543
6,11.7,3.38,0.57,0.049,24.0,64.0,0.9935,830260
5,11.2,3.5,0.53,0.077,25.0,44.0,0.99385,767622
5,9.3,3.1,0.43,0.073,34.0,44.0,0.99494,489165
6,11.2,3.24,0.53,0.102,17.0,36.0,0.9944,238522
6,9.5,3.24,0.54,0.075,13.0,81.0,0.99688,634706
4,12.0,3.28,0.56,0.05,3.0,10.0,0.99566,951456
6,9.7,3.35,0.6,0.114,3.0,10.0,0.99636,908513
6,9.5,3.24,0.54,0.075,13.0,81.0,0.99688,791672
7,11.5,3.14,0.57,0.062,3.0,9.0,0.9948,297193
6,10.4,3.37,0.64,0.077,28.0,54.0,0.9956,814641
6,10.4,3.37,0.64,0.077,28.0,54.0,0.9956,156780
6,10.9,3.33,0.68,0.084,9.0,22.0,0.99619,637021
6,10.2,3.26,0.63,0.096,17.0,69.0,0.99734,514261
5,10.9,3.39,0.56,0.071,18.0,36.0,0.99476,686431
5,10.5,3.15,0.57,0.09,20.0,47.0,0.99734,889029
6,12.4,3.35,0.54,0.068,17.0,31.0,0.99328,479127
5,13.0,3.22,0.37,0.0559999999999999,3.0,7.0,0.99286,335388
5,10.2,3.3,1.17,0.068,20.0,110.0,0.99914,548643
5,10.2,3.3,1.17,0.068,20.0,110.0,0.99914,174805
5,11.0,3.36,0.59,0.1,6.0,12.0,0.99521,729793
6,10.9,3.29,0.75,0.073,25.0,60.0,0.99638,497309
6,12.4,3.62,0.67,0.0559999999999999,14.0,28.0,0.99362,411461
4,9.7,3.34,0.49,0.084,6.0,12.0,0.99672,485257
6,10.9,3.29,0.75,0.073,25.0,60.0,0.99638,152440
5,9.5,3.2,0.45,0.093,51.0,77.5,0.99558,534711
5,9.5,3.2,0.45,0.093,51.0,77.5,0.99558,780918
6,12.1,3.35,0.61,0.064,15.0,29.0,0.99323,284460
6,12.2,3.45,0.56,0.063,11.0,18.0,0.99191,994411
3,10.9,3.5,0.4,0.1369999999999999,5.0,9.0,0.99476,971503
6,12.5,3.78,0.61,0.08,15.0,28.0,0.99444,906097
6,11.7,3.6,0.74,0.1,20.0,57.0,0.99598,236332
6,11.2,3.3,0.8,0.064,4.0,15.0,0.99576,394499
5,11.2,3.36,0.66,0.081,28.0,68.0,0.99501,298385
5,9.2,3.12,0.44,0.087,21.0,68.0,0.9955,715594
5,9.8,3.3,0.53,0.073,24.0,88.0,0.99612,874728
5,10.1,3.29,0.62,0.088,22.0,91.0,0.9979,762056
4,11.1,3.41,0.52,0.068,15.0,29.0,0.99524,184407
5,10.1,3.29,0.62,0.088,22.0,91.0,0.9979,495340
5,9.2,3.28,0.61,0.071,27.0,63.0,0.996,596787
5,9.8,3.3,0.53,0.073,24.0,88.0,0.99612,478270
6,12.8,3.33,0.59,0.064,12.0,27.0,0.9929,507077
5,10.5,3.34,0.47,0.083,14.0,41.0,0.99532,559479
6,10.1,3.4,0.54,0.086,20.0,65.0,0.99558,333212
6,10.1,3.4,0.53,0.086,24.0,69.0,0.99556,793867
6,9.8,3.26,0.58,0.083,17.0,91.0,0.99616,712168
6,12.5,4.01,0.59,0.0409999999999999,16.0,46.0,0.99258,521722
6,11.9,3.18,0.69,0.091,10.0,41.0,0.99638,494438
6,9.8,3.26,0.58,0.083,17.0,91.0,0.99616,594203
6,9.1,2.9,1.33,0.414,18.0,64.0,0.99652,284416
5,10.1,3.26,0.66,0.094,12.0,88.0,0.99796,676786
6,12.5,4.01,0.59,0.0409999999999999,16.0,46.0,0.99258,731686
5,11.4,3.18,0.55,0.0579999999999999,9.0,18.0,0.99392,612728
7,11.0,3.18,0.82,0.06,21.0,55.0,0.99495,376907
6,10.6,3.39,0.6,0.077,18.0,34.0,0.9948,824882
6,10.6,3.39,0.6,0.077,18.0,34.0,0.9948,980920
6,10.6,3.39,0.6,0.077,18.0,34.0,0.9948,446895
6,10.6,3.39,0.6,0.077,18.0,34.0,0.9948,421594
5,9.3,3.34,0.52,0.073,13.0,38.0,0.9955,158774
6,9.8,3.29,0.56,0.083,17.0,91.0,0.99616,950950
6,9.8,3.29,0.56,0.083,17.0,91.0,0.99616,327540
5,9.2,3.26,0.46,0.107,31.0,67.0,0.99668,961503
6,9.7,3.09,0.43,0.075,6.0,25.0,0.99581,193512
5,9.6,3.18,0.51,0.079,12.0,48.0,0.9976,528729
5,10.0,3.39,0.52,0.166,4.0,11.0,0.99608,749073
6,12.6,3.38,0.66,0.069,19.0,40.0,0.99387,122685
5,9.5,3.36,0.45,0.057,15.0,26.0,0.99448,840832
5,9.5,3.36,0.45,0.057,15.0,26.0,0.99448,427578
5,9.5,3.36,0.45,0.057,15.0,26.0,0.99448,641392
6,10.5,3.36,0.54,0.084,13.0,31.0,0.99538,921369
6,10.5,3.36,0.54,0.084,13.0,31.0,0.99538,737215
6,10.5,3.36,0.54,0.084,13.0,31.0,0.99538,980114
6,10.4,3.37,0.51,0.085,17.0,31.0,0.99589,904324
6,10.5,3.36,0.54,0.084,13.0,31.0,0.99538,981354
5,11.0,3.09,0.53,0.077,8.0,20.0,0.99852,518414
6,10.2,3.25,0.53,0.063,10.0,28.0,0.99613,569251
5,11.4,3.52,0.56,0.0559999999999999,5.0,13.0,0.99472,264555
5,9.5,3.34,0.39,0.078,7.0,12.0,0.99587,367485
5,9.5,3.34,0.39,0.078,7.0,12.0,0.99587,679940
5,10.8,3.41,0.52,0.081,21.0,41.0,0.99518,882247
5,10.0,3.34,0.57,0.069,32.0,73.0,0.99654,870589
6,11.8,3.32,0.51,0.065,8.0,46.0,0.99332,679263
5,10.3,3.37,0.46,0.086,14.0,57.0,0.9969,314805
5,10.3,3.37,0.46,0.086,14.0,57.0,0.9969,655717
5,10.0,3.35,0.52,0.077,7.0,28.0,0.99568,721600
5,10.1,3.36,0.44,0.086,5.0,32.0,0.99464,225250
5,10.1,3.36,0.44,0.084,4.0,28.0,0.99464,518067
6,11.1,3.6,0.59,0.078,27.0,67.0,0.99648,281485
5,9.5,3.28,0.5,0.168,52.0,98.0,0.99736,154901
6,10.0333333333333,3.07,0.65,0.091,6.0,28.0,0.99704,822757
5,10.9,3.24,0.56,0.1119999999999999,11.0,38.0,0.99699,966312
5,10.1,3.36,0.54,0.093,13.0,54.0,0.99724,507386
6,10.0333333333333,3.07,0.65,0.091,6.0,28.0,0.99704,593575
4,9.8,3.29,0.48,0.08,11.0,63.0,0.99652,487927
6,11.8,3.46,0.53,0.096,10.0,31.0,0.995,947658
5,9.5,3.18,0.62,0.115,10.0,42.0,0.9971,129162
5,9.8,3.24,0.5,0.094,10.0,45.0,0.99576,356629
6,10.5,3.25,1.18,0.088,9.0,105.0,0.99725,866457
6,9.8,3.27,0.5,0.079,16.0,74.0,0.99656,251371
4,10.4,3.33,0.37,0.069,4.0,8.0,0.99396,633263
5,9.2,3.0,1.17,0.415,12.0,66.0,0.99623,487609
6,11.6,3.21,1.03,0.153,5.0,14.0,0.99476,907431
5,9.2,3.0,1.17,0.415,12.0,66.0,0.99623,561556
5,9.3,3.24,0.45,0.11,34.0,89.0,0.99664,495179
3,9.8,3.32,0.51,0.267,16.0,29.0,0.99471,621402
5,9.9,3.26,0.52,0.083,13.0,100.0,0.99586,970528
5,10.0,3.11,0.46,0.086,7.0,31.0,0.9946,872116
6,12.2,3.71,0.62,0.09,23.0,74.0,0.9953,543016
6,9.9,3.29,0.51,0.078,10.0,28.0,0.99609,330317
6,10.8,3.36,0.62,0.077,11.0,35.0,0.99557,955018
6,10.8,3.36,0.62,0.077,11.0,35.0,0.99557,998302
5,9.6,3.38,0.45,0.074,4.0,25.0,0.99534,552576
5,9.9,3.3,0.49,0.08,25.0,105.0,0.99613,411220
5,9.9,3.3,0.49,0.08,25.0,105.0,0.99613,820838
5,9.5,3.19,0.5,0.107,20.0,84.0,0.99593,542978
5,9.2,3.19,0.42,0.076,34.0,85.0,0.99668,510547
5,9.6,3.3,0.58,0.1,8.0,23.0,0.9961,817556
5,9.6,3.3,0.58,0.1,8.0,23.0,0.9961,711760
5,10.3,3.35,0.68,0.083,7.0,49.0,0.99718,342347
5,9.7,3.1,0.53,0.08,36.0,111.0,0.99524,301552
6,12.5,3.58,0.59,0.068,15.0,33.0,0.99292,800457
5,11.0,3.37,0.58,0.094,5.0,33.0,0.99612,699453
5,9.8,3.17,0.48,0.07,5.0,12.0,0.9942,388475
5,10.2,3.3,0.48,0.078,19.0,59.0,0.99612,169473
5,9.2,3.32,0.48,0.07,27.0,73.0,0.99669,351535
6,9.55,3.31,0.65,0.092,3.0,12.0,0.99745,718739
5,9.55,3.31,0.65,0.09,4.0,11.0,0.99745,325675
5,9.9,3.28,0.52,0.08,17.0,104.0,0.99584,703115
7,10.2,3.52,0.62,0.083,13.0,28.0,0.9966,668103
6,11.1,3.42,0.72,0.068,10.0,24.0,0.9956,912236
5,9.9,3.25,0.51,0.08,33.0,141.0,0.9962,203912
5,9.9,3.25,0.51,0.08,33.0,141.0,0.9962,737499
6,11.9,3.44,0.82,0.052,6.0,24.0,0.9963,665676
8,10.0,3.23,1.1,0.061,3.0,13.0,0.996,175584
6,10.7,3.43,0.62,0.0819999999999999,12.0,46.0,0.9985,903024
7,11.3,3.28,0.9,0.062,18.0,34.0,0.9952,428133
6,10.9,3.22,0.94,0.062,8.0,22.0,0.9974,952297
6,10.7,3.54,0.93,0.064,40.0,54.0,0.995,395824
7,12.4,3.27,1.01,0.048,35.0,53.0,0.995,104441
6,10.7,3.54,0.93,0.064,40.0,54.0,0.995,744213
6,11.9,3.5,0.44,0.0819999999999999,5.0,16.0,0.9936,324050
6,10.6,3.56,0.73,0.071,8.0,19.0,0.9963,402800
6,10.9,3.22,0.94,0.062,8.0,22.0,0.9974,564404
5,10.1,3.04,0.9,0.104,12.0,89.0,0.9963,594421
5,9.6,3.2,0.78,0.077,3.0,15.0,0.9994,458583
5,9.4,3.56,0.84,0.065,8.0,18.0,0.9966,545321
5,9.6,3.2,0.78,0.077,3.0,15.0,0.9994,511426
7,12.1,3.35,0.77,0.064,21.0,37.0,0.9952,681754
5,9.8,3.16,0.46,0.077,3.0,19.0,0.995,916362
5,9.9,3.27,0.45,0.077,32.0,133.0,0.9956,308093
5,9.8,3.16,0.46,0.077,3.0,19.0,0.995,162675
5,9.4,3.34,0.58,0.079,24.0,58.0,0.9965,134697
6,11.4,3.39,0.84,0.079,39.0,55.0,0.9956,224845
4,11.0,3.5,0.67,0.123,14.0,31.0,0.9968,968017
6,9.6,3.26,0.7,0.076,8.0,23.0,0.9974,433513
6,9.6,3.26,0.7,0.076,8.0,23.0,0.9974,930048
6,12.1,3.41,0.71,0.046,23.0,60.0,0.9971,433662
5,11.2,3.3,0.58,0.078,6.0,23.0,0.9957,344192
5,11.0,3.31,0.63,0.072,27.0,55.0,0.9962,145547
5,11.3,3.33,0.93,0.049,38.0,67.0,0.996,478700
5,10.4,3.37,0.62,0.066,18.0,47.0,0.9956,252215
6,9.9,3.26,0.54,0.069,13.0,74.0,0.9958,370037
6,11.7,3.48,0.85,0.042,3.0,11.0,0.9944,295794
7,10.1,3.42,0.74,0.069,11.0,25.0,0.9955,893366
6,9.0,3.18,0.77,0.214,55.0,95.0,1.00369,948228
6,9.0,3.18,0.77,0.214,55.0,95.0,1.00369,581299
5,8.5,3.15,0.65,0.1689999999999999,27.0,90.0,0.99914,787151
5,11.1,3.53,0.54,0.07,15.0,39.0,0.99577,675206
5,10.3,3.41,0.47,0.052,3.0,8.0,0.996,545983
6,11.066666666666698,3.32,0.68,0.072,31.0,92.0,0.99566,814196
7,11.3,3.23,0.73,0.062,15.0,28.0,0.9947,729919
6,9.56666666666667,3.16,0.52,0.094,19.0,98.0,0.99713,711132
5,9.8,3.4,0.75,0.078,18.0,30.0,0.99712,529016
5,11.7,3.38,0.49,0.0579999999999999,8.0,22.0,0.99322,739479
6,11.1,3.32,0.68,0.072,31.0,92.0,0.99566,194626
6,9.6,3.16,0.52,0.094,19.0,98.0,0.99713,442983
5,9.8,3.4,0.75,0.078,18.0,30.0,0.99712,108382
5,9.7,3.4,0.74,0.08,22.0,39.0,0.99701,853684
5,9.7,3.4,0.73,0.08,40.0,54.0,0.99683,708771
8,11.3,3.23,0.76,0.0559999999999999,15.0,29.0,0.99472,281246
7,11.3,3.23,0.73,0.062,15.0,28.0,0.9947,819096
7,11.0,3.33,0.78,0.104,8.0,17.0,0.99732,424173
7,11.6,3.35,0.76,0.062,37.0,53.0,0.99374,238058
5,9.0,3.41,0.58,0.074,27.0,85.0,0.99706,776102
6,10.9,3.21,0.69,0.073,7.0,23.0,0.99974,539184
6,10.9,3.5,0.63,0.052,9.0,17.0,0.99467,202872
6,10.55,3.3,0.5,0.05,38.0,89.0,0.99236,623235
5,9.0,3.41,0.58,0.074,27.0,85.0,0.99706,776478
5,10.5,3.39,0.6,0.067,8.0,20.0,0.99603,319999
7,11.9,3.32,0.8,0.054,7.0,15.0,0.99458,602285
6,10.4,3.41,0.68,0.054,34.0,64.0,0.99724,606810
4,10.0,3.59,0.61,0.06,6.0,13.0,0.99664,602149
6,10.4,3.36,0.58,0.075,14.0,31.0,0.99545,183019
6,10.8,3.34,0.53,0.076,14.0,39.0,0.99522,134036
5,9.7,3.41,0.67,0.063,34.0,53.0,0.9958,977980
5,9.7,3.41,0.67,0.063,34.0,53.0,0.9958,398635
7,10.0,3.3,0.65,0.062,31.0,54.0,0.99728,984333
4,11.0,3.52,0.57,0.067,19.0,32.0,0.99648,710506
7,10.0,3.3,0.65,0.062,31.0,54.0,0.99728,926435
3,9.7,3.31,0.55,0.061,20.0,49.0,0.99705,872192
5,9.7,2.88,0.47,0.084,8.0,24.0,0.99578,588080
5,12.6,3.43,0.52,0.067,8.0,16.0,0.99334,746367
6,11.1,3.38,0.79,0.073,23.0,44.0,0.99656,411173
5,11.0,3.38,0.54,0.071,14.0,45.0,0.99336,782867
5,8.8,3.16,0.75,0.205,48.0,82.0,1.00242,403736
7,13.566666666666698,3.54,0.88,0.048,16.0,89.0,0.99182,822696
5,8.8,3.16,0.75,0.205,48.0,82.0,1.00242,173839
7,13.6,3.54,0.88,0.048,16.0,89.0,0.99182,908270
3,10.2,3.4,0.52,0.0819999999999999,3.0,14.0,0.99808,662296
5,10.6,3.39,0.68,0.104,10.0,22.0,0.99828,465031
4,10.1,3.66,0.62,0.08,6.0,13.0,0.99498,857916
5,10.6,3.39,0.68,0.104,10.0,22.0,0.99828,152371
4,10.3,3.33,0.57,0.114,3.0,9.0,0.99719,734520
5,10.7,3.35,0.61,0.042,6.0,12.0,0.99542,191742
4,10.9,3.53,0.64,0.06,4.0,11.0,0.99592,675770
5,9.7,3.37,0.55,0.074,8.0,25.0,0.99606,497160
5,10.3,3.38,0.6,0.07,9.0,23.0,0.99546,289034
5,10.6,3.52,0.78,0.066,9.0,17.0,0.99496,570659
5,11.4,3.72,0.58,0.049,5.0,13.0,0.9942,252838
6,10.8,3.44,0.76,0.048,4.0,11.0,0.99448,910790
6,12.4,3.39,0.56,0.039,8.0,18.0,0.99344,351310
5,11.4,3.72,0.58,0.049,5.0,13.0,0.9942,259761
5,11.95,3.57,0.54,0.05,6.0,18.0,0.99348,414088
5,9.7,3.26,0.59,0.089,23.0,147.0,0.99636,691921
7,10.0,3.42,0.7,0.066,15.0,28.0,0.99459,346602
6,10.6,3.35,0.81,0.08,15.0,28.0,0.99492,489945
5,9.7,3.26,0.59,0.089,23.0,147.0,0.99636,539120
6,11.5,3.45,0.63,0.054,7.0,16.0,0.99508,741804
6,10.8,3.53,0.58,0.068,7.0,13.0,0.99582,490607
6,11.5,3.45,0.63,0.054,7.0,16.0,0.99508,215969
5,9.6,3.26,0.53,0.076,8.0,15.0,0.99508,156178
5,9.4,3.16,0.53,0.083,21.0,64.0,0.99642,550045
5,9.8,3.31,0.54,0.078,15.0,60.0,0.99638,335127
6,11.0,3.51,0.69,0.077,6.0,14.0,0.99555,653636
6,11.4,3.36,0.55,0.106,5.0,12.0,0.99605,261557
3,9.95,3.55,0.63,0.078,6.0,12.0,0.996,263481
6,10.8,3.51,0.66,0.07,6.0,14.0,0.99562,464833
6,11.4,3.36,0.55,0.106,5.0,12.0,0.99605,767442
6,10.6,3.38,0.72,0.074,17.0,25.0,0.99814,614422
5,11.1,3.28,0.7,0.062,7.0,20.0,0.9941,392747
6,9.7,3.47,0.77,0.047,26.0,48.0,0.99661,375145
5,9.8,3.44,0.67,0.068,19.0,27.0,0.99712,718859
6,10.4,3.53,0.65,0.061,11.0,17.0,0.99588,133637
6,10.5,3.33,0.6,0.078,17.0,65.0,0.99294,773317
6,9.23333333333333,3.53,0.72,0.074,16.0,65.0,0.99842,390335
6,9.25,3.53,0.72,0.074,16.0,65.0,0.99842,645084
5,10.6,3.42,0.97,0.071,23.0,58.0,0.99633,179152
6,10.3,3.38,0.83,0.063,29.0,44.0,0.99489,286606
5,10.5,3.32,0.63,0.114,7.0,20.0,0.99647,801198
5,10.2,3.44,0.58,0.106,14.0,27.0,0.99665,564190
6,10.3,3.38,0.83,0.063,29.0,44.0,0.99489,466891
4,9.05,3.39,0.43,0.0819999999999999,9.0,23.0,0.99585,718257
5,10.6,3.42,0.97,0.071,23.0,58.0,0.99633,954706
5,10.4,3.34,0.6,0.076,29.0,61.0,0.9953,698638
6,10.0,3.39,0.78,0.075,22.0,47.0,0.99522,833795
5,9.7,3.33,0.64,0.064,18.0,34.0,0.99552,747449
6,9.6,3.3,0.65,0.064,18.0,38.0,0.99553,717706
6,10.8,3.29,0.66,0.071,15.0,24.0,0.9951,634660
6,10.1,3.31,0.67,0.096,21.0,59.0,0.99714,335274
6,10.2,3.42,0.6,0.063,42.0,52.0,0.99608,730777
6,11.3,3.42,0.69,0.063,9.0,18.0,0.99444,719451
5,10.2,3.6,0.66,0.081,13.0,28.0,0.99631,747211
6,9.9,3.21,0.68,0.0579999999999999,18.0,22.0,0.99573,525742
5,9.0,3.39,0.61,0.074,32.0,84.0,0.99717,789147
7,11.7,3.42,0.62,0.064,13.0,29.0,0.99397,418050
6,9.7,3.36,0.59,0.075,15.0,35.0,0.9959,708924
6,10.3,3.6,0.68,0.077,24.0,45.0,0.99528,404261
6,10.2,3.5,0.64,0.059,20.0,31.0,0.99484,769286
5,12.0,3.57,0.63,0.081,15.0,26.0,0.99538,692049
5,9.9,3.46,0.78,0.065,34.0,60.0,0.99714,464907
6,11.6,3.56,0.63,0.071,11.0,32.0,0.99646,595435
7,10.9,3.4,0.76,0.054,19.0,49.0,0.99666,313256
6,10.75,3.3,0.56,0.064,29.0,38.0,0.99472,421363
6,10.4,3.25,0.57,0.064,14.0,19.0,0.99758,484188
7,11.2,3.17,0.81,0.063,12.0,19.0,0.9955,637734
6,10.1,3.36,0.64,0.059,16.0,28.0,0.99531,611051
5,10.2,3.36,0.61,0.072,17.0,26.0,0.99575,181322
5,12.1,3.55,0.51,0.048,12.0,26.0,0.99306,653493
5,10.4,3.1,0.58,0.099,19.0,50.0,0.99783,231321
8,11.4,3.24,0.7,0.074,17.0,24.0,0.99419,152364
5,9.5,3.45,0.53,0.087,17.0,26.0,0.99783,852628
5,9.4,3.44,0.54,0.083,18.0,27.0,0.99768,794005
6,11.3,3.51,0.66,0.103,32.0,54.0,0.99586,505252
5,9.4,3.41,0.6,0.08,18.0,28.0,0.99765,260845
6,11.0,3.54,0.6,0.062,15.0,23.0,0.99627,148919
7,10.55,3.44,0.68,0.065,15.0,24.0,0.99514,330054
5,9.9,3.53,0.56,0.066,12.0,20.0,0.99636,739468
6,11.0,3.54,0.6,0.062,15.0,23.0,0.99627,848076
5,9.5,3.22,0.56,0.235,66.0,115.0,0.99787,550950
5,9.9,3.21,0.52,0.08,31.0,131.0,0.99622,548051
5,9.9,3.21,0.52,0.08,31.0,131.0,0.99622,751490
5,9.9,3.21,0.52,0.08,31.0,131.0,0.99622,460964
5,10.1,3.29,0.54,0.076,12.0,20.0,0.99546,647453
5,10.1,3.29,0.54,0.076,12.0,20.0,0.99546,910347
5,10.1,3.29,0.54,0.076,12.0,20.0,0.99546,786638
6,10.9,3.39,0.82,0.061,26.0,42.0,0.99489,847403
6,11.2,3.34,0.71,0.059,24.0,52.0,0.99494,910998
5,10.1,3.29,0.54,0.076,12.0,20.0,0.99546,561754
5,9.2,3.34,0.59,0.077,25.0,42.0,0.99629,927495
6,11.5,3.48,0.57,0.0559999999999999,15.0,34.0,0.99396,498050
6,12.4,3.37,0.93,0.23,19.0,35.0,0.9934,465848
6,11.1,3.44,0.65,0.038,15.0,25.0,0.99514,503320
5,9.5,3.33,0.51,0.069,35.0,104.0,0.99632,282589
6,12.5,3.58,0.67,0.075,15.0,50.0,0.99467,448701
6,10.5,3.39,0.48,0.074,23.0,92.0,0.99677,349594
6,11.8,3.26,0.64,0.06,12.0,20.0,0.99474,754585
6,10.8,3.3,0.78,0.081,16.0,29.0,0.99588,405318
6,11.9,3.54,0.6,0.076,13.0,27.0,0.99622,171563
6,11.3,3.42,0.67,0.118,13.0,20.0,0.9954,492953
5,11.3,3.54,0.6,0.053,24.0,32.0,0.99402,262524
6,11.9,3.36,0.6,0.068,9.0,26.0,0.9947,445368
5,11.3,3.54,0.6,0.053,24.0,32.0,0.99402,990031
5,11.9,3.57,0.5,0.053,13.0,27.0,0.99362,179536
5,9.8,3.33,0.62,0.074,32.0,98.0,0.99578,981603
7,11.6,3.29,0.8,0.061,24.0,34.0,0.99484,958123
6,11.5,3.3,0.84,0.066,22.0,48.0,0.99494,453877
6,11.4,3.34,0.85,0.065,34.0,60.0,0.99492,325463
6,10.9,3.55,0.66,0.066,18.0,28.0,0.99483,633464
6,12.8,3.27,0.78,0.068,34.0,102.0,0.99414,617908
5,9.2,3.29,0.54,0.073,29.0,79.0,0.9977,238266
6,11.6,3.32,0.82,0.077,26.0,35.0,0.99314,920080
6,11.6,3.67,0.56,0.089,16.0,26.0,0.99402,395870
6,11.0,3.42,0.75,0.076,29.0,40.0,0.99574,951352
6,9.5,3.42,0.82,0.068,28.0,38.0,0.99651,720042
5,10.5,3.45,0.58,0.09,32.0,44.0,0.9949,852181
6,11.2,3.52,0.76,0.062,39.0,51.0,0.99512,691605
6,11.0,3.42,0.75,0.076,29.0,40.0,0.99574,457541
5,10.2,3.57,0.71,0.075,32.0,44.0,0.99547,961429
6,11.0,3.39,0.66,0.067,18.0,42.0,0.99549,177466
