target_quality,alcohol_content,pH,chlorides,sulphates,density,free sulfur dioxide,total sulfur dioxide,wine_id
5,9.4,3.51,0.076,0.56,0.9978,11.0,34.0,509004
5,9.8,3.2,0.098,0.68,0.9968,25.0,67.0,758057
5,9.8,3.26,0.092,0.65,0.997,15.0,54.0,639480
6,9.8,3.16,0.075,0.58,0.998,17.0,60.0,903785
5,9.4,3.51,0.076,0.56,0.9978,11.0,34.0,565548
5,9.4,3.51,0.075,0.56,0.9978,13.0,40.0,441848
5,9.4,3.3,0.069,0.46,0.9964,15.0,59.0,368026
7,10.0,3.39,0.065,0.47,0.9946,15.0,21.0,606821
7,9.5,3.36,0.073,0.57,0.9968,9.0,18.0,544430
5,10.5,3.35,0.071,0.8,0.9978,17.0,102.0,968989
5,9.2,3.28,0.0969999999999999,0.54,0.9959,15.0,65.0,779885
5,10.5,3.35,0.071,0.8,0.9978,17.0,102.0,682954
5,9.9,3.58,0.089,0.52,0.9943,16.0,59.0,828526
5,9.1,3.26,0.114,1.56,0.9974,9.0,29.0,139113
5,9.2,3.16,0.176,0.88,0.9986,52.0,145.0,959862
5,9.2,3.17,0.17,0.93,0.9986,51.0,148.0,223040
7,10.5,3.3,0.092,0.75,0.9969,35.0,103.0,102220
5,9.3,3.11,0.368,1.28,0.9968,16.0,56.0,410284
4,9.0,3.38,0.086,0.5,0.9974,6.0,29.0,167580
6,9.2,3.04,0.341,1.08,0.9969,17.0,56.0,193723
6,9.4,3.39,0.077,0.53,0.9968,29.0,60.0,157120
5,9.7,3.52,0.0819999999999999,0.65,0.9982,23.0,71.0,441212
5,9.5,3.17,0.106,0.91,0.9966,10.0,37.0,694109
5,9.4,3.17,0.084,0.53,0.9968,9.0,67.0,970912
6,9.7,3.43,0.085,0.63,0.9968,21.0,40.0,517049
5,9.3,3.34,0.08,0.56,0.9955,11.0,23.0,501842
5,9.5,3.28,0.08,0.59,0.9962,4.0,11.0,638491
5,9.5,3.17,0.106,0.91,0.9966,10.0,37.0,473368
5,9.4,3.47,0.08,0.55,0.9972,14.0,35.0,125991
6,9.8,3.38,0.0819999999999999,0.59,0.9964,8.0,16.0,539960
5,10.1,3.35,0.089,0.54,0.9958,17.0,82.0,895093
6,10.6,3.46,0.105,0.57,0.9966,22.0,37.0,321828
5,9.8,3.17,0.083,0.66,0.9966,15.0,113.0,119895
6,9.4,3.45,0.073,0.52,0.9993,40.0,83.0,336627
5,9.2,3.38,0.103,0.55,0.9957,13.0,50.0,749605
6,9.6,3.4,0.086,0.55,0.9986,5.0,18.0,832479
6,10.8,3.42,0.086,0.6,0.9975,3.0,15.0,135660
7,9.7,3.23,0.066,0.73,0.9968,13.0,30.0,646753
4,9.8,3.5,0.172,0.48,0.994,7.0,19.0,929491
5,10.5,3.33,0.074,0.83,0.9978,12.0,87.0,873905
5,10.5,3.33,0.074,0.83,0.9978,12.0,87.0,712462
4,9.3,3.26,0.088,0.51,0.9976,17.0,46.0,494631
6,10.5,3.21,0.332,0.9,0.9968,8.0,14.0,527274
5,10.3,3.3,0.069,1.2,0.9968,9.0,23.0,997903
5,9.5,3.48,0.05,0.52,0.9962,5.0,11.0,793715
4,13.1,3.9,0.054,0.56,0.9934,8.0,65.0,181964
5,9.2,3.25,0.114,0.73,0.997,22.0,114.0,142233
5,9.5,3.25,0.113,0.58,0.9969,12.0,37.0,833745
5,9.2,3.34,0.066,0.56,0.9958,5.0,12.0,377493
5,9.2,3.32,0.074,0.58,0.9954,12.0,96.0,193969
5,9.2,3.15,0.074,0.74,0.9971,4.0,23.0,468077
6,9.4,3.4,0.069,0.63,0.9956,8.0,15.0,171538
6,9.4,3.39,0.068,0.64,0.9955,6.0,14.0,255086
5,9.4,3.2,0.081,0.56,0.997,30.0,119.0,951036
6,10.2,3.17,0.11,0.63,0.9955,33.0,73.0,518133
5,9.5,3.34,0.084,0.53,0.9978,25.0,45.0,335880
5,9.6,3.04,0.07,0.63,0.9971,4.0,10.0,164203
5,9.4,3.26,0.111,0.77,0.9983,50.0,110.0,214761
5,10.0,3.43,0.076,0.59,0.9975,17.0,54.0,424454
6,9.4,3.41,0.074,0.54,0.9962,9.0,46.0,262655
5,9.2,3.44,0.079,0.64,0.998,19.0,52.0,229967
5,9.3,3.21,0.115,0.71,0.9968,20.0,112.0,298307
7,9.5,3.38,0.085,0.62,0.9968,12.0,35.0,945928
5,9.8,3.39,0.081,0.57,0.9966,13.0,54.0,735841
5,10.9,3.41,0.086,0.39,0.9962,4.0,11.0,240891
5,10.9,3.41,0.086,0.39,0.9962,4.0,11.0,718251
5,9.6,3.42,0.079,0.58,0.9968,11.0,39.0,137708
5,10.7,3.44,0.076,0.58,0.9962,6.0,15.0,759026
5,10.7,3.28,0.074,0.79,0.9969,27.0,65.0,150323
6,10.5,3.34,0.074,0.95,0.9962,8.0,19.0,257694
6,9.5,3.32,0.076,0.54,0.9967,15.0,27.0,888445
5,9.5,3.32,0.088,0.48,0.9962,17.0,96.0,391667
5,9.5,3.31,0.084,0.48,0.9961,18.0,94.0,140485
4,9.2,3.31,0.084,0.53,0.9976,11.0,43.0,773745
5,9.6,3.28,0.094,0.82,0.9984,28.0,83.0,216710
5,10.5,3.54,0.093,0.66,0.9986,9.0,42.0,322638
5,10.5,3.54,0.093,0.66,0.9986,9.0,42.0,410032
6,10.7,3.52,0.104,0.55,0.9966,14.0,30.0,993132
5,10.1,3.38,0.086,0.52,0.9958,12.0,80.0,424635
4,9.1,3.16,0.08,1.12,0.9972,27.0,119.0,280843
5,9.2,3.41,0.069,0.56,0.9958,3.0,15.0,867854
5,9.4,3.13,0.4639999999999999,1.28,0.9974,22.0,67.0,571611
5,9.1,3.36,0.086,0.57,0.997,21.0,73.0,699050
5,9.4,3.16,0.401,1.14,0.9969,16.0,51.0,594710
6,10.3,3.44,0.069,0.78,0.9959,18.0,61.0,418254
5,10.1,3.41,0.076,0.59,0.9961,19.0,40.0,250947
6,9.9,2.93,0.11,1.95,0.9972,20.0,136.0,502594
5,9.6,3.39,0.062,0.64,0.9966,9.0,31.0,544970
5,9.5,3.14,0.107,1.22,0.9978,34.0,125.0,173997
5,9.0,3.48,0.076,0.53,0.9978,8.0,24.0,764837
5,9.5,3.23,0.079,0.54,0.9964,42.0,140.0,654148
6,9.9,2.93,0.11,1.95,0.9972,20.0,136.0,833717
5,9.8,2.93,0.11,1.98,0.9972,19.0,133.0,775787
5,9.6,3.39,0.062,0.64,0.9966,9.0,31.0,863588
4,10.5,3.75,0.045,0.48,0.9938,41.0,85.0,463824
6,12.9,3.85,0.0579999999999999,0.6,0.9932,17.0,106.0,219439
5,10.7,3.45,0.102,0.56,0.9965,8.0,23.0,532112
5,9.2,3.25,0.07,0.63,0.9963,3.0,22.0,166023
5,9.8,3.39,0.079,0.56,0.9967,5.0,10.0,948976
6,9.0,3.3,0.08,0.59,0.9972,13.0,35.0,836216
6,10.2,3.4,0.084,0.61,0.9972,11.0,50.0,587235
6,10.4,3.31,0.075,0.56,0.9959,8.0,22.0,292454
6,9.0,3.3,0.08,0.59,0.9972,13.0,35.0,211719
5,9.2,3.29,0.077,0.51,0.9967,12.0,65.0,696584
5,9.4,3.33,0.07,0.48,0.996,5.0,36.0,456917
5,9.2,3.29,0.077,0.51,0.9967,12.0,65.0,797001
5,9.3,3.08,0.467,1.31,0.9973,18.0,69.0,678461
5,9.3,3.46,0.088,0.79,0.9969,15.0,64.0,429856
6,9.6,3.37,0.091,0.8,0.9976,18.0,80.0,785143
5,9.3,3.21,0.122,0.69,0.9969,37.0,153.0,655813
5,9.5,3.19,0.104,0.93,0.9964,12.0,47.0,999399
5,9.8,3.15,0.084,0.66,0.9964,11.0,108.0,703009
5,9.8,3.15,0.085,0.66,0.9964,14.0,111.0,600910
6,9.7,3.32,0.08,0.67,0.9988,22.0,46.0,849677
5,9.5,3.19,0.104,0.93,0.9964,12.0,47.0,693639
6,10.5,3.07,0.09,0.63,0.9966,13.0,62.0,679859
6,10.0,3.39,0.077,0.61,0.9978,11.0,40.0,257006
6,9.4,3.37,0.0819999999999999,0.5,0.997,7.0,28.0,856617
6,10.9,3.21,0.119,0.6,0.9962,14.0,56.0,588889
6,9.2,3.34,0.0969999999999999,0.54,0.9959,22.0,89.0,970152
5,9.0,3.3,0.178,0.57,0.9962,10.0,89.0,547907
6,10.9,3.21,0.119,0.6,0.9962,14.0,56.0,373742
5,9.2,3.49,0.075,0.52,0.998,3.0,13.0,712528
5,9.5,3.44,0.08,0.53,0.9976,11.0,34.0,230669
5,9.5,3.39,0.0819999999999999,0.48,0.996,21.0,102.0,695889
5,9.4,3.16,0.146,0.7,0.9984,27.0,90.0,544369
5,10.9,3.53,0.081,0.49,0.9964,3.0,12.0,394599
5,10.9,3.54,0.0819999999999999,0.48,0.9964,3.0,12.0,333445
7,10.5,3.42,0.065,0.92,0.9962,3.0,16.0,442306
5,9.4,3.42,0.072,0.57,0.9955,6.0,19.0,635837
5,9.4,3.24,0.118,0.66,0.9968,30.0,134.0,581789
5,13.0,3.63,0.049,0.63,0.9937,17.0,99.0,244162
5,13.0,3.63,0.049,0.63,0.9937,17.0,99.0,320153
6,9.8,3.4,0.06,0.58,0.9952,17.0,26.0,170873
6,9.9,3.22,0.084,0.55,0.9959,13.0,29.0,498912
5,9.6,3.19,0.09,0.82,0.9965,16.0,63.0,631244
5,9.5,3.23,0.089,0.77,0.9968,10.0,52.0,709170
5,9.2,3.48,0.081,0.64,0.9972,13.0,45.0,601518
5,9.5,3.33,0.081,0.54,0.9962,15.0,105.0,326970
5,9.5,3.32,0.081,0.54,0.9962,17.0,108.0,876773
5,9.6,3.19,0.09,0.82,0.9965,16.0,63.0,709493
5,9.5,3.23,0.089,0.77,0.9968,10.0,52.0,653380
6,14.0,3.68,0.05,0.79,0.9916,27.0,63.0,117301
5,9.4,3.34,0.066,0.58,0.9954,3.0,20.0,996844
6,14.0,3.68,0.05,0.79,0.9916,27.0,63.0,910352
5,9.4,3.17,0.1169999999999999,0.62,0.9968,32.0,141.0,881027
5,10.0,3.54,0.087,0.52,0.9944,21.0,94.0,750742
5,9.3,3.11,0.236,0.8,0.9968,10.0,88.0,944793
6,10.2,3.42,0.074,0.58,0.9959,12.0,30.0,205301
6,10.5,3.53,0.089,0.61,0.9975,11.0,43.0,970085
6,10.3,3.33,0.077,0.53,0.9958,5.0,11.0,887798
4,9.4,2.74,0.61,2.0,0.9996,32.0,69.0,233995
5,10.1,3.35,0.095,0.54,0.995,25.0,99.0,668264
5,10.1,3.35,0.095,0.54,0.995,25.0,99.0,435600
5,10.5,3.42,0.07,0.72,0.9973,29.0,129.0,819062
5,10.5,3.42,0.071,0.71,0.9973,28.0,128.0,794401
5,10.5,3.42,0.07,0.72,0.9973,29.0,129.0,252197
5,10.5,3.42,0.071,0.71,0.9973,28.0,128.0,979119
5,9.3,3.48,0.073,0.5,0.9969,12.0,22.0,419971
6,9.3,3.59,0.079,0.57,0.9968,18.0,86.0,361262
5,9.6,3.2,0.09,0.56,0.9959,7.0,20.0,613295
4,9.2,3.17,0.072,1.08,0.9965,9.0,20.0,739460
6,10.0,3.33,0.076,0.56,0.9964,17.0,31.0,383518
5,9.4,3.37,0.07,0.49,0.9982,36.0,121.0,949872
5,9.4,3.37,0.07,0.49,0.9981,35.0,121.0,731989
5,9.5,3.19,0.1,0.62,0.9961,14.0,96.0,587945
5,10.2,3.34,0.085,0.52,0.9956,18.0,101.0,600849
4,9.0,3.37,0.072,0.48,0.9956,17.0,42.0,265188
6,10.4,3.47,0.089,0.55,0.9953,11.0,44.0,280638
5,9.5,3.0,0.36,1.59,0.9964,15.0,63.0,210971
4,9.1,3.36,0.0579999999999999,0.33,0.9972,4.0,8.0,465582
6,9.2,3.29,0.073,0.61,0.9972,6.0,18.0,450029
6,9.2,3.29,0.073,0.61,0.9972,6.0,18.0,808776
6,11.5,3.42,0.068,0.57,0.9961,24.0,42.0,837495
5,9.5,3.33,0.08,0.47,0.9961,7.0,35.0,783960
5,9.5,3.35,0.085,0.78,0.9958,19.0,49.0,604238
5,9.5,3.33,0.08,0.47,0.9961,7.0,35.0,138087
6,10.5,3.58,0.087,0.61,0.9972,8.0,38.0,170765
5,9.6,3.48,0.068,0.56,0.9969,7.0,20.0,476294
5,9.5,3.19,0.067,0.59,0.9969,10.0,42.0,251290
5,9.5,3.19,0.067,0.59,0.9969,10.0,42.0,340902
5,9.3,3.12,0.27,1.02,0.9972,23.0,110.0,126046
5,9.3,3.44,0.076,0.52,0.9972,16.0,42.0,227872
5,9.3,3.54,0.077,0.58,0.9971,11.0,65.0,161163
6,9.3,3.52,0.079,0.58,0.997,8.0,62.0,488568
5,9.7,3.26,0.111,0.53,0.9971,26.0,85.0,254049
5,9.2,3.34,0.0819999999999999,0.55,0.9972,14.0,67.0,567917
5,9.7,3.39,0.084,0.49,0.9976,9.0,26.0,802096
5,9.5,3.2,0.084,0.55,0.9968,15.0,143.0,452909
5,9.5,3.2,0.0819999999999999,0.55,0.9968,17.0,144.0,466293
5,9.4,3.23,0.077,0.62,0.9976,21.0,127.0,566558
6,9.8,3.57,0.074,0.62,0.9974,21.0,49.0,117335
5,9.5,3.28,0.099,0.61,0.9969,16.0,126.0,411419
5,9.7,3.28,0.071,0.55,0.9964,7.0,28.0,424793
5,9.7,3.28,0.071,0.55,0.9964,7.0,28.0,190075
5,9.4,3.25,0.074,0.54,0.9968,24.0,120.0,225645
5,10.2,3.46,0.074,0.59,0.9968,15.0,55.0,938275
6,10.1,3.11,0.067,0.97,0.9981,12.0,27.0,762709
7,13.0,3.57,0.046,0.85,0.9924,13.0,93.0,810820
4,11.4,3.51,0.061,0.43,0.9948,12.0,31.0,620709
7,10.3,3.22,0.0559999999999999,0.82,0.99695,9.0,24.0,706668
5,9.3,3.04,0.0969999999999999,1.03,0.9975,39.0,145.0,688723
5,9.5,3.36,0.075,0.79,0.99545,16.0,49.0,520161
5,9.2,3.34,0.088,0.55,0.9961,16.0,39.0,955790
6,9.2,3.34,0.089,0.56,0.99615,14.0,37.0,302897
7,10.8,3.2,0.095,0.77,0.9994,9.0,28.0,544284
7,10.8,3.2,0.095,0.77,0.9994,9.0,28.0,800877
5,9.3,3.29,0.069,0.53,0.99625,26.0,120.0,197609
5,9.4,3.22,0.1,0.67,0.9966,18.0,95.0,930812
7,10.5,3.31,0.054,0.88,0.998,7.0,19.0,873644
6,12.4,3.3,0.039,0.86,0.99585,5.0,19.0,395794
6,10.0,3.35,0.083,0.56,0.99685,10.0,62.0,619588
6,10.2,3.21,0.059,0.67,0.998,5.0,15.0,852961
5,10.1,3.3,0.06,0.43,0.9959,28.0,65.0,440605
6,9.8,3.24,0.092,0.71,0.9974,10.0,41.0,993410
5,10.5,3.34,0.06,0.76,0.9974,26.0,121.0,789909
5,11.0,3.14,0.1009999999999999,0.57,0.9962,13.0,49.0,313750
5,9.1,3.36,0.072,0.55,0.9967,11.0,41.0,698808
5,9.7,3.39,0.076,0.54,0.9957,10.0,44.0,906765
5,9.5,3.3,0.08,0.6,0.99655,24.0,144.0,492886
6,9.4,3.34,0.0819999999999999,0.59,0.9964,24.0,58.0,856094
5,9.4,3.15,0.1009999999999999,0.57,0.9957,16.0,72.0,881803
5,9.5,3.42,0.057,0.6,0.99525,5.0,10.0,735965
6,10.0,3.28,0.083,0.6,0.99815,8.0,28.0,103680
4,10.4,3.31,0.089,0.57,0.99745,15.0,55.0,281088
6,10.5,3.37,0.073,0.58,0.99615,29.0,63.0,735706
6,9.5,3.04,0.337,1.61,0.9964,27.0,81.0,972777
5,9.8,3.39,0.089,0.63,0.9984,9.0,23.0,168042
6,10.5,3.37,0.073,0.58,0.99615,29.0,63.0,326344
5,11.0,3.46,0.081,0.5,0.99685,10.0,37.0,222809
7,12.2,3.54,0.054,0.62,0.9927,19.0,106.0,117966
6,9.9,3.37,0.078,0.52,0.99625,12.0,49.0,854515
6,9.6,3.34,0.09,0.7,0.998,18.0,58.0,716053
5,11.0,3.46,0.081,0.5,0.99685,10.0,37.0,877434
6,9.0,3.32,0.065,0.55,0.99685,7.0,37.0,446521
6,9.0,3.37,0.0969999999999999,0.58,0.99675,14.0,38.0,303110
6,9.0,3.37,0.0969999999999999,0.58,0.99675,14.0,38.0,471151
6,9.2,3.37,0.0969999999999999,0.58,0.99675,15.0,39.0,190992
6,9.0,3.37,0.0969999999999999,0.58,0.99675,14.0,38.0,317511
6,9.0,3.32,0.065,0.55,0.99685,7.0,37.0,128089
5,9.3,3.0,0.263,1.09,0.9971,5.0,62.0,738841
6,10.9,3.14,0.093,0.71,0.99925,6.0,24.0,935350
6,9.8,3.08,0.102,0.49,0.99565,28.0,109.0,723524
7,9.2,3.07,0.075,0.84,1.00005,10.0,24.0,799714
7,9.2,3.07,0.075,0.84,1.00005,10.0,24.0,324446
6,9.9,3.61,0.084,0.96,0.9983,6.0,23.0,667916
5,9.5,3.38,0.075,0.52,0.99685,16.0,51.0,350443
5,9.3,3.2,0.072,0.45,0.9963,11.0,73.0,782105
6,9.8,3.35,0.074,0.48,0.99615,9.0,39.0,395028
6,9.9,3.61,0.084,0.96,0.9983,6.0,23.0,328984
6,10.0,3.22,0.063,0.78,0.9985,16.0,37.0,225056
6,9.9,3.47,0.074,0.7,0.9972,16.0,34.0,217180
5,10.5,3.17,0.09,0.53,0.9986,5.0,21.0,878750
5,9.5,3.23,0.092,0.59,0.9959,8.0,86.0,804567
6,9.9,3.47,0.074,0.7,0.9972,16.0,34.0,212772
5,9.3,3.26,0.073,0.57,0.99675,17.0,119.0,992348
5,9.2,3.22,0.075,0.62,0.998,5.0,13.0,884039
5,9.2,3.49,0.075,0.67,0.9968,12.0,56.0,506242
5,9.4,3.06,0.611,1.26,0.9968,8.0,45.0,880547
7,10.5,3.36,0.085,0.8,0.99965,14.0,33.0,624761
5,9.3,3.29,0.077,0.65,0.99625,18.0,45.0,922117
4,9.4,3.35,0.087,0.6,0.99565,12.0,67.0,294292
5,10.0,3.34,0.07,0.57,0.99575,10.0,35.0,945896
5,9.3,3.28,0.077,0.67,0.9963,23.0,49.0,543158
5,10.9,3.08,0.064,0.87,0.9999,5.0,27.0,382806
7,10.2,3.2,0.071,0.72,0.9968,6.0,10.0,660270
4,9.8,3.6,0.096,0.72,1.00025,26.0,61.0,823293
8,12.8,3.35,0.078,0.86,0.9973,15.0,37.0,469110
6,9.4,3.69,0.077,0.91,0.9987,7.0,27.0,723919
6,10.1,3.28,0.104,0.97,0.9996,4.0,23.0,944039
6,10.7,3.36,0.087,0.67,0.9965,27.0,61.0,369695
6,10.1,3.28,0.104,0.97,0.9996,4.0,23.0,399824
5,10.1,3.22,0.071,0.78,0.99935,17.0,65.0,760253
5,9.4,3.31,0.076,0.64,0.99735,10.0,38.0,125423
5,9.4,3.38,0.088,0.77,0.99915,27.0,94.0,404594
6,10.7,3.36,0.087,0.67,0.9965,27.0,61.0,251940
6,9.4,3.69,0.077,0.91,0.9987,7.0,27.0,663287
6,10.1,3.28,0.104,0.97,0.9996,4.0,23.0,931437
8,12.6,3.23,0.073,0.82,0.9976,5.0,13.0,610520
7,10.5,3.38,0.087,0.77,0.9991,10.0,47.0,351480
6,9.3,3.12,0.071,0.82,0.9986,6.0,19.0,429762
7,9.9,3.25,0.358,1.08,0.9972,5.0,10.0,540418
5,9.1,3.36,0.067,0.57,0.9971,12.0,53.0,704378
7,10.5,3.38,0.087,0.77,0.9991,10.0,47.0,747652
5,9.8,3.31,0.102,0.71,1.00015,32.0,71.0,923090
5,9.8,3.31,0.102,0.71,1.00015,32.0,71.0,798732
6,10.3,3.1,0.073,0.76,0.9997,25.0,49.0,956877
6,10.3,3.37,0.092,0.7,0.9967,29.0,53.0,504240
7,10.6,3.34,0.091,0.86,0.9976,20.0,49.0,428343
5,9.2,3.2,0.105,0.95,1.001,33.0,98.0,984243
7,10.6,3.34,0.091,0.86,0.9976,20.0,49.0,371719
5,10.5,3.3,0.3429999999999999,0.71,0.9979,6.0,18.0,912233
6,10.3,3.22,0.091,0.64,0.9994,18.0,48.0,846392
6,10.1,3.41,0.098,0.6,0.9964,5.0,16.0,288167
6,9.5,3.05,0.094,0.81,1.0014,17.0,53.0,807533
5,9.5,3.05,0.073,0.64,1.0001,5.0,27.0,486910
5,9.9,3.16,0.086,0.52,0.9981,26.0,70.0,124900
5,9.6,3.67,0.083,0.73,0.99855,8.0,29.0,932307
5,9.7,3.67,0.094,0.8,0.9993,5.0,31.0,244748
5,9.6,3.68,0.08,0.71,0.99845,8.0,33.0,797535
6,10.7,3.38,0.086,0.59,0.9965,20.0,44.0,922794
6,10.1,3.22,0.068,0.64,0.9973,7.0,15.0,264731
5,10.0,3.51,0.092,0.72,0.9994,12.0,28.0,635971
5,9.5,3.39,0.186,0.54,0.996,5.0,21.0,714482
5,9.2,3.2,0.1119999999999999,0.52,0.9973,12.0,90.0,528979
6,9.3,3.12,0.063,0.59,0.9998,6.0,25.0,717318
5,9.4,3.36,0.0819999999999999,0.52,0.9966,7.0,54.0,161844
6,9.5,3.19,0.213,0.62,0.9994,6.0,14.0,812533
6,9.5,3.19,0.214,0.63,0.9994,5.0,12.0,717191
6,9.5,3.41,0.062,0.53,0.9968,9.0,30.0,334935
6,9.3,3.12,0.063,0.59,0.9998,6.0,25.0,707053
6,9.4,3.27,0.072,0.54,0.996,15.0,105.0,262388
6,9.5,3.32,0.093,0.63,0.99815,19.0,98.0,707073
5,9.4,3.3,0.076,0.53,0.9976,30.0,135.0,196598
5,11.0,3.39,0.087,0.68,0.99645,26.0,72.0,904324
6,11.0,3.42,0.096,0.65,0.9962,20.0,53.0,525124
5,10.1,3.3,0.102,0.65,0.9996,37.0,92.0,763220
6,10.4,3.3,0.0819999999999999,0.64,0.99865,30.0,74.0,372750
7,11.5,3.37,0.083,0.71,0.9989,21.0,59.0,662407
6,10.4,3.3,0.0819999999999999,0.64,0.99865,30.0,74.0,312292
7,11.5,3.37,0.083,0.71,0.9989,21.0,59.0,287803
5,9.7,3.24,0.09,0.62,0.99975,25.0,87.0,886229
5,9.3,3.29,0.079,0.63,0.99735,6.0,18.0,504505
6,9.5,3.28,0.09,0.7,0.999,35.0,73.0,928954
6,9.2,3.16,0.071,0.69,1.0015,13.0,50.0,474865
6,9.2,3.16,0.071,0.69,1.0015,13.0,50.0,430343
7,11.5,3.05,0.121,0.74,0.9978,6.0,14.0,935007
5,11.5,3.28,0.107,0.83,0.998,5.0,13.0,394461
6,9.7,3.16,0.0819999999999999,0.67,1.0002,6.0,21.0,139176
5,9.5,3.18,0.061,0.62,0.9981,7.0,15.0,188382
6,12.5,3.23,0.122,0.66,0.998,10.0,41.0,237799
6,12.5,3.23,0.122,0.66,0.998,10.0,41.0,547232
6,9.4,3.22,0.066,0.54,0.9973,21.0,114.0,854358
5,11.0,3.13,0.105,0.52,0.9958,16.0,44.0,771023
7,11.7,3.34,0.078,0.74,0.9963,17.0,38.0,583105
7,12.2,3.17,0.128,0.84,0.9992,7.0,21.0,779215
6,12.5,3.35,0.052,0.7,0.9948,6.0,16.0,875727
5,10.3,3.31,0.08,0.64,0.9974,29.0,58.0,302698
6,11.5,3.16,0.103,1.0,1.0008,28.0,99.0,447136
7,9.8,3.11,0.0819999999999999,1.36,0.9997,12.0,29.0,516393
6,9.2,3.12,0.066,1.18,1.0,10.0,21.0,130720
6,11.3,3.21,0.065,0.87,0.9972,5.0,18.0,350474
6,9.8,3.3,0.118,0.75,0.9982,6.0,14.0,181410
6,9.8,3.3,0.118,0.75,0.9982,6.0,14.0,551492
6,10.7,3.12,0.0819999999999999,0.78,1.0006,6.0,32.0,946717
5,9.9,3.6,0.067,0.81,0.9979,40.0,63.0,225811
7,12.3,3.58,0.072,0.89,0.9955,17.0,34.0,148375
6,12.0,3.02,0.093,0.93,0.9986,6.0,15.0,463958
6,10.0,3.11,0.089,0.92,0.9979,15.0,46.0,485337
6,9.4,3.36,0.093,0.86,0.9994,11.0,28.0,362155
6,9.9,3.28,0.107,0.98,1.0004,17.0,34.0,476233
6,9.4,3.35,0.096,0.83,0.9994,11.0,26.0,576060
5,9.3,3.27,0.09,0.73,0.9974,8.0,19.0,612718
5,13.0,3.18,0.12,0.77,1.0018,23.0,77.0,215496
6,11.9,3.25,0.066,0.59,0.9912,40.5,165.0,516279
6,12.8,3.55,0.078,0.61,0.9955,17.0,32.0,444150
5,11.0,3.26,0.08,0.88,1.0001,29.0,55.0,652191
7,11.7,3.24,0.1159999999999999,0.75,0.997,12.0,29.0,658547
7,10.4,3.15,0.109,0.85,1.0,10.0,23.0,845592
6,9.8,3.17,0.088,0.68,1.001,10.0,41.0,233031
5,9.4,3.19,0.099,0.7,0.9973,14.0,81.0,783018
6,9.9,3.37,0.086,0.91,0.9982,21.0,50.0,309567
5,10.0,3.05,0.072,0.56,0.9992,6.0,37.0,251943
5,10.2,2.99,0.071,0.87,0.9988,6.0,15.0,918294
7,10.0,3.07,0.083,0.73,1.0022,7.0,42.0,474167
6,11.8,3.26,0.107,0.93,0.9979,7.0,21.0,622112
7,10.0,3.07,0.083,0.73,1.0022,7.0,42.0,999928
5,9.0,3.16,0.076,0.69,1.0,11.0,24.0,900475
5,9.4,3.18,0.159,0.64,0.9998,15.0,75.0,365866
7,12.0,3.2,0.074,1.13,0.9962,6.0,18.0,587979
5,9.9,3.57,0.063,0.78,0.9975,35.0,63.0,700941
6,8.7,3.32,0.0559999999999999,0.87,0.9967,11.0,25.0,136012
6,10.6,3.32,0.067,1.04,0.9967,26.0,46.0,275422
5,9.2,3.05,0.106,0.63,0.9959,12.0,72.0,644908
6,10.8,3.01,0.089,0.81,1.0014,6.0,47.0,885150
7,11.8,3.01,0.124,0.83,0.9984,6.0,15.0,862932
6,11.0,3.26,0.078,1.11,1.0003,19.0,47.0,683512
7,12.0,3.2,0.074,1.13,0.9962,6.0,18.0,252712
6,13.3,3.11,0.088,0.99,0.9988,6.0,24.0,772540
6,10.8,3.31,0.094,0.7,0.9979,24.0,60.0,836330
6,9.4,3.21,0.08,0.8,0.9974,11.0,27.0,129003
6,10.0,3.06,0.085,0.8,1.0014,17.0,43.0,450303
6,9.4,3.21,0.08,0.8,0.9974,11.0,27.0,704506
6,9.4,3.21,0.08,0.8,0.9974,11.0,27.0,274351
5,9.2,3.42,0.087,0.74,0.998,23.0,54.0,697882
6,9.7,3.43,0.09,0.76,0.9979,11.0,37.0,758538
6,9.2,3.41,0.088,0.74,0.9981,23.0,48.0,101977
6,9.6,3.31,0.079,0.54,0.9972,17.0,42.0,670163
6,9.2,3.43,0.088,0.74,0.9981,23.0,53.0,913599
7,10.0,3.19,0.096,0.7,0.9982,16.0,49.0,704038
8,12.9,3.56,0.045,0.82,0.9924,12.0,88.0,928717
6,10.0,3.06,0.085,0.8,1.0014,17.0,43.0,570996
5,9.5,3.18,0.0819999999999999,0.51,0.998,6.0,26.0,227249
5,9.1,3.16,0.1119999999999999,0.54,0.997,13.0,95.0,692967
5,9.9,3.03,0.063,0.57,0.9997,6.0,25.0,836886
7,13.0,3.22,0.066,0.6,1.0004,7.0,38.0,633841
5,9.9,3.47,0.122,0.53,0.9994,68.0,124.0,151475
6,11.0,3.18,0.087,0.65,0.9988,13.0,49.0,498883
6,11.0,3.18,0.087,0.65,0.9988,13.0,49.0,700170
5,9.4,3.1,0.064,0.55,0.9963,9.0,42.0,237456
5,9.9,3.47,0.122,0.53,0.9994,68.0,124.0,618317
6,10.8,3.29,0.059,0.47,0.9949,20.0,38.0,441538
6,10.5,3.1,0.085,0.61,1.0,19.0,64.0,523035
6,10.5,3.15,0.085,0.63,0.9994,10.0,41.0,156341
5,9.1,3.26,0.075,0.61,0.9974,15.0,27.0,869500
6,10.1,3.36,0.059,0.76,0.9966,11.0,25.0,293015
6,10.8,3.24,0.063,0.65,0.9981,9.0,28.0,792993
7,10.8,3.18,0.093,0.63,0.9996,12.0,30.0,252199
6,11.3,3.19,0.174,0.7,0.997,6.0,16.0,448836
4,9.6,3.05,0.07,0.57,0.9981,26.0,49.0,380525
6,9.5,3.38,0.08,0.62,0.9987,26.0,86.0,997022
5,9.5,3.38,0.08,0.62,0.9987,23.0,78.0,408514
5,9.3,3.27,0.1,0.64,0.9966,15.0,77.0,303374
7,11.7,3.27,0.0969999999999999,0.82,0.9986,6.0,19.0,493874
5,9.5,3.26,0.087,0.61,0.9982,24.0,122.0,143773
5,9.3,3.32,0.1169999999999999,1.07,1.0014,31.0,134.0,722103
6,11.7,3.26,0.111,0.66,0.997,6.0,20.0,212380
5,10.5,3.44,0.091,0.48,0.9956,34.0,124.0,150160
6,10.4,3.24,0.121,0.76,0.9996,7.0,20.0,186290
5,9.9,3.62,0.066,0.68,0.9976,34.0,52.0,360369
7,11.8,3.28,0.089,0.73,0.9972,35.0,67.0,623022
7,12.3,3.52,0.059,0.56,0.9952,32.0,48.0,691749
5,10.9,3.36,0.047,0.44,0.9955,15.0,60.0,637036
7,11.0,3.15,0.066,0.9,0.9978,6.0,24.0,961459
5,10.9,3.36,0.047,0.44,0.9955,15.0,60.0,921351
7,12.3,3.52,0.059,0.56,0.9952,32.0,48.0,526263
6,11.4,3.49,0.045,0.49,0.9949,19.0,48.0,680255
6,10.6,3.26,0.077,0.56,0.9988,6.0,32.0,638930
5,9.3,3.24,0.07,0.6,0.9978,9.0,30.0,299224
6,10.4,3.1,0.088,0.6,0.9997,13.0,35.0,423990
7,11.0,3.15,0.066,0.9,0.9978,6.0,24.0,315957
5,9.2,3.25,0.074,0.56,0.9974,21.0,66.0,397899
6,12.8,3.0,0.078,0.65,0.9958,12.0,24.0,548530
5,9.5,3.16,0.091,0.49,1.0004,6.0,18.0,818340
6,9.9,3.15,0.076,0.89,0.9996,22.0,54.0,360223
5,9.5,3.16,0.091,0.49,1.0004,6.0,18.0,450016
6,10.2,3.26,0.06,0.56,0.9958,38.0,62.0,739190
6,11.2,3.17,0.066,0.66,0.9986,6.0,22.0,372375
6,9.9,3.15,0.076,0.89,0.9996,22.0,54.0,332065
5,9.3,3.08,0.062,0.6,0.9951,7.0,50.0,715501
8,9.8,2.88,0.072,0.82,0.9987,6.0,29.0,338779
6,11.3,3.06,0.068,0.68,0.9988,7.0,27.0,768429
7,11.2,2.95,0.1,0.68,1.0032,6.0,43.0,357434
7,11.6,3.23,0.077,0.63,0.9963,11.0,19.0,303772
7,12.5,3.57,0.054,0.84,0.9934,5.0,27.0,598030
6,10.1,3.23,0.079,0.56,0.9986,6.0,31.0,809894
5,10.5,3.1,0.081,0.73,0.9996,31.0,72.0,740015
5,11.2,3.22,0.127,0.72,0.9968,6.0,16.0,315236
6,10.2,3.2,0.1,0.56,0.9967,7.0,27.0,815765
6,10.8,3.1,0.095,0.61,0.9994,17.0,35.0,784127
6,10.8,3.1,0.095,0.61,0.9994,17.0,35.0,696744
6,9.1,3.06,0.413,1.06,0.9979,9.0,26.0,109592
6,10.0,3.44,0.084,0.63,0.9968,18.0,35.0,326183
7,11.2,3.26,0.084,0.74,0.9998,5.0,22.0,328376
5,11.1,3.5,0.063,0.63,0.9952,21.0,67.0,961800
8,13.4,3.22,0.086,0.69,0.9988,6.0,19.0,623755
5,10.3,3.37,0.095,0.58,0.9986,5.0,22.0,236661
5,9.6,3.28,0.0969999999999999,0.58,0.9988,29.0,65.0,617053
7,11.2,3.26,0.084,0.74,0.9998,5.0,22.0,146994
3,9.0,3.25,0.074,0.57,1.0008,10.0,47.0,231878
6,11.3,3.35,0.083,0.61,0.9976,14.0,23.0,131662
5,9.3,3.26,0.087,0.61,0.9982,6.0,19.0,870105
5,11.8,3.18,0.085,0.61,0.997,10.0,25.0,845184
5,9.0,3.08,0.098,0.53,0.9972,25.0,129.0,621658
6,9.2,2.98,0.084,0.7,0.9987,5.0,15.0,652232
5,9.7,3.48,0.098,0.91,1.0006,10.0,26.0,477280
6,11.5,3.16,0.069,0.72,0.9982,21.0,51.0,352809
6,14.0,3.32,0.065,0.79,0.9947,7.0,18.0,125905
6,9.2,3.17,0.09,0.62,1.0,6.0,21.0,114844
5,9.8,3.2,0.07,0.58,0.9952,36.0,48.0,362010
5,10.6,3.05,0.093,0.61,0.9996,15.0,47.0,158902
6,11.4,3.2,0.081,0.71,0.997,25.0,52.0,149476
6,10.4,3.15,0.083,0.82,0.9995,25.0,68.0,998714
5,10.6,3.26,0.062,0.79,0.9971,5.0,14.0,536577
6,9.4,3.2,0.08,0.89,0.9982,10.0,24.0,730857
5,10.2,3.14,0.087,0.6,0.9988,5.0,28.0,674231
5,9.7,3.28,0.091,0.7,0.998,6.0,16.0,641173
6,11.0,3.18,0.075,1.06,0.9977,6.0,20.0,938968
5,10.2,3.14,0.087,0.6,0.9988,5.0,28.0,700607
6,10.1,3.19,0.077,0.7,0.9984,6.0,31.0,990488
5,9.2,3.12,0.069,0.66,1.0026,6.0,23.0,340260
8,11.7,3.15,0.08,0.92,0.9964,6.0,17.0,371423
5,9.4,3.04,0.152,1.05,0.9986,6.0,18.0,142095
5,9.4,3.04,0.152,1.06,0.9986,7.0,18.0,891543
6,13.4,3.06,0.114,0.66,0.997,6.0,24.0,156579
5,10.0,3.17,0.054,0.47,0.9976,6.0,17.0,833462
5,10.0,3.17,0.054,0.47,0.9976,6.0,17.0,954601
6,10.0,3.17,0.053,0.42,0.9982,5.0,14.0,212683
7,10.8,3.32,0.081,0.92,1.0002,35.0,67.0,400011
6,10.2,3.34,0.073,0.75,0.9984,10.0,26.0,192925
6,10.6,3.31,0.078,0.67,0.9984,24.0,56.0,454474
7,13.3,3.34,0.055,0.79,0.9952,12.0,25.0,101943
7,13.4,3.32,0.052,0.9,0.995,13.0,27.0,154015
6,11.6,3.48,0.086,0.74,1.0002,23.0,81.0,638188
6,12.1,3.44,0.051,0.55,0.9952,28.0,91.0,990067
8,11.0,3.15,0.07,0.65,0.9972,5.0,16.0,785168
6,9.0,3.43,0.081,0.65,0.9984,14.0,38.0,238113
5,11.1,3.32,0.09,0.79,0.9966,43.0,113.0,321856
8,11.0,3.15,0.07,0.65,0.9972,5.0,16.0,365494
6,11.6,3.48,0.086,0.74,1.0002,23.0,81.0,111902
6,9.0,3.43,0.081,0.65,0.9984,14.0,38.0,712963
7,12.0,3.17,0.074,0.85,0.999,38.0,76.0,323116
7,12.0,3.17,0.074,0.85,0.999,38.0,76.0,886581
7,10.9,3.18,0.078,1.04,0.9976,6.0,24.0,890878
7,10.8,3.21,0.077,1.05,0.9976,6.0,22.0,657041
7,12.5,3.16,0.072,0.78,0.9968,10.0,26.0,418344
7,10.8,3.25,0.075,1.02,0.9976,6.0,21.0,282275
6,9.5,3.17,0.084,0.71,1.0,6.0,13.0,209632
6,10.2,3.18,0.09,0.63,0.9994,26.0,62.0,217435
7,11.4,3.04,0.084,0.68,0.9986,23.0,43.0,208209
5,9.5,3.02,0.073,0.61,0.9978,19.0,43.0,617252
6,10.2,3.18,0.09,0.63,0.9994,26.0,62.0,637334
6,9.7,3.03,0.125,0.81,0.998,15.0,49.0,652624
7,11.8,3.09,0.107,0.66,0.9973,6.0,15.0,372637
7,11.8,3.09,0.107,0.66,0.9973,6.0,15.0,743296
5,9.3,3.31,0.122,1.14,1.001,34.0,151.0,544930
6,11.9,3.25,0.1,0.74,1.001,5.0,14.0,781807
3,8.4,3.16,0.2,0.63,0.9994,5.0,16.0,462082
6,11.7,3.22,0.088,0.68,0.9972,11.0,32.0,109705
5,11.0,3.36,0.088,0.78,0.9966,39.0,106.0,936232
6,10.0,3.42,0.088,0.9,0.9982,15.0,33.0,299591
5,9.1,3.48,0.088,0.64,0.998,16.0,43.0,708488
5,9.8,3.38,0.099,0.99,0.9979,47.0,133.0,886686
5,9.4,3.22,0.085,0.55,0.9978,38.0,142.0,690429
5,9.5,3.23,0.086,0.64,0.9976,23.0,116.0,240334
5,9.9,3.24,0.105,0.67,0.9998,29.0,53.0,381539
5,11.0,3.36,0.088,0.78,0.9966,39.0,106.0,460654
6,11.4,3.39,0.0969999999999999,0.77,0.9962,33.0,85.0,616834
6,8.7,3.34,0.084,0.75,0.9988,32.0,55.0,446196
5,9.4,3.09,0.077,0.57,0.9974,6.0,33.0,715185
6,10.3,3.41,0.078,0.87,0.999,1.0,28.0,255548
5,10.3,3.16,0.098,0.61,1.0004,12.0,42.0,444051
5,10.3,3.16,0.098,0.61,1.0004,12.0,42.0,375347
6,12.8,3.22,0.072,0.66,0.9956,15.0,33.0,360000
6,10.0,3.28,0.102,0.56,1.0,13.0,32.0,896672
6,10.3,3.41,0.078,0.87,0.999,1.0,28.0,771162
5,9.4,3.09,0.077,0.57,0.9974,6.0,33.0,542659
6,10.7,3.37,0.084,0.77,0.9972,5.0,13.0,335414
7,12.0,3.2,0.066,0.66,1.0014,5.0,35.0,576876
5,11.2,3.22,0.1,0.62,0.9996,5.0,17.0,634575
5,9.6,3.26,0.1009999999999999,0.67,0.9988,20.0,47.0,629635
6,11.0,3.21,0.064,0.73,0.9988,5.0,17.0,623972
5,9.9,3.12,0.07,0.59,0.9966,5.0,20.0,606206
6,11.0,3.06,0.085,0.72,0.9993,16.0,53.0,881076
6,8.4,2.86,0.075,0.79,1.0008,6.0,15.0,871627
5,9.1,3.08,0.094,0.59,0.9982,38.0,106.0,641593
6,9.5,3.45,0.078,0.78,0.9983,10.0,28.0,966267
6,10.7,3.26,0.067,0.86,0.9987,6.0,21.0,802424
6,10.4,3.12,0.079,0.75,0.9994,27.0,69.0,247867
6,9.4,3.27,0.171,0.61,0.9975,6.0,25.0,432732
6,9.5,3.33,0.074,0.56,0.9958,9.0,25.0,272345
6,10.0,3.19,0.092,0.73,0.998,14.0,45.0,290254
6,10.0,3.12,0.092,0.74,0.998,14.0,44.0,586413
5,11.5,3.74,0.05,0.62,0.9934,32.0,96.0,886847
5,11.1,2.92,0.095,0.74,1.00315,10.0,23.0,417614
5,11.1,2.92,0.095,0.74,1.00315,10.0,23.0,441581
6,11.7,3.07,0.118,0.56,1.0002,10.0,17.0,270767
5,11.1,2.92,0.095,0.74,1.00315,10.0,23.0,451600
6,11.7,3.07,0.118,0.56,1.0002,10.0,17.0,768090
6,12.7,3.3,0.085,0.68,1.0021,6.0,47.0,708275
5,11.4,3.14,0.075,0.57,0.9994,5.0,19.0,288856
5,9.2,3.23,0.078,0.58,0.9978,26.0,121.0,451134
5,9.2,3.08,0.094,0.61,0.9982,41.0,110.0,736334
6,10.1,3.31,0.092,0.61,0.9971,25.0,60.0,296065
6,12.7,3.3,0.085,0.68,1.0021,6.0,47.0,327786
5,11.4,3.14,0.075,0.57,0.9994,5.0,19.0,800007
6,9.0,3.32,0.226,0.6,0.9991,5.0,15.0,516377
6,9.0,3.32,0.226,0.6,0.9991,5.0,15.0,464703
6,10.7,3.31,0.25,0.79,0.999,5.0,20.0,100554
6,11.7,3.57,0.095,0.57,0.9946,19.0,42.0,244731
6,11.0,3.32,0.07,0.91,1.0003,10.0,37.0,776177
6,11.7,3.57,0.095,0.57,0.9946,19.0,42.0,398083
5,10.4,3.14,0.075,0.61,0.9978,10.0,28.0,468813
4,9.6,3.3,0.07,0.56,0.9991,14.0,47.0,266720
6,10.0,3.19,0.078,0.7,0.9992,20.0,78.0,399385
6,10.2,3.2,0.079,0.8,0.9993,28.0,46.0,976716
4,10.0,3.34,0.103,0.52,0.9978,6.0,14.0,804961
5,9.5,3.3,0.083,0.6,0.9982,18.0,111.0,713982
5,9.8,3.29,0.085,0.6,0.9982,17.0,110.0,930912
6,9.8,3.14,0.063,0.51,0.9976,18.0,40.0,709626
5,9.6,3.19,0.089,0.44,1.0002,5.0,14.0,218333
5,9.6,3.19,0.089,0.44,1.0002,5.0,14.0,730884
5,9.2,3.19,0.083,0.43,1.0,5.0,15.0,457008
7,9.9,2.98,0.074,0.66,0.9976,10.0,21.0,260668
7,10.7,3.3,0.093,0.76,1.0002,54.0,80.0,212806
6,9.6,3.47,0.091,0.66,0.998,8.0,38.0,372864
7,10.6,3.12,0.094,1.02,0.9986,16.0,47.0,410529
5,9.3,3.26,0.108,0.59,0.9967,18.0,102.0,933655
8,14.0,3.72,0.06,0.74,0.9917,19.0,50.0,300630
7,10.5,3.05,0.059,0.74,0.9976,5.0,13.0,449551
5,9.7,3.35,0.084,0.57,0.9987,21.0,75.0,823313
6,11.5,3.12,0.07,0.5,0.9922,23.0,149.0,437843
5,9.7,3.35,0.084,0.57,0.9987,21.0,75.0,529008
5,9.0,3.29,0.094,0.58,1.0004,9.0,43.0,361374
5,9.5,3.4,0.096,0.53,0.9978,20.0,38.0,272607
5,9.3,3.27,0.086,0.57,0.9998,30.0,109.0,934145
6,9.3,3.04,0.059,0.6,0.9994,6.0,24.0,810249
6,10.0,3.09,0.071,0.63,0.998,5.0,18.0,212527
6,9.8,3.2,0.078,0.48,0.9967,5.0,30.0,122921
6,9.3,3.0,0.0819999999999999,0.7,1.0,11.0,22.0,132660
4,10.0,3.26,0.088,0.47,0.9962,7.0,23.0,223207
6,9.0,3.1,0.071,0.56,1.0006,12.0,35.0,391894
5,9.3,3.3,0.081,0.52,0.9975,6.0,14.0,569434
6,9.0,3.1,0.071,0.56,1.0006,12.0,35.0,437345
6,9.1,3.17,0.096,0.62,0.9984,14.0,63.0,153375
6,9.2,3.31,0.085,0.59,0.9984,6.0,24.0,762596
7,12.2,3.34,0.072,0.79,0.9973,10.0,20.0,690915
6,10.5,3.31,0.092,0.53,0.9982,26.0,52.0,803577
6,10.4,3.32,0.11,0.64,1.0026,11.0,65.0,622876
6,12.7,3.56,0.075,0.52,0.9956,15.0,39.0,559620
5,9.2,3.39,0.083,0.54,0.9983,25.0,57.0,842051
5,9.4,2.98,0.081,0.54,1.0006,5.0,16.0,345685
6,10.0,3.32,0.077,0.6,0.9965,18.0,29.0,330321
5,9.8,3.26,0.0579999999999999,0.74,0.9962,10.0,29.0,301729
6,10.2,2.87,0.148,1.36,0.9969,10.0,103.0,896311
5,9.7,3.5,0.079,0.57,0.9997,28.0,71.0,165690
5,9.7,3.5,0.079,0.57,0.9997,28.0,71.0,261857
6,9.8,3.03,0.079,0.93,0.9982,14.0,28.0,224727
5,10.2,3.13,0.122,0.7,1.0006,4.0,17.0,533510
5,9.3,3.09,0.088,0.8,0.9988,6.0,16.0,563344
5,9.4,3.27,0.076,0.61,0.9976,16.0,112.0,785704
5,9.4,3.28,0.078,0.62,0.9976,14.0,104.0,965966
5,9.5,3.13,0.08,0.55,0.9974,9.0,32.0,661056
6,12.1,3.49,0.077,0.96,0.9974,21.0,45.0,104204
5,10.2,3.46,0.124,0.72,0.9997,21.0,58.0,569397
5,10.2,3.46,0.124,0.72,0.9997,21.0,58.0,749371
5,9.1,3.36,0.098,0.49,0.9988,5.0,15.0,881883
5,9.1,3.36,0.098,0.49,0.9988,5.0,15.0,679962
6,9.3,3.27,0.0969999999999999,0.6,0.9976,7.0,31.0,302257
5,9.3,3.21,0.111,0.61,0.9964,20.0,84.0,300029
6,9.3,3.27,0.0969999999999999,0.6,0.9976,7.0,31.0,126908
5,9.5,3.25,0.105,0.63,0.9988,5.0,19.0,259025
6,10.5,3.32,0.087,0.57,0.9964,21.0,43.0,974791
4,11.3,3.43,0.105,0.64,1.001,11.0,86.0,501587
5,9.5,3.27,0.073,0.58,0.9964,46.0,102.0,710908
5,9.7,3.27,0.065,0.55,0.9954,24.0,33.0,651040
5,9.4,3.24,0.086,0.53,0.9979,30.0,147.0,355970
5,9.4,3.24,0.084,0.53,0.9978,31.0,145.0,882693
7,10.2,3.35,0.143,0.65,0.9964,7.0,23.0,432984
6,10.3,3.18,0.067,1.36,0.997,25.0,57.0,857207
5,9.4,3.39,0.071,0.62,0.9991,16.0,40.0,904519
5,9.5,3.46,0.071,0.63,0.9992,21.0,68.0,956239
5,9.4,3.39,0.071,0.62,0.9991,16.0,40.0,806544
5,9.5,3.46,0.071,0.63,0.9992,21.0,68.0,664900
5,9.4,3.39,0.071,0.62,0.9991,16.0,40.0,330882
7,10.1,3.37,0.115,0.69,0.9984,5.0,11.0,688014
5,10.1,3.4,0.107,0.63,0.9972,6.0,20.0,298264
4,11.0,3.32,0.07,0.58,0.9967,5.0,14.0,353479
7,11.2,3.33,0.066,0.67,0.9964,10.0,28.0,995241
6,11.3,3.16,0.068,0.57,0.9948,24.0,148.0,135227
5,9.6,2.89,0.106,0.5,0.9986,8.0,32.0,190126
5,11.2,3.41,0.104,0.67,1.001,35.0,155.0,775307
5,14.9,2.98,0.096,0.84,0.9976,22.0,71.0,847299
6,12.0,3.12,0.079,0.54,0.9976,9.0,30.0,770105
5,9.5,3.08,0.074,0.46,0.9979,7.0,29.0,517044
5,9.4,3.14,0.087,0.61,1.0004,20.0,53.0,225095
5,9.6,2.89,0.106,0.5,0.9986,8.0,32.0,197110
7,10.5,2.92,0.073,0.68,0.998,23.0,42.0,452892
6,9.6,3.32,0.074,0.81,0.9973,5.0,20.0,254442
4,11.0,3.41,0.096,0.57,0.997,5.0,13.0,209781
6,9.6,3.32,0.074,0.81,0.9973,5.0,20.0,841295
5,9.0,3.31,0.08,0.64,0.9978,15.0,42.0,493480
6,9.6,3.36,0.076,0.7,0.9972,9.0,27.0,338425
6,10.2,3.04,0.05,0.79,0.9974,5.0,13.0,713174
5,10.2,3.03,0.092,0.66,1.0,15.0,54.0,233098
5,9.7,3.14,0.084,0.56,0.9981,25.0,48.0,637594
6,9.5,3.18,0.222,0.6,0.998,6.0,16.0,711169
6,9.2,2.94,0.0819999999999999,0.66,0.9988,6.0,15.0,978209
5,11.0,3.15,0.059,0.57,0.9966,15.0,31.0,189261
6,9.2,2.94,0.0819999999999999,0.66,0.9988,6.0,15.0,870438
5,10.0,3.26,0.083,0.58,0.9959,30.0,45.0,259042
5,9.5,3.2,0.074,0.52,0.9968,5.0,13.0,895605
5,9.5,3.15,0.079,0.53,0.998,32.0,151.0,765231
5,9.5,3.2,0.074,0.52,0.9968,5.0,13.0,175387
6,9.3,3.08,0.084,0.67,0.9984,7.0,17.0,947775
5,10.2,3.26,0.064,0.65,0.9984,12.0,31.0,145994
6,9.3,3.08,0.084,0.67,0.9984,7.0,17.0,128555
5,9.9,3.4,0.084,0.48,0.9979,12.0,31.0,799366
5,10.0,3.48,0.081,0.53,0.9983,45.0,87.0,708680
5,9.6,3.13,0.06,0.54,0.9972,20.0,49.0,896572
5,9.0,3.06,0.07,0.49,1.0004,15.0,40.0,113212
6,10.2,3.21,0.094,0.49,0.9962,16.0,29.0,856707
5,9.8,3.33,0.078,0.54,0.998,32.0,58.0,470069
5,11.3,3.37,0.059,0.56,0.997,5.0,15.0,338591
5,9.4,3.25,0.078,0.48,0.998,35.0,152.0,922670
5,11.3,3.37,0.059,0.56,0.997,5.0,15.0,209348
5,9.1,3.44,0.07,0.6,0.997,13.0,40.0,107087
5,9.7,3.28,0.095,0.59,0.9998,13.0,38.0,150246
5,9.4,3.4,0.039,0.47,0.9962,4.0,9.0,442106
5,9.4,3.3,0.157,1.05,0.9976,5.0,17.0,186278
3,10.7,3.63,0.0969999999999999,0.54,0.9966,5.0,14.0,318709
5,9.8,3.48,0.087,0.54,0.9998,12.0,93.0,862696
5,9.0,3.03,0.422,1.17,0.9979,16.0,62.0,989415
5,9.4,3.32,0.084,0.62,0.9984,21.0,122.0,619971
5,9.4,3.31,0.084,0.61,0.9984,24.0,125.0,773031
6,12.8,3.9,0.034,0.62,0.9921,18.0,44.0,142084
6,9.5,3.47,0.066,0.67,0.9972,8.0,25.0,738359
6,9.5,3.47,0.066,0.67,0.9972,8.0,25.0,780550
5,9.7,3.31,0.087,0.53,1.0001,18.0,72.0,678143
6,10.8,3.11,0.071,0.62,0.9986,5.0,19.0,934181
6,10.1,3.08,0.076,0.57,0.9984,26.0,88.0,750356
6,9.5,3.47,0.066,0.67,0.9972,8.0,25.0,743959
6,9.4,3.47,0.067,0.67,0.997,9.0,23.0,494605
4,9.6,3.32,0.073,0.7,0.9972,22.0,84.0,643975
4,9.7,3.29,0.078,0.54,0.998,4.0,14.0,137175
5,9.9,3.37,0.073,0.49,0.999,11.0,54.0,342672
5,10.0,3.4,0.093,0.47,0.9956,10.0,19.0,707327
5,10.5,3.37,0.077,0.51,0.9966,16.0,37.0,151440
6,11.6,3.34,0.068,0.61,0.996,11.0,35.0,191573
6,10.0,3.27,0.062,0.66,0.9983,13.0,33.0,962980
5,10.1,3.06,0.08,0.57,0.9985,21.0,84.0,280388
5,9.5,3.38,0.093,0.61,0.9998,16.0,112.0,298392
5,9.4,3.36,0.084,0.45,0.9992,13.0,33.0,835548
5,9.4,3.34,0.075,0.46,0.9976,10.0,48.0,702563
5,9.8,3.28,0.078,0.51,0.998,21.0,77.0,972872
6,9.2,3.29,0.069,0.48,0.9967,13.0,34.0,590874
5,9.4,3.34,0.075,0.46,0.9976,10.0,48.0,296874
5,10.0,3.21,0.079,0.57,0.9968,12.0,49.0,403242
5,9.6,3.22,0.0819999999999999,0.44,0.9976,10.0,22.0,916218
5,9.5,3.46,0.086,0.54,0.9976,17.0,45.0,961530
5,9.6,3.22,0.0819999999999999,0.44,0.9976,10.0,22.0,908796
5,9.2,3.1,0.094,0.53,0.9982,35.0,106.0,620759
5,10.0,3.21,0.084,0.59,0.9968,15.0,48.0,813853
5,9.5,2.94,0.053,1.62,0.9965,36.0,127.0,593563
4,11.2,3.54,0.086,0.6,0.9958,5.0,12.0,680287
5,10.4,3.29,0.077,0.55,0.9976,5.0,13.0,444631
6,11.1,3.43,0.084,0.72,0.9994,18.0,49.0,838710
5,9.5,3.46,0.067,0.68,0.997,4.0,11.0,905874
5,9.5,3.46,0.067,0.68,0.997,4.0,11.0,931879
6,12.7,3.61,0.071,0.49,0.995,27.0,58.0,435968
5,9.6,3.17,0.387,0.67,0.9982,12.0,37.0,189463
5,11.5,3.44,0.088,0.52,0.9994,4.0,14.0,806887
5,9.6,3.39,0.092,0.47,0.9966,10.0,19.0,614654
5,9.5,3.55,0.0819999999999999,0.6,0.998,16.0,72.0,217648
5,9.3,3.48,0.075,0.62,0.9987,9.0,39.0,989423
5,9.5,3.26,0.1119999999999999,0.5,0.9963,11.0,22.0,870508
5,9.5,3.26,0.1119999999999999,0.5,0.9963,11.0,22.0,619490
6,9.3,3.5,0.093,0.65,1.0002,19.0,58.0,780642
5,9.2,3.1,0.092,0.56,0.9983,28.0,104.0,756556
5,9.3,3.35,0.088,0.6,0.999,19.0,38.0,362189
6,11.5,3.45,0.075,0.68,0.9965,12.0,16.0,406590
5,9.5,3.21,0.078,0.57,0.99788,28.0,139.0,423877
5,9.2,3.46,0.065,0.65,0.9972,9.0,18.0,509257
5,10.0,3.13,0.096,0.53,1.00024,25.0,101.0,898666
5,9.5,3.13,0.095,0.51,1.0001,21.0,101.0,386690
6,9.5,3.52,0.07,0.73,0.99768,12.0,28.0,395312
6,9.0,3.3,0.08,0.47,0.9978,12.0,57.0,102389
5,9.4,3.3,0.083,0.48,0.99782,16.0,68.0,456738
6,9.6,3.52,0.071,0.72,0.99761,12.0,31.0,447432
6,9.5,3.52,0.07,0.73,0.99768,12.0,28.0,760345
5,9.5,3.29,0.089,0.55,0.99803,17.0,40.0,934116
5,9.5,3.29,0.089,0.55,0.99803,17.0,40.0,270150
5,9.4,3.39,0.0969999999999999,0.61,0.99785,24.0,66.0,997222
5,9.5,3.29,0.089,0.55,0.99803,17.0,40.0,288749
6,9.1,3.09,0.415,1.06,0.99656,14.0,32.0,942862
6,10.7,3.51,0.0579999999999999,0.43,0.99525,22.0,47.0,771691
6,11.2,3.6,0.057,0.46,0.99488,15.0,33.0,730009
5,9.8,3.25,0.084,0.5,0.99656,10.0,31.0,195164
5,9.8,3.25,0.084,0.5,0.99656,10.0,31.0,254814
5,9.2,3.19,0.092,0.52,0.99823,33.0,88.0,963488
5,9.7,3.23,0.075,0.57,0.99779,9.0,104.0,618217
5,9.6,3.25,0.096,0.42,0.99738,5.0,35.0,692381
6,10.0,3.31,0.069,0.53,0.99701,8.0,19.0,606865
5,9.6,3.25,0.096,0.42,0.99738,5.0,35.0,262849
6,9.5,3.31,0.093,0.55,0.99888,11.0,44.0,950180
6,9.5,3.31,0.091,0.54,0.99888,12.0,48.0,860698
5,9.4,3.14,0.089,0.54,0.99738,12.0,74.0,525524
5,9.5,3.45,0.103,0.62,0.99938,13.0,98.0,686327
6,9.7,3.55,0.0819999999999999,0.53,0.99744,24.0,94.0,164347
5,9.6,3.39,0.076,0.54,0.99668,7.0,32.0,174233
6,9.7,3.55,0.0819999999999999,0.53,0.99744,24.0,94.0,523500
5,9.4,3.28,0.0819999999999999,0.55,0.9978,23.0,143.0,132564
5,9.4,3.27,0.0819999999999999,0.55,0.99782,23.0,144.0,209851
6,9.5,3.3,0.157,0.92,0.9973,1.0,44.0,976657
6,9.5,3.31,0.157,0.91,0.99727,2.0,45.0,389177
5,10.0,3.43,0.102,0.46,0.99586,7.0,16.0,540259
6,10.3,3.4,0.243,0.6,0.99612,5.5,48.0,201434
6,10.3,3.4,0.241,0.59,0.9961,6.0,18.0,436242
5,10.5,3.36,0.079,0.61,0.99788,7.0,34.0,534557
5,9.8,3.5,0.076,0.6,0.99745,21.0,92.0,107496
6,9.4,3.31,0.19,0.6,0.99676,12.0,45.0,583398
5,9.8,3.66,0.114,0.65,0.99732,9.0,37.0,823194
5,10.0,3.36,0.081,0.53,0.99814,26.0,96.0,806167
5,9.8,3.66,0.114,0.65,0.99732,9.0,37.0,566645
5,9.8,3.55,0.077,0.59,0.99746,20.0,85.0,864020
5,9.5,3.21,0.083,0.5,0.9982,11.0,61.0,288116
5,9.5,3.21,0.083,0.5,0.9982,11.0,61.0,880799
6,10.1,3.18,0.079,0.56,0.9991,19.0,58.0,341774
6,10.1,3.18,0.079,0.56,0.9991,19.0,58.0,820472
5,9.3,3.09,0.099,0.52,0.998,21.0,119.0,588462
6,9.7,3.33,0.0819999999999999,0.68,0.99708,18.0,82.0,631652
5,9.6,3.23,0.084,0.54,0.99818,25.0,130.0,322729
6,9.7,3.48,0.081,0.6,0.99745,17.0,87.0,717691
5,10.8,3.38,0.055,0.56,0.99639,7.0,13.0,320152
6,12.5,3.17,0.065,0.53,0.99531,7.0,26.0,220119
5,10.2,2.99,0.132,1.18,0.99786,7.0,60.0,330557
5,9.6,3.1,0.126,0.74,0.99746,24.0,64.0,721363
7,10.8,3.24,0.038,0.81,0.99526,21.0,42.0,179586
6,10.7,3.29,0.0819999999999999,0.52,0.9987,5.0,14.0,118840
6,10.7,3.29,0.0819999999999999,0.52,0.9987,5.0,14.0,106763
5,9.4,3.25,0.0819999999999999,0.51,0.99641,26.0,108.0,644938
5,10.0,3.23,0.068,0.44,0.99735,8.0,17.0,667973
7,12.9,3.56,0.044,0.94,0.99264,14.0,86.0,478328
6,9.6,3.24,0.114,0.66,0.9971,14.0,46.0,311292
6,9.9,3.26,0.084,0.57,0.99682,4.0,18.0,217134
7,12.8,3.33,0.052,0.7,0.99356,4.0,10.0,842792
7,12.5,3.27,0.0409999999999999,0.71,0.99386,4.0,10.0,369546
7,12.8,3.33,0.052,0.7,0.99356,4.0,10.0,810490
5,9.2,3.26,0.165,0.86,0.99702,4.0,12.0,844449
6,10.3,3.22,0.07,0.55,0.99693,4.0,15.0,465281
5,10.5,3.3,0.068,0.47,0.99562,4.0,14.0,802471
6,10.9,3.09,0.072,0.68,1.00012,7.0,24.0,653819
5,10.8,3.24,0.099,0.71,0.99818,20.0,38.0,135531
4,11.4,3.44,0.102,0.58,0.99462,4.0,7.0,556864
6,11.3,3.21,0.103,0.76,0.99939,19.0,41.0,315281
5,10.8,3.24,0.099,0.71,0.99818,20.0,38.0,711817
6,10.5,3.23,0.081,0.58,0.9984,8.0,30.0,132847
6,11.9,3.28,0.084,0.73,0.99545,19.0,27.0,784454
5,9.4,3.29,0.071,0.45,0.99632,21.0,47.0,150000
5,9.6,3.28,0.0969999999999999,0.54,0.99976,9.0,59.0,237622
5,9.7,3.34,0.099,0.6,0.99606,9.0,22.0,833437
7,14.0,3.71,0.048,0.74,0.99154,16.0,42.0,247999
5,9.8,3.61,0.076,0.64,0.9973,15.0,36.0,107456
5,9.8,3.61,0.076,0.64,0.9973,15.0,36.0,359128
5,10.3,3.24,0.068,0.53,0.99682,6.0,16.0,981142
5,10.7,3.36,0.076,0.49,0.99624,15.0,37.0,957092
7,11.0,3.4,0.05,0.64,0.9951,4.0,8.0,583176
5,10.7,3.36,0.076,0.49,0.99624,15.0,37.0,283009
8,12.7,3.46,0.065,0.74,0.99417,34.0,45.0,258890
6,11.1,3.56,0.071,0.77,0.99376,16.0,24.0,190664
4,10.9,3.38,0.0579999999999999,0.55,0.99632,5.0,9.0,907910
6,11.1,3.56,0.071,0.77,0.99376,16.0,24.0,183543
3,9.9,3.38,0.145,0.86,0.99832,34.0,48.0,855877
4,9.9,3.38,0.147,0.86,0.99836,36.0,51.0,340755
5,9.4,3.32,0.088,0.47,0.99694,16.0,23.0,849298
5,9.3,3.39,0.066,0.51,0.99655,27.0,55.0,159443
7,11.7,3.26,0.012,0.39,0.99064,36.0,100.0,749494
7,11.7,3.26,0.012,0.39,0.99064,36.0,100.0,637241
7,11.2,3.24,0.075,0.83,0.99672,9.0,28.0,683755
5,10.0,3.46,0.092,0.47,0.99647,13.0,26.0,870014
7,12.1,3.24,0.085,0.77,0.99736,9.0,34.0,559034
5,10.3,3.45,0.115,0.63,0.99629,21.0,31.0,520315
6,10.9,3.23,0.119,0.72,0.99708,34.0,68.0,794933
5,9.4,3.28,0.088,0.62,0.9963,9.0,92.0,647564
6,10.6,3.18,0.062,0.83,0.9959,26.0,42.0,908708
5,9.8,3.59,0.081,0.66,0.99689,14.0,31.0,206942
5,9.8,3.59,0.081,0.66,0.99689,14.0,31.0,806608
6,9.9,3.5,0.078,0.7,0.9977,12.0,39.0,429635
5,9.8,3.59,0.081,0.66,0.99689,14.0,31.0,762874
5,9.8,3.58,0.08,0.66,0.99689,12.0,32.0,923302
5,9.5,3.28,0.085,0.55,0.99708,9.0,22.0,156463
5,9.5,3.28,0.085,0.55,0.99708,9.0,22.0,442072
5,9.7,3.22,0.08,1.07,0.99801,26.0,122.0,847671
6,10.9,3.47,0.08,0.73,0.99652,41.0,55.0,450974
6,10.9,3.47,0.08,0.73,0.99652,41.0,55.0,210839
7,11.7,3.51,0.071,0.71,0.99538,10.0,14.0,721125
6,10.9,3.47,0.08,0.73,0.99652,41.0,55.0,573099
7,11.3,3.4,0.073,0.78,0.99594,16.0,47.0,654187
7,10.6,3.15,0.054,0.67,0.99686,17.0,32.0,992544
6,11.2,3.4,0.074,0.82,0.99438,15.0,24.0,171939
5,9.5,3.51,0.077,0.54,0.99746,15.0,85.0,668218
6,11.5,3.66,0.039,0.6,0.99357,15.0,88.0,495376
5,10.4,3.24,0.067,0.44,0.99628,7.0,25.0,753346
5,9.7,3.51,0.078,0.53,0.99746,17.0,84.0,750864
5,9.5,3.51,0.077,0.54,0.99746,15.0,85.0,638170
5,9.7,3.51,0.077,0.54,0.99748,16.0,86.0,499983
6,11.3,3.41,0.071,0.83,0.99438,13.0,24.0,867935
6,11.2,3.4,0.072,0.84,0.99438,13.0,22.0,503225
6,11.2,3.4,0.074,0.82,0.99438,15.0,24.0,945221
6,10.9,3.44,0.08,0.64,0.99578,27.0,43.0,333246
6,11.8,3.41,0.064,0.57,0.99371,31.0,43.0,729255
5,10.6,3.53,0.086,0.57,0.99522,36.0,46.0,719210
4,10.0,3.43,0.067,0.54,0.99576,28.0,48.0,988558
7,11.1,3.23,0.067,0.58,0.99552,6.0,10.0,174441
7,11.8,3.12,0.104,0.65,0.99664,6.0,10.0,889595
7,11.8,3.31,0.109,0.79,0.99614,7.0,16.0,414365
4,10.9,3.4,0.067,0.58,0.99517,7.0,14.0,513700
6,11.8,3.41,0.064,0.57,0.99371,31.0,43.0,789381
6,10.0,3.22,0.094,0.5,0.99787,30.0,69.0,873837
5,9.5,3.53,0.076,0.55,0.99745,18.0,88.0,979732
5,9.9,3.15,0.078,0.49,0.99576,10.0,21.0,440907
6,11.4,3.48,0.068,0.65,0.99533,30.0,35.0,965035
6,12.0,3.22,0.1939999999999999,0.78,0.99536,14.0,26.0,384255
5,9.5,3.53,0.076,0.55,0.99745,18.0,88.0,646404
6,10.0,3.22,0.094,0.5,0.99787,30.0,69.0,493572
5,10.5,3.34,0.086,0.64,0.99824,9.0,30.0,700383
6,10.4,3.33,0.083,0.65,0.99836,8.0,28.0,313797
7,12.1,3.15,0.066,0.79,0.99577,29.0,56.0,487080
6,11.2,3.43,0.072,0.56,0.99491,32.0,64.0,338988
5,9.3,3.22,0.1119999999999999,0.68,1.00289,23.0,99.0,741185
5,10.1,3.44,0.071,0.58,0.99576,30.0,52.0,267577
5,9.7,3.53,0.078,0.57,0.99743,16.0,86.0,491732
6,9.3,3.22,0.0819999999999999,0.65,0.99774,10.0,18.0,448921
5,9.7,3.53,0.078,0.57,0.99743,16.0,86.0,726393
6,9.8,3.53,0.08,0.58,0.99745,17.0,88.0,527072
6,10.7,3.42,0.08,0.58,0.9955,27.0,43.0,289947
7,12.5,3.31,0.078,0.77,0.99444,17.0,43.0,810312
6,10.7,3.42,0.08,0.58,0.9955,27.0,43.0,926786
7,12.5,3.31,0.078,0.77,0.99444,17.0,43.0,182898
3,11.0,3.48,0.084,0.49,0.99892,6.0,11.0,340140
5,11.8,3.4,0.0559999999999999,0.69,0.99562,10.0,39.0,518263
7,10.8,3.58,0.08,0.69,0.99736,16.0,33.0,633364
7,10.8,3.58,0.08,0.69,0.99736,16.0,33.0,623845
7,10.8,3.41,0.06,0.59,0.9962,11.0,18.0,949668
7,10.8,3.41,0.06,0.59,0.9962,11.0,18.0,277334
5,9.5,3.23,0.081,0.59,0.998,15.0,115.0,120735
5,11.0,3.39,0.084,0.71,0.9964,12.0,78.0,962136
6,11.5,3.59,0.079,0.54,0.9948,6.0,9.0,356301
6,10.8,3.43,0.078,0.59,0.99528,34.0,61.0,548835
6,11.5,3.29,0.059,0.52,0.99331,7.0,11.0,112269
6,13.2,3.23,0.132,0.57,0.99577,3.0,11.0,191061
6,10.9,3.18,0.114,0.6,0.99901,3.0,9.0,830656
6,12.2,3.33,0.065,0.62,0.99674,4.0,8.0,222752
7,12.2,3.27,0.094,0.64,0.99639,3.0,10.0,775158
6,11.5,3.29,0.059,0.52,0.99331,7.0,11.0,858375
6,11.9,3.27,0.079,0.67,0.99512,3.0,6.0,574172
5,11.0,3.62,0.161,0.61,0.99395,7.0,62.0,227249
6,10.1,3.38,0.084,0.64,0.99824,26.0,45.0,978084
6,11.0,3.3,0.081,0.72,0.9964,32.0,79.0,865219
6,11.8,3.38,0.072,0.89,0.99504,38.0,46.0,146829
5,10.5,3.24,0.091,0.56,0.99786,10.0,23.0,187729
6,11.0,3.3,0.081,0.72,0.9964,32.0,79.0,510779
6,11.8,3.38,0.072,0.89,0.99504,38.0,46.0,361475
6,10.1,3.38,0.084,0.64,0.99824,26.0,45.0,826027
5,11.2,3.18,0.055,0.8,0.99516,14.0,28.0,618865
7,11.0,3.47,0.064,0.87,0.99604,53.0,77.0,627872
6,10.2,3.47,0.061,0.9,0.99786,52.0,73.0,849518
4,9.2,3.2,0.093,0.59,0.99736,11.0,75.0,851781
5,11.2,3.18,0.055,0.8,0.99516,14.0,28.0,471634
7,12.0,3.3,0.063,0.73,0.99468,10.0,19.0,434833
5,10.5,3.69,0.08,0.73,0.99746,8.0,25.0,483843
5,9.8,3.48,0.074,0.65,0.99748,13.0,38.0,311286
6,9.5,3.45,0.078,0.59,0.9971,29.0,66.0,375463
5,9.8,3.48,0.074,0.65,0.99748,13.0,38.0,692230
5,10.5,3.69,0.08,0.73,0.99746,8.0,25.0,687438
6,11.8,3.39,0.06,0.72,0.99543,19.0,72.0,561951
6,11.8,3.39,0.06,0.72,0.99543,19.0,72.0,645764
4,10.4,3.07,0.071,0.6,0.99791,6.0,26.0,282081
7,12.9,3.34,0.068,0.72,0.99356,23.0,42.0,956229
5,11.4,3.61,0.073,0.54,0.99425,7.0,11.0,864682
7,12.4,3.36,0.074,0.76,0.99509,13.0,25.0,210383
7,12.5,3.19,0.0819999999999999,0.52,0.99484,9.0,17.0,171027
7,10.0,3.22,0.092,0.64,0.99834,13.0,52.0,612823
7,9.7,3.24,0.094,0.6,0.99864,10.0,45.0,642336
7,12.1,3.27,0.09,0.64,0.99498,11.0,24.0,632847
7,11.1,3.14,0.071,0.79,0.99566,7.0,20.0,129240
7,12.0,3.29,0.092,0.99,0.99745,11.0,24.0,859469
7,12.4,3.26,0.093,0.62,0.99408,6.0,12.0,415578
7,11.9,3.41,0.075,0.76,0.99552,10.0,21.0,816800
7,11.9,3.41,0.075,0.76,0.99552,10.0,21.0,442504
7,11.9,3.41,0.075,0.76,0.99552,10.0,21.0,810431
7,12.4,3.26,0.093,0.62,0.99408,6.0,12.0,425019
7,11.2,3.31,0.0579999999999999,0.68,0.99536,6.0,10.0,747952
7,12.1,3.2,0.052,0.69,0.99458,5.0,9.0,292745
6,12.2,3.44,0.0819999999999999,0.54,0.99538,6.0,11.0,912536
5,10.4,3.36,0.09,0.67,0.99648,9.0,23.0,383483
6,11.3,3.31,0.111,0.62,0.99568,5.0,10.0,389862
6,11.1,3.29,0.088,0.58,0.99613,12.0,51.0,961490
7,11.3,3.47,0.12,0.71,0.99519,25.0,36.0,545111
5,10.0,3.36,0.089,0.61,0.99735,12.0,32.0,829231
6,11.1,3.16,0.0579999999999999,0.85,0.99518,18.0,38.0,853362
5,9.3,3.27,0.078,0.62,0.99592,7.0,18.0,995953
5,9.5,3.38,0.115,0.69,0.99654,6.0,16.0,345456
6,11.2,3.15,0.1,0.69,0.99546,20.0,27.0,326188
6,11.1,3.16,0.0579999999999999,0.85,0.99518,18.0,38.0,989833
6,11.0,3.34,0.065,0.86,0.99554,24.0,48.0,671781
7,11.9,3.13,0.103,0.58,0.99604,6.0,10.0,283506
5,9.2,3.13,0.0969999999999999,0.48,0.99733,23.0,113.0,269167
6,12.2,3.2,0.068,0.6,0.9943,29.0,46.0,169157
5,10.2,3.46,0.079,0.61,0.99669,7.0,22.0,753417
6,10.9,3.33,0.066,0.87,0.99724,6.0,10.0,931308
6,10.9,3.33,0.066,0.87,0.99724,6.0,10.0,249519
7,11.6,3.22,0.104,0.65,0.99643,6.0,13.0,812276
5,10.7,3.52,0.079,0.63,0.99605,6.0,12.0,660756
7,12.1,3.3,0.073,0.62,0.99658,7.0,13.0,408645
5,9.4,3.44,0.083,0.52,0.997,35.0,72.0,619596
5,9.4,3.44,0.083,0.52,0.997,35.0,72.0,794675
5,9.1,3.15,0.109,0.5,0.99801,31.0,119.0,812441
7,11.3,3.28,0.061,0.49,0.99416,9.0,29.0,411453
5,10.4,3.13,0.075,0.63,0.9969,3.0,6.0,209504
6,10.5,3.32,0.065,0.71,0.99774,8.0,17.0,635683
5,10.0,3.25,0.079,0.62,0.99712,13.0,28.0,293255
6,12.9,3.34,0.07,0.82,0.99418,51.0,70.0,943080
6,10.5,3.32,0.065,0.71,0.99774,8.0,17.0,975092
5,10.4,3.13,0.075,0.63,0.9969,3.0,6.0,968004
6,11.3,3.45,0.064,0.58,0.99562,7.0,11.0,442526
7,11.4,3.19,0.066,0.55,0.9947,3.0,7.0,125567
5,9.4,3.44,0.08,0.5,0.99693,35.0,70.0,168193
5,9.4,3.16,0.0969999999999999,0.49,0.99596,19.0,27.0,709407
6,10.9,3.14,0.073,0.51,0.99556,14.0,21.0,405356
5,9.4,3.16,0.0969999999999999,0.49,0.99596,19.0,27.0,173649
5,9.4,3.45,0.0819999999999999,0.48,0.99694,31.0,68.0,886750
6,9.4,3.36,0.076,0.48,0.99554,30.0,47.0,942644
5,9.4,3.45,0.0819999999999999,0.48,0.99694,31.0,68.0,920903
5,9.4,3.15,0.092,0.43,0.99918,20.0,88.0,506195
6,10.1,3.39,0.079,0.62,0.99697,19.0,41.0,301001
7,12.8,3.71,0.087,0.63,0.99378,3.0,11.0,927973
7,12.8,3.71,0.087,0.63,0.99378,3.0,11.0,819724
6,9.1,3.12,0.05,0.48,0.99554,4.0,10.0,468266
6,12.9,3.47,0.055,0.53,0.99162,7.0,12.0,416406
7,11.5,3.44,0.062,0.72,0.99495,6.0,12.0,907170
7,10.6,3.26,0.0579999999999999,0.82,0.99676,31.0,47.0,831752
7,11.7,3.26,0.063,0.84,0.99516,13.0,27.0,369963
7,12.8,3.36,0.067,0.55,0.9928,4.0,8.0,216120
5,10.3,3.25,0.081,0.54,0.99603,27.0,45.0,777957
7,12.8,3.36,0.067,0.55,0.9928,4.0,8.0,767441
7,11.7,3.26,0.063,0.84,0.99516,13.0,27.0,594933
7,11.7,3.26,0.064,0.84,0.99516,12.0,25.0,107468
7,12.0,3.23,0.11,0.7,0.99549,12.0,24.0,213185
5,10.9,3.18,0.1159999999999999,0.68,0.99722,26.0,55.0,909093
7,12.3,3.25,0.067,0.55,0.99354,7.0,12.0,648004
6,10.4,3.17,0.088,0.55,0.9957,12.0,19.0,129773
5,10.0,3.23,0.102,0.48,0.99604,11.0,32.0,525663
6,10.0,3.38,0.092,0.58,0.99635,22.0,31.0,590336
6,11.2,3.22,0.12,0.58,0.99454,3.0,7.0,675921
6,11.4,3.06,0.075,0.84,0.99598,14.0,27.0,355807
7,12.6,3.27,0.068,0.75,0.99486,12.0,28.0,658556
6,12.7,2.89,0.049,0.44,0.99007,36.0,109.0,882658
6,12.7,2.89,0.049,0.44,0.99007,36.0,109.0,162596
5,10.4,3.53,0.078,0.61,0.99636,10.0,23.0,999583
6,11.9,3.2,0.123,0.53,0.99642,3.0,8.0,263239
6,11.9,3.2,0.123,0.53,0.99642,3.0,8.0,857709
5,10.5,3.35,0.062,0.54,0.99584,4.0,9.0,180626
6,12.3,3.27,0.098,0.55,0.99506,3.0,9.0,480474
7,10.5,3.32,0.088,0.56,0.99568,12.0,18.0,669415
6,10.4,3.33,0.095,0.6,0.99822,17.0,43.0,535556
6,12.6,3.41,0.066,0.56,0.99364,14.0,36.0,539578
5,11.6,3.49,0.065,0.52,0.99378,28.0,52.0,168442
6,10.1,3.37,0.075,0.54,0.99586,41.0,68.0,578819
7,10.5,3.32,0.088,0.56,0.99568,12.0,18.0,625404
7,11.5,3.42,0.091,0.55,0.99488,9.0,14.0,753138
7,11.0,3.35,0.093,0.58,0.99514,9.0,15.0,799656
5,9.6,3.36,0.095,0.53,0.99854,5.0,14.0,788939
6,10.4,3.3,0.089,0.59,0.99592,14.0,27.0,556774
6,9.7,3.2,0.077,0.47,0.99739,15.0,48.0,263077
7,10.6,3.17,0.085,0.65,0.99683,5.0,17.0,385306
7,12.5,3.22,0.0819999999999999,0.59,0.99356,26.0,35.0,763920
5,9.2,3.35,0.074,0.56,0.99672,20.0,56.0,592974
7,12.6,3.24,0.078,0.77,0.9953,25.0,42.0,136409
6,11.1,3.33,0.088,0.83,0.99692,21.0,39.0,224313
5,10.2,3.58,0.088,0.67,0.99756,16.0,32.0,773949
6,9.8,3.38,0.079,0.64,0.99547,13.0,26.0,980013
6,11.1,3.33,0.088,0.83,0.99692,21.0,39.0,356845
7,10.9,3.29,0.069,0.81,0.99859,18.0,39.0,355933
6,12.2,3.36,0.046,0.62,0.99294,12.0,53.0,532717
6,11.4,3.32,0.07,0.58,0.99438,32.0,38.0,876021
6,10.7,3.31,0.076,0.62,0.99612,33.0,45.0,996680
5,10.4,3.49,0.0819999999999999,0.64,0.99634,27.0,51.0,987361
6,10.9,3.27,0.081,0.78,0.99702,3.0,14.0,156988
6,10.8,3.27,0.084,0.77,0.99704,6.0,17.0,861844
5,10.4,3.49,0.0819999999999999,0.64,0.99634,27.0,51.0,550716
5,9.2,3.03,0.414,1.34,0.99702,16.0,45.0,901129
5,12.9,3.56,0.073,0.55,0.99258,19.0,25.0,674543
7,12.7,3.38,0.07,0.77,0.99426,9.0,20.0,784964
6,9.1,3.13,0.095,0.62,0.99747,5.0,77.0,141797
6,9.1,3.13,0.095,0.62,0.99747,5.0,77.0,425676
7,12.1,3.21,0.1009999999999999,0.59,0.99586,3.0,10.0,619224
5,9.1,3.15,0.104,0.57,0.99784,28.0,90.0,338302
7,11.6,3.19,0.093,0.76,0.9971,30.0,52.0,233293
7,12.1,3.21,0.1009999999999999,0.59,0.99586,3.0,10.0,849458
6,9.9,3.14,0.074,0.7,0.9981,3.0,8.0,879911
8,12.5,3.21,0.071,0.69,0.99462,7.0,16.0,330318
6,11.4,3.3,0.098,0.64,0.9956,6.0,15.0,325975
6,11.8,3.22,0.075,0.63,0.99565,6.0,17.0,219616
6,11.8,3.28,0.067,0.57,0.99418,5.0,10.0,804155
6,10.2,3.29,0.083,0.6,0.9963,6.0,20.0,942398
7,12.5,3.4,0.07,0.72,0.99358,13.0,26.0,632817
7,10.9,3.02,0.06,0.83,0.99572,3.0,10.0,720275
7,10.9,3.02,0.06,0.83,0.99572,3.0,10.0,919263
5,10.8,3.31,0.086,0.62,0.997,28.0,52.0,734037
7,11.1,3.18,0.057,0.89,0.99498,19.0,37.0,447952
5,9.2,3.2,0.098,0.58,0.99892,30.0,92.0,752303
6,9.5,3.4,0.083,0.58,0.9968,33.0,75.0,846163
6,10.7,3.31,0.088,0.58,0.9972,16.0,37.0,735336
5,9.2,3.2,0.098,0.58,0.99892,30.0,92.0,772359
7,10.2,3.44,0.071,0.86,0.99769,45.0,67.0,808719
6,11.4,3.15,0.073,0.73,0.99534,3.0,8.0,170147
5,11.0,3.27,0.08,0.58,0.99817,3.0,8.0,954113
5,11.0,3.27,0.08,0.58,0.99817,3.0,8.0,668205
7,12.3,3.01,0.05,0.51,0.99316,37.5,278.0,288573
6,11.8,3.16,0.047,0.51,0.99471,3.0,8.0,299525
7,12.3,3.01,0.05,0.51,0.99316,37.5,289.0,177862
6,9.5,3.42,0.073,0.59,0.99685,31.0,70.0,504184
6,12.0,3.33,0.072,0.77,0.99617,32.0,59.0,914722
6,9.5,3.42,0.073,0.59,0.99685,31.0,70.0,125566
5,9.6,3.12,0.074,0.49,0.99529,40.0,64.0,233658
7,11.6,3.38,0.055,0.66,0.99738,3.0,9.0,750955
6,11.2,3.29,0.057,0.69,0.994,18.0,30.0,763276
7,9.9,3.02,0.095,0.76,0.99735,22.0,41.0,790254
7,9.9,3.02,0.095,0.76,0.99735,22.0,41.0,562820
8,11.8,2.98,0.083,0.63,0.99451,42.0,74.0,961665
6,11.4,3.35,0.086,0.6,0.99546,8.0,19.0,989760
6,11.5,3.43,0.081,0.59,0.99479,10.0,16.0,451329
7,12.0,3.33,0.079,0.86,0.99615,11.0,31.0,786133
6,10.8,3.35,0.1169999999999999,0.49,0.99655,9.0,17.0,915518
5,10.5,3.15,0.087,0.5,0.99772,6.0,20.0,744991
6,10.8,3.35,0.1169999999999999,0.49,0.99655,9.0,17.0,533585
5,9.4,3.2,0.096,0.52,0.99666,5.0,18.0,295928
7,12.5,3.15,0.216,0.81,0.99358,5.0,16.0,282321
5,9.4,3.2,0.096,0.52,0.99666,5.0,18.0,765731
6,12.4,3.11,0.072,0.78,0.99392,23.0,36.0,914412
6,12.0,3.35,0.071,0.63,0.99388,14.0,25.0,276720
6,11.2,3.45,0.078,0.54,0.99402,18.0,30.0,186468
6,12.0,3.35,0.071,0.63,0.99388,14.0,25.0,711901
6,12.4,3.28,0.073,0.66,0.9936,16.0,25.0,617134
5,12.8,3.41,0.048,0.6,0.99374,13.0,49.0,250802
6,12.3,3.21,0.069,0.54,0.99376,9.0,17.0,724105
7,11.7,3.27,0.068,0.85,0.99523,10.0,24.0,463505
5,9.5,3.36,0.09,0.49,0.99855,4.0,13.0,439917
6,10.8,3.17,0.171,0.76,0.9982,27.0,66.0,180430
6,10.0,3.25,0.07,0.64,0.99593,6.0,14.0,900321
7,12.3,3.78,0.092,0.64,0.99471,23.0,55.0,889651
6,11.0,3.29,0.0559999999999999,0.71,0.99396,6.0,35.0,952383
6,9.5,3.12,0.074,0.59,0.99698,3.0,10.0,596957
6,13.6,3.49,0.046,0.66,0.9902,29.0,80.0,630217
6,11.3,3.38,0.091,0.6,0.99572,15.0,21.0,135337
6,11.3,3.38,0.091,0.6,0.99572,15.0,21.0,592250
6,11.3,3.38,0.091,0.6,0.99572,15.0,21.0,700463
6,13.3,3.3,0.065,0.53,0.99252,14.0,24.0,418477
5,12.9,3.52,0.066,0.58,0.99256,7.0,15.0,315776
8,13.1,3.2,0.076,0.72,0.99235,8.0,17.0,485726
6,12.3,3.44,0.062,0.55,0.99352,21.0,28.0,791803
6,12.3,3.45,0.055,0.48,0.9922,27.0,33.0,260150
6,11.2,3.12,0.081,0.65,0.99674,17.0,29.0,645957
4,11.5,3.62,0.096,0.62,0.99557,3.0,13.0,324567
7,11.3,3.14,0.055,0.59,0.99394,13.0,27.0,412284
6,13.5,3.39,0.063,0.54,0.9915,3.0,11.0,877066
6,11.5,3.51,0.072,0.6,0.99379,26.0,52.0,480354
5,10.0,3.22,0.095,0.68,0.9984,28.0,89.0,266436
6,10.5,3.21,0.092,0.69,0.99798,24.0,70.0,295305
6,10.4,3.18,0.0579999999999999,0.63,0.9977,5.0,10.0,507711
5,9.5,3.32,0.045,0.44,0.99341,57.0,135.0,534807
7,13.6,3.38,0.075,0.88,0.9933,18.0,38.0,815360
7,11.2,3.37,0.089,0.68,0.99684,10.0,18.0,664914
7,11.8,3.3,0.061,0.74,0.99524,6.0,15.0,551608
6,11.9,3.38,0.067,0.6,0.9946,22.0,50.0,711536
6,11.4,3.22,0.08,0.76,0.99774,6.0,13.0,369368
6,11.4,3.22,0.08,0.76,0.99774,6.0,13.0,573332
5,9.1,3.14,0.104,0.58,0.99786,29.0,94.0,444750
6,9.5,3.34,0.079,0.64,0.99764,16.0,86.0,149335
6,9.5,3.41,0.08,0.65,0.9969,33.0,79.0,369652
6,11.0,3.27,0.08,0.85,0.99624,24.0,71.0,363736
6,11.4,3.3,0.043,0.65,0.99354,6.0,12.0,123712
6,10.0,3.61,0.065,0.82,0.99672,16.0,20.0,396167
5,10.1,3.43,0.066,0.62,0.99588,35.0,70.0,357573
6,10.4,3.53,0.076,0.81,0.99672,31.0,51.0,382131
6,9.8,3.28,0.178,0.87,0.996,6.0,21.0,290983
7,11.8,3.21,0.071,0.49,0.99702,6.0,14.0,673787
6,11.6,3.39,0.086,0.66,0.99526,9.0,21.0,702240
6,12.0,3.23,0.061,0.52,0.99585,6.0,11.0,733453
7,12.8,3.3,0.067,0.76,0.99473,4.0,12.0,404303
6,12.5,3.46,0.044,0.65,0.99352,16.0,70.0,123994
5,9.8,3.15,0.118,0.53,0.99616,9.0,38.0,780920
6,11.1,3.23,0.083,0.66,0.99622,17.0,38.0,290130
6,11.4,3.59,0.1,0.68,0.99544,50.0,63.0,620368
5,9.8,3.15,0.118,0.53,0.99616,9.0,38.0,427183
7,11.8,3.33,0.071,0.76,0.99524,45.0,88.0,842841
7,12.9,3.46,0.042,0.87,0.9924,16.0,101.0,909784
6,10.6,3.42,0.076,1.16,0.99572,22.0,54.0,204012
5,10.8,3.16,0.11,0.67,0.99728,11.0,37.0,754868
7,11.1,3.14,0.087,0.72,0.99676,6.0,20.0,594604
6,10.2,3.21,0.076,0.75,0.99551,12.0,21.0,183942
7,11.8,3.14,0.075,0.71,0.99434,12.0,19.0,661949
5,10.0,3.29,0.078,0.67,0.99692,10.0,21.0,434323
5,10.0,3.29,0.078,0.67,0.99692,10.0,21.0,996202
5,9.4,3.01,0.369,1.1,0.99634,15.0,38.0,780650
5,10.2,2.94,0.111,0.98,0.99709,7.0,60.0,999901
7,12.4,3.32,0.074,0.88,0.99528,29.0,48.0,804581
6,12.0,3.21,0.067,0.56,0.99384,8.0,44.0,575070
6,11.5,3.32,0.086,0.62,0.99502,5.0,14.0,277818
6,10.5,3.2,0.062,0.67,0.99667,5.0,12.0,407736
6,10.8,3.42,0.078,0.68,0.99522,26.0,44.0,439180
6,12.3,3.27,0.074,0.74,0.99649,5.0,16.0,986379
6,9.5,3.46,0.079,0.62,0.99716,26.0,65.0,765115
6,9.5,3.46,0.079,0.62,0.99716,26.0,65.0,122253
6,11.5,3.61,0.095,0.7,0.99541,48.0,59.0,158711
4,11.2,3.58,0.079,0.5,0.99572,23.0,47.0,607451
7,12.7,3.35,0.052,0.66,0.99318,6.0,11.0,747305
5,11.4,3.68,0.0409999999999999,0.73,0.99346,17.0,78.0,481376
6,11.0,3.27,0.076,0.81,0.99599,11.0,47.0,271743
6,11.0,3.27,0.076,0.81,0.99599,11.0,47.0,821040
5,11.4,3.19,0.068,0.46,0.99478,5.0,11.0,859212
6,10.5,3.38,0.068,0.86,0.99754,41.0,54.0,988808
5,9.3,3.29,0.07,0.6,0.99572,16.0,61.0,496611
5,10.9,3.36,0.08,0.7,0.99538,11.0,119.0,931774
6,11.9,3.33,0.085,0.46,0.99346,6.0,39.0,875027
5,12.2,3.52,0.079,0.5,0.9963,6.0,12.0,687434
6,11.9,3.33,0.085,0.46,0.99346,6.0,39.0,989037
5,10.9,3.36,0.08,0.7,0.99538,11.0,119.0,654101
4,9.6,3.3,0.075,0.44,0.99616,5.0,19.0,577232
6,12.5,3.28,0.08,0.57,0.99652,6.0,20.0,197644
5,10.8,3.56,0.166,0.51,0.99551,6.0,12.0,816965
7,12.4,3.52,0.063,0.8,0.99439,11.0,41.0,724924
5,10.8,3.56,0.166,0.51,0.99551,6.0,12.0,719668
6,9.5,3.22,0.114,0.59,0.99588,15.0,64.0,521279
6,9.5,3.52,0.078,0.6,0.99633,21.0,56.0,401306
6,9.5,3.21,0.076,0.58,0.99686,23.0,94.0,707294
6,9.8,3.16,0.069,0.54,0.99458,4.0,9.0,816159
6,10.9,3.15,0.052,0.79,0.9951,19.0,77.0,140048
6,9.5,3.21,0.076,0.58,0.99686,23.0,94.0,140225
6,9.8,3.16,0.069,0.54,0.99458,4.0,9.0,826844
7,11.2,3.27,0.065,0.54,0.99419,5.0,10.0,102260
8,11.7,3.35,0.068,0.69,0.99516,6.0,12.0,623805
5,9.4,3.14,0.111,0.55,0.99878,33.0,76.0,822108
7,11.0,3.4,0.074,0.85,0.99534,24.0,44.0,348309
7,11.0,3.4,0.074,0.85,0.99534,24.0,44.0,241785
7,11.0,3.4,0.074,0.85,0.99534,24.0,44.0,656801
5,10.0,3.35,0.136,0.94,0.99752,24.0,52.0,694716
7,11.0,3.4,0.074,0.85,0.99534,24.0,44.0,796015
7,11.2,3.45,0.071,0.87,0.99428,14.0,24.0,737599
6,10.4,3.35,0.078,0.62,0.99498,8.0,15.0,787108
5,9.3,3.32,0.076,0.62,0.9957,22.0,53.0,809477
6,10.4,3.35,0.078,0.62,0.99498,8.0,15.0,516163
6,10.5,3.15,0.071,0.75,0.99659,5.0,13.0,680626
6,10.4,3.1,0.081,0.48,0.99628,6.0,9.0,304131
6,11.3,3.26,0.095,0.56,0.99488,20.0,29.0,833982
6,9.5,3.29,0.079,0.69,0.99677,10.0,79.0,325589
6,12.0,3.23,0.057,0.81,0.99408,43.0,74.0,229020
6,10.6,3.24,0.0819999999999999,0.69,0.996,8.0,24.0,670936
6,10.9,3.2,0.044,0.83,0.99478,25.0,50.0,223799
6,11.5,3.28,0.132,0.77,0.99734,17.0,44.0,563290
6,11.5,3.28,0.132,0.77,0.99734,17.0,44.0,860789
6,9.6,3.26,0.078,0.46,0.99678,33.0,89.0,442699
6,12.0,3.23,0.074,0.76,0.99638,9.0,23.0,641297
6,10.3,3.07,0.08,0.82,0.9992,8.0,20.0,376976
5,9.4,3.15,0.091,0.51,0.99922,18.0,77.0,243256
5,9.2,3.02,0.08,0.47,0.99592,27.0,46.0,369637
5,9.6,3.27,0.104,0.72,0.99769,8.0,21.0,266348
7,13.6,3.68,0.044,0.73,0.99157,18.0,88.0,868904
5,9.5,3.4,0.075,0.64,0.99718,19.0,66.0,376884
6,11.8,3.37,0.066,0.78,0.9947,15.0,58.0,771703
5,10.8,3.38,0.074,0.62,0.99621,48.0,90.0,267923
5,9.5,3.4,0.075,0.64,0.99718,19.0,66.0,713280
4,9.3,3.23,0.057,0.49,0.99614,14.0,36.0,857849
6,12.8,3.39,0.059,0.4,0.99242,11.0,18.0,679395
4,11.5,3.3,0.054,0.56,0.99572,6.0,113.0,825326
6,9.4,3.26,0.07,0.64,0.99659,7.0,17.0,314164
6,12.8,3.39,0.059,0.4,0.99242,11.0,18.0,668815
4,9.6,3.38,0.081,0.46,0.99798,12.0,24.0,705087
4,11.8,3.45,0.057,0.56,0.99488,11.0,20.0,726794
5,9.3,3.1,0.076,0.4,0.99494,36.0,60.0,826125
5,9.8,3.16,0.079,0.59,0.99729,28.0,65.0,473566
6,12.2,3.22,0.0579999999999999,0.6,0.99414,15.0,40.0,399048
5,9.5,3.37,0.0819999999999999,0.62,0.9983,10.0,86.0,650753
6,10.3,3.33,0.067,0.54,0.99721,72.0,160.0,925974
5,10.5,3.49,0.0819999999999999,0.68,0.99655,15.0,34.0,132831
5,10.0,3.12,0.086,0.48,0.99502,15.0,48.0,579311
5,10.5,3.49,0.0819999999999999,0.68,0.99655,15.0,34.0,445427
6,11.1,3.41,0.081,0.75,0.9949,22.0,36.0,424035
6,10.9,3.4,0.079,0.61,0.99514,24.0,37.0,268026
6,10.9,3.4,0.079,0.61,0.99514,24.0,37.0,532587
5,9.8,3.28,0.077,0.59,0.9963,27.0,60.0,246047
5,9.8,3.45,0.123,0.58,0.99627,6.0,14.0,158320
5,9.5,3.43,0.096,0.58,0.99569,6.0,13.0,151965
5,10.9,3.4,0.079,0.69,0.99628,20.0,35.0,367317
5,11.0,3.47,0.069,0.45,0.99358,26.0,46.0,980379
5,9.2,3.1,0.0819999999999999,0.42,0.99499,43.0,60.0,584966
6,11.0,3.32,0.085,0.7,0.99633,12.0,69.0,324829
6,11.3,3.44,0.123,0.63,0.99538,15.0,33.0,424084
6,11.3,3.44,0.123,0.63,0.99538,15.0,33.0,642234
5,9.3,3.02,0.4029999999999999,1.15,0.99632,19.0,56.0,196526
4,11.2,3.59,0.083,0.55,0.99437,17.0,24.0,160620
5,9.8,3.15,0.081,0.58,0.99726,34.0,66.0,348912
4,9.6,3.37,0.089,0.46,0.9978,13.0,26.0,270271
6,11.8,3.38,0.066,0.72,0.99456,26.0,51.0,128783
6,10.3,3.38,0.081,0.6,0.99564,16.0,36.0,156852
6,10.3,3.38,0.081,0.6,0.99564,16.0,36.0,357903
6,11.4,3.1,0.068,0.87,0.996,13.0,19.0,877880
6,9.5,3.47,0.079,0.55,0.99668,21.0,51.0,444635
8,14.0,3.5,0.044,0.82,0.9908,28.0,87.0,413812
6,14.0,3.7,0.048,0.75,0.99084,26.0,60.0,394543
6,11.7,3.38,0.049,0.57,0.9935,24.0,64.0,830260
5,11.2,3.5,0.077,0.53,0.99385,25.0,44.0,767622
5,9.3,3.1,0.073,0.43,0.99494,34.0,44.0,489165
6,11.2,3.24,0.102,0.53,0.9944,17.0,36.0,238522
6,9.5,3.24,0.075,0.54,0.99688,13.0,81.0,634706
4,12.0,3.28,0.05,0.56,0.99566,3.0,10.0,951456
6,9.7,3.35,0.114,0.6,0.99636,3.0,10.0,908513
6,9.5,3.24,0.075,0.54,0.99688,13.0,81.0,791672
7,11.5,3.14,0.062,0.57,0.9948,3.0,9.0,297193
6,10.4,3.37,0.077,0.64,0.9956,28.0,54.0,814641
6,10.4,3.37,0.077,0.64,0.9956,28.0,54.0,156780
6,10.9,3.33,0.084,0.68,0.99619,9.0,22.0,637021
6,10.2,3.26,0.096,0.63,0.99734,17.0,69.0,514261
5,10.9,3.39,0.071,0.56,0.99476,18.0,36.0,686431
5,10.5,3.15,0.09,0.57,0.99734,20.0,47.0,889029
6,12.4,3.35,0.068,0.54,0.99328,17.0,31.0,479127
5,13.0,3.22,0.0559999999999999,0.37,0.99286,3.0,7.0,335388
5,10.2,3.3,0.068,1.17,0.99914,20.0,110.0,548643
5,10.2,3.3,0.068,1.17,0.99914,20.0,110.0,174805
5,11.0,3.36,0.1,0.59,0.99521,6.0,12.0,729793
6,10.9,3.29,0.073,0.75,0.99638,25.0,60.0,497309
6,12.4,3.62,0.0559999999999999,0.67,0.99362,14.0,28.0,411461
4,9.7,3.34,0.084,0.49,0.99672,6.0,12.0,485257
6,10.9,3.29,0.073,0.75,0.99638,25.0,60.0,152440
5,9.5,3.2,0.093,0.45,0.99558,51.0,77.5,534711
5,9.5,3.2,0.093,0.45,0.99558,51.0,77.5,780918
6,12.1,3.35,0.064,0.61,0.99323,15.0,29.0,284460
6,12.2,3.45,0.063,0.56,0.99191,11.0,18.0,994411
3,10.9,3.5,0.1369999999999999,0.4,0.99476,5.0,9.0,971503
6,12.5,3.78,0.08,0.61,0.99444,15.0,28.0,906097
6,11.7,3.6,0.1,0.74,0.99598,20.0,57.0,236332
6,11.2,3.3,0.064,0.8,0.99576,4.0,15.0,394499
5,11.2,3.36,0.081,0.66,0.99501,28.0,68.0,298385
5,9.2,3.12,0.087,0.44,0.9955,21.0,68.0,715594
5,9.8,3.3,0.073,0.53,0.99612,24.0,88.0,874728
5,10.1,3.29,0.088,0.62,0.9979,22.0,91.0,762056
4,11.1,3.41,0.068,0.52,0.99524,15.0,29.0,184407
5,10.1,3.29,0.088,0.62,0.9979,22.0,91.0,495340
5,9.2,3.28,0.071,0.61,0.996,27.0,63.0,596787
5,9.8,3.3,0.073,0.53,0.99612,24.0,88.0,478270
6,12.8,3.33,0.064,0.59,0.9929,12.0,27.0,507077
5,10.5,3.34,0.083,0.47,0.99532,14.0,41.0,559479
6,10.1,3.4,0.086,0.54,0.99558,20.0,65.0,333212
6,10.1,3.4,0.086,0.53,0.99556,24.0,69.0,793867
6,9.8,3.26,0.083,0.58,0.99616,17.0,91.0,712168
6,12.5,4.01,0.0409999999999999,0.59,0.99258,16.0,46.0,521722
6,11.9,3.18,0.091,0.69,0.99638,10.0,41.0,494438
6,9.8,3.26,0.083,0.58,0.99616,17.0,91.0,594203
6,9.1,2.9,0.414,1.33,0.99652,18.0,64.0,284416
5,10.1,3.26,0.094,0.66,0.99796,12.0,88.0,676786
6,12.5,4.01,0.0409999999999999,0.59,0.99258,16.0,46.0,731686
5,11.4,3.18,0.0579999999999999,0.55,0.99392,9.0,18.0,612728
7,11.0,3.18,0.06,0.82,0.99495,21.0,55.0,376907
6,10.6,3.39,0.077,0.6,0.9948,18.0,34.0,824882
6,10.6,3.39,0.077,0.6,0.9948,18.0,34.0,980920
6,10.6,3.39,0.077,0.6,0.9948,18.0,34.0,446895
6,10.6,3.39,0.077,0.6,0.9948,18.0,34.0,421594
5,9.3,3.34,0.073,0.52,0.9955,13.0,38.0,158774
6,9.8,3.29,0.083,0.56,0.99616,17.0,91.0,950950
6,9.8,3.29,0.083,0.56,0.99616,17.0,91.0,327540
5,9.2,3.26,0.107,0.46,0.99668,31.0,67.0,961503
6,9.7,3.09,0.075,0.43,0.99581,6.0,25.0,193512
5,9.6,3.18,0.079,0.51,0.9976,12.0,48.0,528729
5,10.0,3.39,0.166,0.52,0.99608,4.0,11.0,749073
6,12.6,3.38,0.069,0.66,0.99387,19.0,40.0,122685
5,9.5,3.36,0.057,0.45,0.99448,15.0,26.0,840832
5,9.5,3.36,0.057,0.45,0.99448,15.0,26.0,427578
5,9.5,3.36,0.057,0.45,0.99448,15.0,26.0,641392
6,10.5,3.36,0.084,0.54,0.99538,13.0,31.0,921369
6,10.5,3.36,0.084,0.54,0.99538,13.0,31.0,737215
6,10.5,3.36,0.084,0.54,0.99538,13.0,31.0,980114
6,10.4,3.37,0.085,0.51,0.99589,17.0,31.0,904324
6,10.5,3.36,0.084,0.54,0.99538,13.0,31.0,981354
5,11.0,3.09,0.077,0.53,0.99852,8.0,20.0,518414
6,10.2,3.25,0.063,0.53,0.99613,10.0,28.0,569251
5,11.4,3.52,0.0559999999999999,0.56,0.99472,5.0,13.0,264555
5,9.5,3.34,0.078,0.39,0.99587,7.0,12.0,367485
5,9.5,3.34,0.078,0.39,0.99587,7.0,12.0,679940
5,10.8,3.41,0.081,0.52,0.99518,21.0,41.0,882247
5,10.0,3.34,0.069,0.57,0.99654,32.0,73.0,870589
6,11.8,3.32,0.065,0.51,0.99332,8.0,46.0,679263
5,10.3,3.37,0.086,0.46,0.9969,14.0,57.0,314805
5,10.3,3.37,0.086,0.46,0.9969,14.0,57.0,655717
5,10.0,3.35,0.077,0.52,0.99568,7.0,28.0,721600
5,10.1,3.36,0.086,0.44,0.99464,5.0,32.0,225250
5,10.1,3.36,0.084,0.44,0.99464,4.0,28.0,518067
6,11.1,3.6,0.078,0.59,0.99648,27.0,67.0,281485
5,9.5,3.28,0.168,0.5,0.99736,52.0,98.0,154901
6,10.0333333333333,3.07,0.091,0.65,0.99704,6.0,28.0,822757
5,10.9,3.24,0.1119999999999999,0.56,0.99699,11.0,38.0,966312
5,10.1,3.36,0.093,0.54,0.99724,13.0,54.0,507386
6,10.0333333333333,3.07,0.091,0.65,0.99704,6.0,28.0,593575
4,9.8,3.29,0.08,0.48,0.99652,11.0,63.0,487927
6,11.8,3.46,0.096,0.53,0.995,10.0,31.0,947658
5,9.5,3.18,0.115,0.62,0.9971,10.0,42.0,129162
5,9.8,3.24,0.094,0.5,0.99576,10.0,45.0,356629
6,10.5,3.25,0.088,1.18,0.99725,9.0,105.0,866457
6,9.8,3.27,0.079,0.5,0.99656,16.0,74.0,251371
4,10.4,3.33,0.069,0.37,0.99396,4.0,8.0,633263
5,9.2,3.0,0.415,1.17,0.99623,12.0,66.0,487609
6,11.6,3.21,0.153,1.03,0.99476,5.0,14.0,907431
5,9.2,3.0,0.415,1.17,0.99623,12.0,66.0,561556
5,9.3,3.24,0.11,0.45,0.99664,34.0,89.0,495179
3,9.8,3.32,0.267,0.51,0.99471,16.0,29.0,621402
5,9.9,3.26,0.083,0.52,0.99586,13.0,100.0,970528
5,10.0,3.11,0.086,0.46,0.9946,7.0,31.0,872116
6,12.2,3.71,0.09,0.62,0.9953,23.0,74.0,543016
6,9.9,3.29,0.078,0.51,0.99609,10.0,28.0,330317
6,10.8,3.36,0.077,0.62,0.99557,11.0,35.0,955018
6,10.8,3.36,0.077,0.62,0.99557,11.0,35.0,998302
5,9.6,3.38,0.074,0.45,0.99534,4.0,25.0,552576
5,9.9,3.3,0.08,0.49,0.99613,25.0,105.0,411220
5,9.9,3.3,0.08,0.49,0.99613,25.0,105.0,820838
5,9.5,3.19,0.107,0.5,0.99593,20.0,84.0,542978
5,9.2,3.19,0.076,0.42,0.99668,34.0,85.0,510547
5,9.6,3.3,0.1,0.58,0.9961,8.0,23.0,817556
5,9.6,3.3,0.1,0.58,0.9961,8.0,23.0,711760
5,10.3,3.35,0.083,0.68,0.99718,7.0,49.0,342347
5,9.7,3.1,0.08,0.53,0.99524,36.0,111.0,301552
6,12.5,3.58,0.068,0.59,0.99292,15.0,33.0,800457
5,11.0,3.37,0.094,0.58,0.99612,5.0,33.0,699453
5,9.8,3.17,0.07,0.48,0.9942,5.0,12.0,388475
5,10.2,3.3,0.078,0.48,0.99612,19.0,59.0,169473
5,9.2,3.32,0.07,0.48,0.99669,27.0,73.0,351535
6,9.55,3.31,0.092,0.65,0.99745,3.0,12.0,718739
5,9.55,3.31,0.09,0.65,0.99745,4.0,11.0,325675
5,9.9,3.28,0.08,0.52,0.99584,17.0,104.0,703115
7,10.2,3.52,0.083,0.62,0.9966,13.0,28.0,668103
6,11.1,3.42,0.068,0.72,0.9956,10.0,24.0,912236
5,9.9,3.25,0.08,0.51,0.9962,33.0,141.0,203912
5,9.9,3.25,0.08,0.51,0.9962,33.0,141.0,737499
6,11.9,3.44,0.052,0.82,0.9963,6.0,24.0,665676
8,10.0,3.23,0.061,1.1,0.996,3.0,13.0,175584
6,10.7,3.43,0.0819999999999999,0.62,0.9985,12.0,46.0,903024
7,11.3,3.28,0.062,0.9,0.9952,18.0,34.0,428133
6,10.9,3.22,0.062,0.94,0.9974,8.0,22.0,952297
6,10.7,3.54,0.064,0.93,0.995,40.0,54.0,395824
7,12.4,3.27,0.048,1.01,0.995,35.0,53.0,104441
6,10.7,3.54,0.064,0.93,0.995,40.0,54.0,744213
6,11.9,3.5,0.0819999999999999,0.44,0.9936,5.0,16.0,324050
6,10.6,3.56,0.071,0.73,0.9963,8.0,19.0,402800
6,10.9,3.22,0.062,0.94,0.9974,8.0,22.0,564404
5,10.1,3.04,0.104,0.9,0.9963,12.0,89.0,594421
5,9.6,3.2,0.077,0.78,0.9994,3.0,15.0,458583
5,9.4,3.56,0.065,0.84,0.9966,8.0,18.0,545321
5,9.6,3.2,0.077,0.78,0.9994,3.0,15.0,511426
7,12.1,3.35,0.064,0.77,0.9952,21.0,37.0,681754
5,9.8,3.16,0.077,0.46,0.995,3.0,19.0,916362
5,9.9,3.27,0.077,0.45,0.9956,32.0,133.0,308093
5,9.8,3.16,0.077,0.46,0.995,3.0,19.0,162675
5,9.4,3.34,0.079,0.58,0.9965,24.0,58.0,134697
6,11.4,3.39,0.079,0.84,0.9956,39.0,55.0,224845
4,11.0,3.5,0.123,0.67,0.9968,14.0,31.0,968017
6,9.6,3.26,0.076,0.7,0.9974,8.0,23.0,433513
6,9.6,3.26,0.076,0.7,0.9974,8.0,23.0,930048
6,12.1,3.41,0.046,0.71,0.9971,23.0,60.0,433662
5,11.2,3.3,0.078,0.58,0.9957,6.0,23.0,344192
5,11.0,3.31,0.072,0.63,0.9962,27.0,55.0,145547
5,11.3,3.33,0.049,0.93,0.996,38.0,67.0,478700
5,10.4,3.37,0.066,0.62,0.9956,18.0,47.0,252215
6,9.9,3.26,0.069,0.54,0.9958,13.0,74.0,370037
6,11.7,3.48,0.042,0.85,0.9944,3.0,11.0,295794
7,10.1,3.42,0.069,0.74,0.9955,11.0,25.0,893366
6,9.0,3.18,0.214,0.77,1.00369,55.0,95.0,948228
6,9.0,3.18,0.214,0.77,1.00369,55.0,95.0,581299
5,8.5,3.15,0.1689999999999999,0.65,0.99914,27.0,90.0,787151
5,11.1,3.53,0.07,0.54,0.99577,15.0,39.0,675206
5,10.3,3.41,0.052,0.47,0.996,3.0,8.0,545983
6,11.066666666666698,3.32,0.072,0.68,0.99566,31.0,92.0,814196
7,11.3,3.23,0.062,0.73,0.9947,15.0,28.0,729919
6,9.56666666666667,3.16,0.094,0.52,0.99713,19.0,98.0,711132
5,9.8,3.4,0.078,0.75,0.99712,18.0,30.0,529016
5,11.7,3.38,0.0579999999999999,0.49,0.99322,8.0,22.0,739479
6,11.1,3.32,0.072,0.68,0.99566,31.0,92.0,194626
6,9.6,3.16,0.094,0.52,0.99713,19.0,98.0,442983
5,9.8,3.4,0.078,0.75,0.99712,18.0,30.0,108382
5,9.7,3.4,0.08,0.74,0.99701,22.0,39.0,853684
5,9.7,3.4,0.08,0.73,0.99683,40.0,54.0,708771
8,11.3,3.23,0.0559999999999999,0.76,0.99472,15.0,29.0,281246
7,11.3,3.23,0.062,0.73,0.9947,15.0,28.0,819096
7,11.0,3.33,0.104,0.78,0.99732,8.0,17.0,424173
7,11.6,3.35,0.062,0.76,0.99374,37.0,53.0,238058
5,9.0,3.41,0.074,0.58,0.99706,27.0,85.0,776102
6,10.9,3.21,0.073,0.69,0.99974,7.0,23.0,539184
6,10.9,3.5,0.052,0.63,0.99467,9.0,17.0,202872
6,10.55,3.3,0.05,0.5,0.99236,38.0,89.0,623235
5,9.0,3.41,0.074,0.58,0.99706,27.0,85.0,776478
5,10.5,3.39,0.067,0.6,0.99603,8.0,20.0,319999
7,11.9,3.32,0.054,0.8,0.99458,7.0,15.0,602285
6,10.4,3.41,0.054,0.68,0.99724,34.0,64.0,606810
4,10.0,3.59,0.06,0.61,0.99664,6.0,13.0,602149
6,10.4,3.36,0.075,0.58,0.99545,14.0,31.0,183019
6,10.8,3.34,0.076,0.53,0.99522,14.0,39.0,134036
5,9.7,3.41,0.063,0.67,0.9958,34.0,53.0,977980
5,9.7,3.41,0.063,0.67,0.9958,34.0,53.0,398635
7,10.0,3.3,0.062,0.65,0.99728,31.0,54.0,984333
4,11.0,3.52,0.067,0.57,0.99648,19.0,32.0,710506
7,10.0,3.3,0.062,0.65,0.99728,31.0,54.0,926435
3,9.7,3.31,0.061,0.55,0.99705,20.0,49.0,872192
5,9.7,2.88,0.084,0.47,0.99578,8.0,24.0,588080
5,12.6,3.43,0.067,0.52,0.99334,8.0,16.0,746367
6,11.1,3.38,0.073,0.79,0.99656,23.0,44.0,411173
5,11.0,3.38,0.071,0.54,0.99336,14.0,45.0,782867
5,8.8,3.16,0.205,0.75,1.00242,48.0,82.0,403736
7,13.566666666666698,3.54,0.048,0.88,0.99182,16.0,89.0,822696
5,8.8,3.16,0.205,0.75,1.00242,48.0,82.0,173839
7,13.6,3.54,0.048,0.88,0.99182,16.0,89.0,908270
3,10.2,3.4,0.0819999999999999,0.52,0.99808,3.0,14.0,662296
5,10.6,3.39,0.104,0.68,0.99828,10.0,22.0,465031
4,10.1,3.66,0.08,0.62,0.99498,6.0,13.0,857916
5,10.6,3.39,0.104,0.68,0.99828,10.0,22.0,152371
4,10.3,3.33,0.114,0.57,0.99719,3.0,9.0,734520
5,10.7,3.35,0.042,0.61,0.99542,6.0,12.0,191742
4,10.9,3.53,0.06,0.64,0.99592,4.0,11.0,675770
5,9.7,3.37,0.074,0.55,0.99606,8.0,25.0,497160
5,10.3,3.38,0.07,0.6,0.99546,9.0,23.0,289034
5,10.6,3.52,0.066,0.78,0.99496,9.0,17.0,570659
5,11.4,3.72,0.049,0.58,0.9942,5.0,13.0,252838
6,10.8,3.44,0.048,0.76,0.99448,4.0,11.0,910790
6,12.4,3.39,0.039,0.56,0.99344,8.0,18.0,351310
5,11.4,3.72,0.049,0.58,0.9942,5.0,13.0,259761
5,11.95,3.57,0.05,0.54,0.99348,6.0,18.0,414088
5,9.7,3.26,0.089,0.59,0.99636,23.0,147.0,691921
7,10.0,3.42,0.066,0.7,0.99459,15.0,28.0,346602
6,10.6,3.35,0.08,0.81,0.99492,15.0,28.0,489945
5,9.7,3.26,0.089,0.59,0.99636,23.0,147.0,539120
6,11.5,3.45,0.054,0.63,0.99508,7.0,16.0,741804
6,10.8,3.53,0.068,0.58,0.99582,7.0,13.0,490607
6,11.5,3.45,0.054,0.63,0.99508,7.0,16.0,215969
5,9.6,3.26,0.076,0.53,0.99508,8.0,15.0,156178
5,9.4,3.16,0.083,0.53,0.99642,21.0,64.0,550045
5,9.8,3.31,0.078,0.54,0.99638,15.0,60.0,335127
6,11.0,3.51,0.077,0.69,0.99555,6.0,14.0,653636
6,11.4,3.36,0.106,0.55,0.99605,5.0,12.0,261557
3,9.95,3.55,0.078,0.63,0.996,6.0,12.0,263481
6,10.8,3.51,0.07,0.66,0.99562,6.0,14.0,464833
6,11.4,3.36,0.106,0.55,0.99605,5.0,12.0,767442
6,10.6,3.38,0.074,0.72,0.99814,17.0,25.0,614422
5,11.1,3.28,0.062,0.7,0.9941,7.0,20.0,392747
6,9.7,3.47,0.047,0.77,0.99661,26.0,48.0,375145
5,9.8,3.44,0.068,0.67,0.99712,19.0,27.0,718859
6,10.4,3.53,0.061,0.65,0.99588,11.0,17.0,133637
6,10.5,3.33,0.078,0.6,0.99294,17.0,65.0,773317
6,9.23333333333333,3.53,0.074,0.72,0.99842,16.0,65.0,390335
6,9.25,3.53,0.074,0.72,0.99842,16.0,65.0,645084
5,10.6,3.42,0.071,0.97,0.99633,23.0,58.0,179152
6,10.3,3.38,0.063,0.83,0.99489,29.0,44.0,286606
5,10.5,3.32,0.114,0.63,0.99647,7.0,20.0,801198
5,10.2,3.44,0.106,0.58,0.99665,14.0,27.0,564190
6,10.3,3.38,0.063,0.83,0.99489,29.0,44.0,466891
4,9.05,3.39,0.0819999999999999,0.43,0.99585,9.0,23.0,718257
5,10.6,3.42,0.071,0.97,0.99633,23.0,58.0,954706
5,10.4,3.34,0.076,0.6,0.9953,29.0,61.0,698638
6,10.0,3.39,0.075,0.78,0.99522,22.0,47.0,833795
5,9.7,3.33,0.064,0.64,0.99552,18.0,34.0,747449
6,9.6,3.3,0.064,0.65,0.99553,18.0,38.0,717706
6,10.8,3.29,0.071,0.66,0.9951,15.0,24.0,634660
6,10.1,3.31,0.096,0.67,0.99714,21.0,59.0,335274
6,10.2,3.42,0.063,0.6,0.99608,42.0,52.0,730777
6,11.3,3.42,0.063,0.69,0.99444,9.0,18.0,719451
5,10.2,3.6,0.081,0.66,0.99631,13.0,28.0,747211
6,9.9,3.21,0.0579999999999999,0.68,0.99573,18.0,22.0,525742
5,9.0,3.39,0.074,0.61,0.99717,32.0,84.0,789147
7,11.7,3.42,0.064,0.62,0.99397,13.0,29.0,418050
6,9.7,3.36,0.075,0.59,0.9959,15.0,35.0,708924
6,10.3,3.6,0.077,0.68,0.99528,24.0,45.0,404261
6,10.2,3.5,0.059,0.64,0.99484,20.0,31.0,769286
5,12.0,3.57,0.081,0.63,0.99538,15.0,26.0,692049
5,9.9,3.46,0.065,0.78,0.99714,34.0,60.0,464907
6,11.6,3.56,0.071,0.63,0.99646,11.0,32.0,595435
7,10.9,3.4,0.054,0.76,0.99666,19.0,49.0,313256
6,10.75,3.3,0.064,0.56,0.99472,29.0,38.0,421363
6,10.4,3.25,0.064,0.57,0.99758,14.0,19.0,484188
7,11.2,3.17,0.063,0.81,0.9955,12.0,19.0,637734
6,10.1,3.36,0.059,0.64,0.99531,16.0,28.0,611051
5,10.2,3.36,0.072,0.61,0.99575,17.0,26.0,181322
5,12.1,3.55,0.048,0.51,0.99306,12.0,26.0,653493
5,10.4,3.1,0.099,0.58,0.99783,19.0,50.0,231321
8,11.4,3.24,0.074,0.7,0.99419,17.0,24.0,152364
5,9.5,3.45,0.087,0.53,0.99783,17.0,26.0,852628
5,9.4,3.44,0.083,0.54,0.99768,18.0,27.0,794005
6,11.3,3.51,0.103,0.66,0.99586,32.0,54.0,505252
5,9.4,3.41,0.08,0.6,0.99765,18.0,28.0,260845
6,11.0,3.54,0.062,0.6,0.99627,15.0,23.0,148919
7,10.55,3.44,0.065,0.68,0.99514,15.0,24.0,330054
5,9.9,3.53,0.066,0.56,0.99636,12.0,20.0,739468
6,11.0,3.54,0.062,0.6,0.99627,15.0,23.0,848076
5,9.5,3.22,0.235,0.56,0.99787,66.0,115.0,550950
5,9.9,3.21,0.08,0.52,0.99622,31.0,131.0,548051
5,9.9,3.21,0.08,0.52,0.99622,31.0,131.0,751490
5,9.9,3.21,0.08,0.52,0.99622,31.0,131.0,460964
5,10.1,3.29,0.076,0.54,0.99546,12.0,20.0,647453
5,10.1,3.29,0.076,0.54,0.99546,12.0,20.0,910347
5,10.1,3.29,0.076,0.54,0.99546,12.0,20.0,786638
6,10.9,3.39,0.061,0.82,0.99489,26.0,42.0,847403
6,11.2,3.34,0.059,0.71,0.99494,24.0,52.0,910998
5,10.1,3.29,0.076,0.54,0.99546,12.0,20.0,561754
5,9.2,3.34,0.077,0.59,0.99629,25.0,42.0,927495
6,11.5,3.48,0.0559999999999999,0.57,0.99396,15.0,34.0,498050
6,12.4,3.37,0.23,0.93,0.9934,19.0,35.0,465848
6,11.1,3.44,0.038,0.65,0.99514,15.0,25.0,503320
5,9.5,3.33,0.069,0.51,0.99632,35.0,104.0,282589
6,12.5,3.58,0.075,0.67,0.99467,15.0,50.0,448701
6,10.5,3.39,0.074,0.48,0.99677,23.0,92.0,349594
6,11.8,3.26,0.06,0.64,0.99474,12.0,20.0,754585
6,10.8,3.3,0.081,0.78,0.99588,16.0,29.0,405318
6,11.9,3.54,0.076,0.6,0.99622,13.0,27.0,171563
6,11.3,3.42,0.118,0.67,0.9954,13.0,20.0,492953
5,11.3,3.54,0.053,0.6,0.99402,24.0,32.0,262524
6,11.9,3.36,0.068,0.6,0.9947,9.0,26.0,445368
5,11.3,3.54,0.053,0.6,0.99402,24.0,32.0,990031
5,11.9,3.57,0.053,0.5,0.99362,13.0,27.0,179536
5,9.8,3.33,0.074,0.62,0.99578,32.0,98.0,981603
7,11.6,3.29,0.061,0.8,0.99484,24.0,34.0,958123
6,11.5,3.3,0.066,0.84,0.99494,22.0,48.0,453877
6,11.4,3.34,0.065,0.85,0.99492,34.0,60.0,325463
6,10.9,3.55,0.066,0.66,0.99483,18.0,28.0,633464
6,12.8,3.27,0.068,0.78,0.99414,34.0,102.0,617908
5,9.2,3.29,0.073,0.54,0.9977,29.0,79.0,238266
6,11.6,3.32,0.077,0.82,0.99314,26.0,35.0,920080
6,11.6,3.67,0.089,0.56,0.99402,16.0,26.0,395870
6,11.0,3.42,0.076,0.75,0.99574,29.0,40.0,951352
6,9.5,3.42,0.068,0.82,0.99651,28.0,38.0,720042
5,10.5,3.45,0.09,0.58,0.9949,32.0,44.0,852181
6,11.2,3.52,0.062,0.76,0.99512,39.0,51.0,691605
6,11.0,3.42,0.076,0.75,0.99574,29.0,40.0,457541
5,10.2,3.57,0.075,0.71,0.99547,32.0,44.0,961429
6,11.0,3.39,0.067,0.66,0.99549,18.0,42.0,177466
