wine_id,chlorides,free sulfur dioxide,total sulfur dioxide,density,pH,sulphates,alcohol,quality
509004,0.076,11.0,34.0,0.9978,3.51,0.56,9.4,5
758057,0.098,25.0,67.0,0.9968,3.2,0.68,9.8,5
639480,0.092,15.0,54.0,0.997,3.26,0.65,9.8,5
903785,0.075,17.0,60.0,0.998,3.16,0.58,9.8,6
565548,0.076,11.0,34.0,0.9978,3.51,0.56,9.4,5
441848,0.075,13.0,40.0,0.9978,3.51,0.56,9.4,5
368026,0.069,15.0,59.0,0.9964,3.3,0.46,9.4,5
606821,0.065,15.0,21.0,0.9946,3.39,0.47,10.0,7
544430,0.073,9.0,18.0,0.9968,3.36,0.57,9.5,7
968989,0.071,17.0,102.0,0.9978,3.35,0.8,10.5,5
779885,0.0969999999999999,15.0,65.0,0.9959,3.28,0.54,9.2,5
682954,0.071,17.0,102.0,0.9978,3.35,0.8,10.5,5
828526,0.089,16.0,59.0,0.9943,3.58,0.52,9.9,5
139113,0.114,9.0,29.0,0.9974,3.26,1.56,9.1,5
959862,0.176,52.0,145.0,0.9986,3.16,0.88,9.2,5
223040,0.17,51.0,148.0,0.9986,3.17,0.93,9.2,5
102220,0.092,35.0,103.0,0.9969,3.3,0.75,10.5,7
410284,0.368,16.0,56.0,0.9968,3.11,1.28,9.3,5
167580,0.086,6.0,29.0,0.9974,3.38,0.5,9.0,4
193723,0.341,17.0,56.0,0.9969,3.04,1.08,9.2,6
157120,0.077,29.0,60.0,0.9968,3.39,0.53,9.4,6
441212,0.0819999999999999,23.0,71.0,0.9982,3.52,0.65,9.7,5
694109,0.106,10.0,37.0,0.9966,3.17,0.91,9.5,5
970912,0.084,9.0,67.0,0.9968,3.17,0.53,9.4,5
517049,0.085,21.0,40.0,0.9968,3.43,0.63,9.7,6
501842,0.08,11.0,23.0,0.9955,3.34,0.56,9.3,5
638491,0.08,4.0,11.0,0.9962,3.28,0.59,9.5,5
473368,0.106,10.0,37.0,0.9966,3.17,0.91,9.5,5
125991,0.08,14.0,35.0,0.9972,3.47,0.55,9.4,5
539960,0.0819999999999999,8.0,16.0,0.9964,3.38,0.59,9.8,6
895093,0.089,17.0,82.0,0.9958,3.35,0.54,10.1,5
321828,0.105,22.0,37.0,0.9966,3.46,0.57,10.6,6
119895,0.083,15.0,113.0,0.9966,3.17,0.66,9.8,5
336627,0.073,40.0,83.0,0.9993,3.45,0.52,9.4,6
749605,0.103,13.0,50.0,0.9957,3.38,0.55,9.2,5
832479,0.086,5.0,18.0,0.9986,3.4,0.55,9.6,6
135660,0.086,3.0,15.0,0.9975,3.42,0.6,10.8,6
646753,0.066,13.0,30.0,0.9968,3.23,0.73,9.7,7
929491,0.172,7.0,19.0,0.994,3.5,0.48,9.8,4
873905,0.074,12.0,87.0,0.9978,3.33,0.83,10.5,5
712462,0.074,12.0,87.0,0.9978,3.33,0.83,10.5,5
494631,0.088,17.0,46.0,0.9976,3.26,0.51,9.3,4
527274,0.332,8.0,14.0,0.9968,3.21,0.9,10.5,6
997903,0.069,9.0,23.0,0.9968,3.3,1.2,10.3,5
793715,0.05,5.0,11.0,0.9962,3.48,0.52,9.5,5
181964,0.054,8.0,65.0,0.9934,3.9,0.56,13.1,4
142233,0.114,22.0,114.0,0.997,3.25,0.73,9.2,5
833745,0.113,12.0,37.0,0.9969,3.25,0.58,9.5,5
377493,0.066,5.0,12.0,0.9958,3.34,0.56,9.2,5
193969,0.074,12.0,96.0,0.9954,3.32,0.58,9.2,5
468077,0.074,4.0,23.0,0.9971,3.15,0.74,9.2,5
171538,0.069,8.0,15.0,0.9956,3.4,0.63,9.4,6
255086,0.068,6.0,14.0,0.9955,3.39,0.64,9.4,6
951036,0.081,30.0,119.0,0.997,3.2,0.56,9.4,5
518133,0.11,33.0,73.0,0.9955,3.17,0.63,10.2,6
335880,0.084,25.0,45.0,0.9978,3.34,0.53,9.5,5
164203,0.07,4.0,10.0,0.9971,3.04,0.63,9.6,5
214761,0.111,50.0,110.0,0.9983,3.26,0.77,9.4,5
424454,0.076,17.0,54.0,0.9975,3.43,0.59,10.0,5
262655,0.074,9.0,46.0,0.9962,3.41,0.54,9.4,6
229967,0.079,19.0,52.0,0.998,3.44,0.64,9.2,5
298307,0.115,20.0,112.0,0.9968,3.21,0.71,9.3,5
945928,0.085,12.0,35.0,0.9968,3.38,0.62,9.5,7
735841,0.081,13.0,54.0,0.9966,3.39,0.57,9.8,5
240891,0.086,4.0,11.0,0.9962,3.41,0.39,10.9,5
718251,0.086,4.0,11.0,0.9962,3.41,0.39,10.9,5
137708,0.079,11.0,39.0,0.9968,3.42,0.58,9.6,5
759026,0.076,6.0,15.0,0.9962,3.44,0.58,10.7,5
150323,0.074,27.0,65.0,0.9969,3.28,0.79,10.7,5
257694,0.074,8.0,19.0,0.9962,3.34,0.95,10.5,6
888445,0.076,15.0,27.0,0.9967,3.32,0.54,9.5,6
391667,0.088,17.0,96.0,0.9962,3.32,0.48,9.5,5
140485,0.084,18.0,94.0,0.9961,3.31,0.48,9.5,5
773745,0.084,11.0,43.0,0.9976,3.31,0.53,9.2,4
216710,0.094,28.0,83.0,0.9984,3.28,0.82,9.6,5
322638,0.093,9.0,42.0,0.9986,3.54,0.66,10.5,5
410032,0.093,9.0,42.0,0.9986,3.54,0.66,10.5,5
993132,0.104,14.0,30.0,0.9966,3.52,0.55,10.7,6
424635,0.086,12.0,80.0,0.9958,3.38,0.52,10.1,5
280843,0.08,27.0,119.0,0.9972,3.16,1.12,9.1,4
867854,0.069,3.0,15.0,0.9958,3.41,0.56,9.2,5
571611,0.4639999999999999,22.0,67.0,0.9974,3.13,1.28,9.4,5
699050,0.086,21.0,73.0,0.997,3.36,0.57,9.1,5
594710,0.401,16.0,51.0,0.9969,3.16,1.14,9.4,5
418254,0.069,18.0,61.0,0.9959,3.44,0.78,10.3,6
250947,0.076,19.0,40.0,0.9961,3.41,0.59,10.1,5
502594,0.11,20.0,136.0,0.9972,2.93,1.95,9.9,6
544970,0.062,9.0,31.0,0.9966,3.39,0.64,9.6,5
173997,0.107,34.0,125.0,0.9978,3.14,1.22,9.5,5
764837,0.076,8.0,24.0,0.9978,3.48,0.53,9.0,5
654148,0.079,42.0,140.0,0.9964,3.23,0.54,9.5,5
833717,0.11,20.0,136.0,0.9972,2.93,1.95,9.9,6
775787,0.11,19.0,133.0,0.9972,2.93,1.98,9.8,5
863588,0.062,9.0,31.0,0.9966,3.39,0.64,9.6,5
463824,0.045,41.0,85.0,0.9938,3.75,0.48,10.5,4
219439,0.0579999999999999,17.0,106.0,0.9932,3.85,0.6,12.9,6
532112,0.102,8.0,23.0,0.9965,3.45,0.56,10.7,5
166023,0.07,3.0,22.0,0.9963,3.25,0.63,9.2,5
948976,0.079,5.0,10.0,0.9967,3.39,0.56,9.8,5
836216,0.08,13.0,35.0,0.9972,3.3,0.59,9.0,6
587235,0.084,11.0,50.0,0.9972,3.4,0.61,10.2,6
292454,0.075,8.0,22.0,0.9959,3.31,0.56,10.4,6
211719,0.08,13.0,35.0,0.9972,3.3,0.59,9.0,6
696584,0.077,12.0,65.0,0.9967,3.29,0.51,9.2,5
456917,0.07,5.0,36.0,0.996,3.33,0.48,9.4,5
797001,0.077,12.0,65.0,0.9967,3.29,0.51,9.2,5
678461,0.467,18.0,69.0,0.9973,3.08,1.31,9.3,5
429856,0.088,15.0,64.0,0.9969,3.46,0.79,9.3,5
785143,0.091,18.0,80.0,0.9976,3.37,0.8,9.6,6
655813,0.122,37.0,153.0,0.9969,3.21,0.69,9.3,5
999399,0.104,12.0,47.0,0.9964,3.19,0.93,9.5,5
703009,0.084,11.0,108.0,0.9964,3.15,0.66,9.8,5
600910,0.085,14.0,111.0,0.9964,3.15,0.66,9.8,5
849677,0.08,22.0,46.0,0.9988,3.32,0.67,9.7,6
693639,0.104,12.0,47.0,0.9964,3.19,0.93,9.5,5
679859,0.09,13.0,62.0,0.9966,3.07,0.63,10.5,6
257006,0.077,11.0,40.0,0.9978,3.39,0.61,10.0,6
856617,0.0819999999999999,7.0,28.0,0.997,3.37,0.5,9.4,6
588889,0.119,14.0,56.0,0.9962,3.21,0.6,10.9,6
970152,0.0969999999999999,22.0,89.0,0.9959,3.34,0.54,9.2,6
547907,0.178,10.0,89.0,0.9962,3.3,0.57,9.0,5
373742,0.119,14.0,56.0,0.9962,3.21,0.6,10.9,6
712528,0.075,3.0,13.0,0.998,3.49,0.52,9.2,5
230669,0.08,11.0,34.0,0.9976,3.44,0.53,9.5,5
695889,0.0819999999999999,21.0,102.0,0.996,3.39,0.48,9.5,5
544369,0.146,27.0,90.0,0.9984,3.16,0.7,9.4,5
394599,0.081,3.0,12.0,0.9964,3.53,0.49,10.9,5
333445,0.0819999999999999,3.0,12.0,0.9964,3.54,0.48,10.9,5
442306,0.065,3.0,16.0,0.9962,3.42,0.92,10.5,7
635837,0.072,6.0,19.0,0.9955,3.42,0.57,9.4,5
581789,0.118,30.0,134.0,0.9968,3.24,0.66,9.4,5
244162,0.049,17.0,99.0,0.9937,3.63,0.63,13.0,5
320153,0.049,17.0,99.0,0.9937,3.63,0.63,13.0,5
170873,0.06,17.0,26.0,0.9952,3.4,0.58,9.8,6
498912,0.084,13.0,29.0,0.9959,3.22,0.55,9.9,6
631244,0.09,16.0,63.0,0.9965,3.19,0.82,9.6,5
709170,0.089,10.0,52.0,0.9968,3.23,0.77,9.5,5
601518,0.081,13.0,45.0,0.9972,3.48,0.64,9.2,5
326970,0.081,15.0,105.0,0.9962,3.33,0.54,9.5,5
876773,0.081,17.0,108.0,0.9962,3.32,0.54,9.5,5
709493,0.09,16.0,63.0,0.9965,3.19,0.82,9.6,5
653380,0.089,10.0,52.0,0.9968,3.23,0.77,9.5,5
117301,0.05,27.0,63.0,0.9916,3.68,0.79,14.0,6
996844,0.066,3.0,20.0,0.9954,3.34,0.58,9.4,5
910352,0.05,27.0,63.0,0.9916,3.68,0.79,14.0,6
881027,0.1169999999999999,32.0,141.0,0.9968,3.17,0.62,9.4,5
750742,0.087,21.0,94.0,0.9944,3.54,0.52,10.0,5
944793,0.236,10.0,88.0,0.9968,3.11,0.8,9.3,5
205301,0.074,12.0,30.0,0.9959,3.42,0.58,10.2,6
970085,0.089,11.0,43.0,0.9975,3.53,0.61,10.5,6
887798,0.077,5.0,11.0,0.9958,3.33,0.53,10.3,6
233995,0.61,32.0,69.0,0.9996,2.74,2.0,9.4,4
668264,0.095,25.0,99.0,0.995,3.35,0.54,10.1,5
435600,0.095,25.0,99.0,0.995,3.35,0.54,10.1,5
819062,0.07,29.0,129.0,0.9973,3.42,0.72,10.5,5
794401,0.071,28.0,128.0,0.9973,3.42,0.71,10.5,5
252197,0.07,29.0,129.0,0.9973,3.42,0.72,10.5,5
979119,0.071,28.0,128.0,0.9973,3.42,0.71,10.5,5
419971,0.073,12.0,22.0,0.9969,3.48,0.5,9.3,5
361262,0.079,18.0,86.0,0.9968,3.59,0.57,9.3,6
613295,0.09,7.0,20.0,0.9959,3.2,0.56,9.6,5
739460,0.072,9.0,20.0,0.9965,3.17,1.08,9.2,4
383518,0.076,17.0,31.0,0.9964,3.33,0.56,10.0,6
949872,0.07,36.0,121.0,0.9982,3.37,0.49,9.4,5
731989,0.07,35.0,121.0,0.9981,3.37,0.49,9.4,5
587945,0.1,14.0,96.0,0.9961,3.19,0.62,9.5,5
600849,0.085,18.0,101.0,0.9956,3.34,0.52,10.2,5
265188,0.072,17.0,42.0,0.9956,3.37,0.48,9.0,4
280638,0.089,11.0,44.0,0.9953,3.47,0.55,10.4,6
210971,0.36,15.0,63.0,0.9964,3.0,1.59,9.5,5
465582,0.0579999999999999,4.0,8.0,0.9972,3.36,0.33,9.1,4
450029,0.073,6.0,18.0,0.9972,3.29,0.61,9.2,6
808776,0.073,6.0,18.0,0.9972,3.29,0.61,9.2,6
837495,0.068,24.0,42.0,0.9961,3.42,0.57,11.5,6
783960,0.08,7.0,35.0,0.9961,3.33,0.47,9.5,5
604238,0.085,19.0,49.0,0.9958,3.35,0.78,9.5,5
138087,0.08,7.0,35.0,0.9961,3.33,0.47,9.5,5
170765,0.087,8.0,38.0,0.9972,3.58,0.61,10.5,6
476294,0.068,7.0,20.0,0.9969,3.48,0.56,9.6,5
251290,0.067,10.0,42.0,0.9969,3.19,0.59,9.5,5
340902,0.067,10.0,42.0,0.9969,3.19,0.59,9.5,5
126046,0.27,23.0,110.0,0.9972,3.12,1.02,9.3,5
227872,0.076,16.0,42.0,0.9972,3.44,0.52,9.3,5
161163,0.077,11.0,65.0,0.9971,3.54,0.58,9.3,5
488568,0.079,8.0,62.0,0.997,3.52,0.58,9.3,6
254049,0.111,26.0,85.0,0.9971,3.26,0.53,9.7,5
567917,0.0819999999999999,14.0,67.0,0.9972,3.34,0.55,9.2,5
802096,0.084,9.0,26.0,0.9976,3.39,0.49,9.7,5
452909,0.084,15.0,143.0,0.9968,3.2,0.55,9.5,5
466293,0.0819999999999999,17.0,144.0,0.9968,3.2,0.55,9.5,5
566558,0.077,21.0,127.0,0.9976,3.23,0.62,9.4,5
117335,0.074,21.0,49.0,0.9974,3.57,0.62,9.8,6
411419,0.099,16.0,126.0,0.9969,3.28,0.61,9.5,5
424793,0.071,7.0,28.0,0.9964,3.28,0.55,9.7,5
190075,0.071,7.0,28.0,0.9964,3.28,0.55,9.7,5
225645,0.074,24.0,120.0,0.9968,3.25,0.54,9.4,5
938275,0.074,15.0,55.0,0.9968,3.46,0.59,10.2,5
762709,0.067,12.0,27.0,0.9981,3.11,0.97,10.1,6
810820,0.046,13.0,93.0,0.9924,3.57,0.85,13.0,7
620709,0.061,12.0,31.0,0.9948,3.51,0.43,11.4,4
706668,0.0559999999999999,9.0,24.0,0.99695,3.22,0.82,10.3,7
688723,0.0969999999999999,39.0,145.0,0.9975,3.04,1.03,9.3,5
520161,0.075,16.0,49.0,0.99545,3.36,0.79,9.5,5
955790,0.088,16.0,39.0,0.9961,3.34,0.55,9.2,5
302897,0.089,14.0,37.0,0.99615,3.34,0.56,9.2,6
544284,0.095,9.0,28.0,0.9994,3.2,0.77,10.8,7
800877,0.095,9.0,28.0,0.9994,3.2,0.77,10.8,7
197609,0.069,26.0,120.0,0.99625,3.29,0.53,9.3,5
930812,0.1,18.0,95.0,0.9966,3.22,0.67,9.4,5
873644,0.054,7.0,19.0,0.998,3.31,0.88,10.5,7
395794,0.039,5.0,19.0,0.99585,3.3,0.86,12.4,6
619588,0.083,10.0,62.0,0.99685,3.35,0.56,10.0,6
852961,0.059,5.0,15.0,0.998,3.21,0.67,10.2,6
440605,0.06,28.0,65.0,0.9959,3.3,0.43,10.1,5
993410,0.092,10.0,41.0,0.9974,3.24,0.71,9.8,6
789909,0.06,26.0,121.0,0.9974,3.34,0.76,10.5,5
313750,0.1009999999999999,13.0,49.0,0.9962,3.14,0.57,11.0,5
698808,0.072,11.0,41.0,0.9967,3.36,0.55,9.1,5
906765,0.076,10.0,44.0,0.9957,3.39,0.54,9.7,5
492886,0.08,24.0,144.0,0.99655,3.3,0.6,9.5,5
856094,0.0819999999999999,24.0,58.0,0.9964,3.34,0.59,9.4,6
881803,0.1009999999999999,16.0,72.0,0.9957,3.15,0.57,9.4,5
735965,0.057,5.0,10.0,0.99525,3.42,0.6,9.5,5
103680,0.083,8.0,28.0,0.99815,3.28,0.6,10.0,6
281088,0.089,15.0,55.0,0.99745,3.31,0.57,10.4,4
735706,0.073,29.0,63.0,0.99615,3.37,0.58,10.5,6
972777,0.337,27.0,81.0,0.9964,3.04,1.61,9.5,6
168042,0.089,9.0,23.0,0.9984,3.39,0.63,9.8,5
326344,0.073,29.0,63.0,0.99615,3.37,0.58,10.5,6
222809,0.081,10.0,37.0,0.99685,3.46,0.5,11.0,5
117966,0.054,19.0,106.0,0.9927,3.54,0.62,12.2,7
854515,0.078,12.0,49.0,0.99625,3.37,0.52,9.9,6
716053,0.09,18.0,58.0,0.998,3.34,0.7,9.6,6
877434,0.081,10.0,37.0,0.99685,3.46,0.5,11.0,5
446521,0.065,7.0,37.0,0.99685,3.32,0.55,9.0,6
303110,0.0969999999999999,14.0,38.0,0.99675,3.37,0.58,9.0,6
471151,0.0969999999999999,14.0,38.0,0.99675,3.37,0.58,9.0,6
190992,0.0969999999999999,15.0,39.0,0.99675,3.37,0.58,9.2,6
317511,0.0969999999999999,14.0,38.0,0.99675,3.37,0.58,9.0,6
128089,0.065,7.0,37.0,0.99685,3.32,0.55,9.0,6
738841,0.263,5.0,62.0,0.9971,3.0,1.09,9.3,5
935350,0.093,6.0,24.0,0.99925,3.14,0.71,10.9,6
723524,0.102,28.0,109.0,0.99565,3.08,0.49,9.8,6
799714,0.075,10.0,24.0,1.00005,3.07,0.84,9.2,7
324446,0.075,10.0,24.0,1.00005,3.07,0.84,9.2,7
667916,0.084,6.0,23.0,0.9983,3.61,0.96,9.9,6
350443,0.075,16.0,51.0,0.99685,3.38,0.52,9.5,5
782105,0.072,11.0,73.0,0.9963,3.2,0.45,9.3,5
395028,0.074,9.0,39.0,0.99615,3.35,0.48,9.8,6
328984,0.084,6.0,23.0,0.9983,3.61,0.96,9.9,6
225056,0.063,16.0,37.0,0.9985,3.22,0.78,10.0,6
217180,0.074,16.0,34.0,0.9972,3.47,0.7,9.9,6
878750,0.09,5.0,21.0,0.9986,3.17,0.53,10.5,5
804567,0.092,8.0,86.0,0.9959,3.23,0.59,9.5,5
212772,0.074,16.0,34.0,0.9972,3.47,0.7,9.9,6
992348,0.073,17.0,119.0,0.99675,3.26,0.57,9.3,5
884039,0.075,5.0,13.0,0.998,3.22,0.62,9.2,5
506242,0.075,12.0,56.0,0.9968,3.49,0.67,9.2,5
880547,0.611,8.0,45.0,0.9968,3.06,1.26,9.4,5
624761,0.085,14.0,33.0,0.99965,3.36,0.8,10.5,7
922117,0.077,18.0,45.0,0.99625,3.29,0.65,9.3,5
294292,0.087,12.0,67.0,0.99565,3.35,0.6,9.4,4
945896,0.07,10.0,35.0,0.99575,3.34,0.57,10.0,5
543158,0.077,23.0,49.0,0.9963,3.28,0.67,9.3,5
382806,0.064,5.0,27.0,0.9999,3.08,0.87,10.9,5
660270,0.071,6.0,10.0,0.9968,3.2,0.72,10.2,7
823293,0.096,26.0,61.0,1.00025,3.6,0.72,9.8,4
469110,0.078,15.0,37.0,0.9973,3.35,0.86,12.8,8
723919,0.077,7.0,27.0,0.9987,3.69,0.91,9.4,6
944039,0.104,4.0,23.0,0.9996,3.28,0.97,10.1,6
369695,0.087,27.0,61.0,0.9965,3.36,0.67,10.7,6
399824,0.104,4.0,23.0,0.9996,3.28,0.97,10.1,6
760253,0.071,17.0,65.0,0.99935,3.22,0.78,10.1,5
125423,0.076,10.0,38.0,0.99735,3.31,0.64,9.4,5
404594,0.088,27.0,94.0,0.99915,3.38,0.77,9.4,5
251940,0.087,27.0,61.0,0.9965,3.36,0.67,10.7,6
663287,0.077,7.0,27.0,0.9987,3.69,0.91,9.4,6
931437,0.104,4.0,23.0,0.9996,3.28,0.97,10.1,6
610520,0.073,5.0,13.0,0.9976,3.23,0.82,12.6,8
351480,0.087,10.0,47.0,0.9991,3.38,0.77,10.5,7
429762,0.071,6.0,19.0,0.9986,3.12,0.82,9.3,6
540418,0.358,5.0,10.0,0.9972,3.25,1.08,9.9,7
704378,0.067,12.0,53.0,0.9971,3.36,0.57,9.1,5
747652,0.087,10.0,47.0,0.9991,3.38,0.77,10.5,7
923090,0.102,32.0,71.0,1.00015,3.31,0.71,9.8,5
798732,0.102,32.0,71.0,1.00015,3.31,0.71,9.8,5
956877,0.073,25.0,49.0,0.9997,3.1,0.76,10.3,6
504240,0.092,29.0,53.0,0.9967,3.37,0.7,10.3,6
428343,0.091,20.0,49.0,0.9976,3.34,0.86,10.6,7
984243,0.105,33.0,98.0,1.001,3.2,0.95,9.2,5
371719,0.091,20.0,49.0,0.9976,3.34,0.86,10.6,7
912233,0.3429999999999999,6.0,18.0,0.9979,3.3,0.71,10.5,5
846392,0.091,18.0,48.0,0.9994,3.22,0.64,10.3,6
288167,0.098,5.0,16.0,0.9964,3.41,0.6,10.1,6
807533,0.094,17.0,53.0,1.0014,3.05,0.81,9.5,6
486910,0.073,5.0,27.0,1.0001,3.05,0.64,9.5,5
124900,0.086,26.0,70.0,0.9981,3.16,0.52,9.9,5
932307,0.083,8.0,29.0,0.99855,3.67,0.73,9.6,5
244748,0.094,5.0,31.0,0.9993,3.67,0.8,9.7,5
797535,0.08,8.0,33.0,0.99845,3.68,0.71,9.6,5
922794,0.086,20.0,44.0,0.9965,3.38,0.59,10.7,6
264731,0.068,7.0,15.0,0.9973,3.22,0.64,10.1,6
635971,0.092,12.0,28.0,0.9994,3.51,0.72,10.0,5
714482,0.186,5.0,21.0,0.996,3.39,0.54,9.5,5
528979,0.1119999999999999,12.0,90.0,0.9973,3.2,0.52,9.2,5
717318,0.063,6.0,25.0,0.9998,3.12,0.59,9.3,6
161844,0.0819999999999999,7.0,54.0,0.9966,3.36,0.52,9.4,5
812533,0.213,6.0,14.0,0.9994,3.19,0.62,9.5,6
717191,0.214,5.0,12.0,0.9994,3.19,0.63,9.5,6
334935,0.062,9.0,30.0,0.9968,3.41,0.53,9.5,6
707053,0.063,6.0,25.0,0.9998,3.12,0.59,9.3,6
262388,0.072,15.0,105.0,0.996,3.27,0.54,9.4,6
707073,0.093,19.0,98.0,0.99815,3.32,0.63,9.5,6
196598,0.076,30.0,135.0,0.9976,3.3,0.53,9.4,5
904324,0.087,26.0,72.0,0.99645,3.39,0.68,11.0,5
525124,0.096,20.0,53.0,0.9962,3.42,0.65,11.0,6
763220,0.102,37.0,92.0,0.9996,3.3,0.65,10.1,5
372750,0.0819999999999999,30.0,74.0,0.99865,3.3,0.64,10.4,6
662407,0.083,21.0,59.0,0.9989,3.37,0.71,11.5,7
312292,0.0819999999999999,30.0,74.0,0.99865,3.3,0.64,10.4,6
287803,0.083,21.0,59.0,0.9989,3.37,0.71,11.5,7
886229,0.09,25.0,87.0,0.99975,3.24,0.62,9.7,5
504505,0.079,6.0,18.0,0.99735,3.29,0.63,9.3,5
928954,0.09,35.0,73.0,0.999,3.28,0.7,9.5,6
474865,0.071,13.0,50.0,1.0015,3.16,0.69,9.2,6
430343,0.071,13.0,50.0,1.0015,3.16,0.69,9.2,6
935007,0.121,6.0,14.0,0.9978,3.05,0.74,11.5,7
394461,0.107,5.0,13.0,0.998,3.28,0.83,11.5,5
139176,0.0819999999999999,6.0,21.0,1.0002,3.16,0.67,9.7,6
188382,0.061,7.0,15.0,0.9981,3.18,0.62,9.5,5
237799,0.122,10.0,41.0,0.998,3.23,0.66,12.5,6
547232,0.122,10.0,41.0,0.998,3.23,0.66,12.5,6
854358,0.066,21.0,114.0,0.9973,3.22,0.54,9.4,6
771023,0.105,16.0,44.0,0.9958,3.13,0.52,11.0,5
583105,0.078,17.0,38.0,0.9963,3.34,0.74,11.7,7
779215,0.128,7.0,21.0,0.9992,3.17,0.84,12.2,7
875727,0.052,6.0,16.0,0.9948,3.35,0.7,12.5,6
302698,0.08,29.0,58.0,0.9974,3.31,0.64,10.3,5
447136,0.103,28.0,99.0,1.0008,3.16,1.0,11.5,6
516393,0.0819999999999999,12.0,29.0,0.9997,3.11,1.36,9.8,7
130720,0.066,10.0,21.0,1.0,3.12,1.18,9.2,6
350474,0.065,5.0,18.0,0.9972,3.21,0.87,11.3,6
181410,0.118,6.0,14.0,0.9982,3.3,0.75,9.8,6
551492,0.118,6.0,14.0,0.9982,3.3,0.75,9.8,6
946717,0.0819999999999999,6.0,32.0,1.0006,3.12,0.78,10.7,6
225811,0.067,40.0,63.0,0.9979,3.6,0.81,9.9,5
148375,0.072,17.0,34.0,0.9955,3.58,0.89,12.3,7
463958,0.093,6.0,15.0,0.9986,3.02,0.93,12.0,6
485337,0.089,15.0,46.0,0.9979,3.11,0.92,10.0,6
362155,0.093,11.0,28.0,0.9994,3.36,0.86,9.4,6
476233,0.107,17.0,34.0,1.0004,3.28,0.98,9.9,6
576060,0.096,11.0,26.0,0.9994,3.35,0.83,9.4,6
612718,0.09,8.0,19.0,0.9974,3.27,0.73,9.3,5
215496,0.12,23.0,77.0,1.0018,3.18,0.77,13.0,5
516279,0.066,40.5,165.0,0.9912,3.25,0.59,11.9,6
444150,0.078,17.0,32.0,0.9955,3.55,0.61,12.8,6
652191,0.08,29.0,55.0,1.0001,3.26,0.88,11.0,5
658547,0.1159999999999999,12.0,29.0,0.997,3.24,0.75,11.7,7
845592,0.109,10.0,23.0,1.0,3.15,0.85,10.4,7
233031,0.088,10.0,41.0,1.001,3.17,0.68,9.8,6
783018,0.099,14.0,81.0,0.9973,3.19,0.7,9.4,5
309567,0.086,21.0,50.0,0.9982,3.37,0.91,9.9,6
251943,0.072,6.0,37.0,0.9992,3.05,0.56,10.0,5
918294,0.071,6.0,15.0,0.9988,2.99,0.87,10.2,5
474167,0.083,7.0,42.0,1.0022,3.07,0.73,10.0,7
622112,0.107,7.0,21.0,0.9979,3.26,0.93,11.8,6
999928,0.083,7.0,42.0,1.0022,3.07,0.73,10.0,7
900475,0.076,11.0,24.0,1.0,3.16,0.69,9.0,5
365866,0.159,15.0,75.0,0.9998,3.18,0.64,9.4,5
587979,0.074,6.0,18.0,0.9962,3.2,1.13,12.0,7
700941,0.063,35.0,63.0,0.9975,3.57,0.78,9.9,5
136012,0.0559999999999999,11.0,25.0,0.9967,3.32,0.87,8.7,6
275422,0.067,26.0,46.0,0.9967,3.32,1.04,10.6,6
644908,0.106,12.0,72.0,0.9959,3.05,0.63,9.2,5
885150,0.089,6.0,47.0,1.0014,3.01,0.81,10.8,6
862932,0.124,6.0,15.0,0.9984,3.01,0.83,11.8,7
683512,0.078,19.0,47.0,1.0003,3.26,1.11,11.0,6
252712,0.074,6.0,18.0,0.9962,3.2,1.13,12.0,7
772540,0.088,6.0,24.0,0.9988,3.11,0.99,13.3,6
836330,0.094,24.0,60.0,0.9979,3.31,0.7,10.8,6
129003,0.08,11.0,27.0,0.9974,3.21,0.8,9.4,6
450303,0.085,17.0,43.0,1.0014,3.06,0.8,10.0,6
704506,0.08,11.0,27.0,0.9974,3.21,0.8,9.4,6
274351,0.08,11.0,27.0,0.9974,3.21,0.8,9.4,6
697882,0.087,23.0,54.0,0.998,3.42,0.74,9.2,5
758538,0.09,11.0,37.0,0.9979,3.43,0.76,9.7,6
101977,0.088,23.0,48.0,0.9981,3.41,0.74,9.2,6
670163,0.079,17.0,42.0,0.9972,3.31,0.54,9.6,6
913599,0.088,23.0,53.0,0.9981,3.43,0.74,9.2,6
704038,0.096,16.0,49.0,0.9982,3.19,0.7,10.0,7
928717,0.045,12.0,88.0,0.9924,3.56,0.82,12.9,8
570996,0.085,17.0,43.0,1.0014,3.06,0.8,10.0,6
227249,0.0819999999999999,6.0,26.0,0.998,3.18,0.51,9.5,5
692967,0.1119999999999999,13.0,95.0,0.997,3.16,0.54,9.1,5
836886,0.063,6.0,25.0,0.9997,3.03,0.57,9.9,5
633841,0.066,7.0,38.0,1.0004,3.22,0.6,13.0,7
151475,0.122,68.0,124.0,0.9994,3.47,0.53,9.9,5
498883,0.087,13.0,49.0,0.9988,3.18,0.65,11.0,6
700170,0.087,13.0,49.0,0.9988,3.18,0.65,11.0,6
237456,0.064,9.0,42.0,0.9963,3.1,0.55,9.4,5
618317,0.122,68.0,124.0,0.9994,3.47,0.53,9.9,5
441538,0.059,20.0,38.0,0.9949,3.29,0.47,10.8,6
523035,0.085,19.0,64.0,1.0,3.1,0.61,10.5,6
156341,0.085,10.0,41.0,0.9994,3.15,0.63,10.5,6
869500,0.075,15.0,27.0,0.9974,3.26,0.61,9.1,5
293015,0.059,11.0,25.0,0.9966,3.36,0.76,10.1,6
792993,0.063,9.0,28.0,0.9981,3.24,0.65,10.8,6
252199,0.093,12.0,30.0,0.9996,3.18,0.63,10.8,7
448836,0.174,6.0,16.0,0.997,3.19,0.7,11.3,6
380525,0.07,26.0,49.0,0.9981,3.05,0.57,9.6,4
997022,0.08,26.0,86.0,0.9987,3.38,0.62,9.5,6
408514,0.08,23.0,78.0,0.9987,3.38,0.62,9.5,5
303374,0.1,15.0,77.0,0.9966,3.27,0.64,9.3,5
493874,0.0969999999999999,6.0,19.0,0.9986,3.27,0.82,11.7,7
143773,0.087,24.0,122.0,0.9982,3.26,0.61,9.5,5
722103,0.1169999999999999,31.0,134.0,1.0014,3.32,1.07,9.3,5
212380,0.111,6.0,20.0,0.997,3.26,0.66,11.7,6
150160,0.091,34.0,124.0,0.9956,3.44,0.48,10.5,5
186290,0.121,7.0,20.0,0.9996,3.24,0.76,10.4,6
360369,0.066,34.0,52.0,0.9976,3.62,0.68,9.9,5
623022,0.089,35.0,67.0,0.9972,3.28,0.73,11.8,7
691749,0.059,32.0,48.0,0.9952,3.52,0.56,12.3,7
637036,0.047,15.0,60.0,0.9955,3.36,0.44,10.9,5
961459,0.066,6.0,24.0,0.9978,3.15,0.9,11.0,7
921351,0.047,15.0,60.0,0.9955,3.36,0.44,10.9,5
526263,0.059,32.0,48.0,0.9952,3.52,0.56,12.3,7
680255,0.045,19.0,48.0,0.9949,3.49,0.49,11.4,6
638930,0.077,6.0,32.0,0.9988,3.26,0.56,10.6,6
299224,0.07,9.0,30.0,0.9978,3.24,0.6,9.3,5
423990,0.088,13.0,35.0,0.9997,3.1,0.6,10.4,6
315957,0.066,6.0,24.0,0.9978,3.15,0.9,11.0,7
397899,0.074,21.0,66.0,0.9974,3.25,0.56,9.2,5
548530,0.078,12.0,24.0,0.9958,3.0,0.65,12.8,6
818340,0.091,6.0,18.0,1.0004,3.16,0.49,9.5,5
360223,0.076,22.0,54.0,0.9996,3.15,0.89,9.9,6
450016,0.091,6.0,18.0,1.0004,3.16,0.49,9.5,5
739190,0.06,38.0,62.0,0.9958,3.26,0.56,10.2,6
372375,0.066,6.0,22.0,0.9986,3.17,0.66,11.2,6
332065,0.076,22.0,54.0,0.9996,3.15,0.89,9.9,6
715501,0.062,7.0,50.0,0.9951,3.08,0.6,9.3,5
338779,0.072,6.0,29.0,0.9987,2.88,0.82,9.8,8
768429,0.068,7.0,27.0,0.9988,3.06,0.68,11.3,6
357434,0.1,6.0,43.0,1.0032,2.95,0.68,11.2,7
303772,0.077,11.0,19.0,0.9963,3.23,0.63,11.6,7
598030,0.054,5.0,27.0,0.9934,3.57,0.84,12.5,7
809894,0.079,6.0,31.0,0.9986,3.23,0.56,10.1,6
740015,0.081,31.0,72.0,0.9996,3.1,0.73,10.5,5
315236,0.127,6.0,16.0,0.9968,3.22,0.72,11.2,5
815765,0.1,7.0,27.0,0.9967,3.2,0.56,10.2,6
784127,0.095,17.0,35.0,0.9994,3.1,0.61,10.8,6
696744,0.095,17.0,35.0,0.9994,3.1,0.61,10.8,6
109592,0.413,9.0,26.0,0.9979,3.06,1.06,9.1,6
326183,0.084,18.0,35.0,0.9968,3.44,0.63,10.0,6
328376,0.084,5.0,22.0,0.9998,3.26,0.74,11.2,7
961800,0.063,21.0,67.0,0.9952,3.5,0.63,11.1,5
623755,0.086,6.0,19.0,0.9988,3.22,0.69,13.4,8
236661,0.095,5.0,22.0,0.9986,3.37,0.58,10.3,5
617053,0.0969999999999999,29.0,65.0,0.9988,3.28,0.58,9.6,5
146994,0.084,5.0,22.0,0.9998,3.26,0.74,11.2,7
231878,0.074,10.0,47.0,1.0008,3.25,0.57,9.0,3
131662,0.083,14.0,23.0,0.9976,3.35,0.61,11.3,6
870105,0.087,6.0,19.0,0.9982,3.26,0.61,9.3,5
845184,0.085,10.0,25.0,0.997,3.18,0.61,11.8,5
621658,0.098,25.0,129.0,0.9972,3.08,0.53,9.0,5
652232,0.084,5.0,15.0,0.9987,2.98,0.7,9.2,6
477280,0.098,10.0,26.0,1.0006,3.48,0.91,9.7,5
352809,0.069,21.0,51.0,0.9982,3.16,0.72,11.5,6
125905,0.065,7.0,18.0,0.9947,3.32,0.79,14.0,6
114844,0.09,6.0,21.0,1.0,3.17,0.62,9.2,6
362010,0.07,36.0,48.0,0.9952,3.2,0.58,9.8,5
158902,0.093,15.0,47.0,0.9996,3.05,0.61,10.6,5
149476,0.081,25.0,52.0,0.997,3.2,0.71,11.4,6
998714,0.083,25.0,68.0,0.9995,3.15,0.82,10.4,6
536577,0.062,5.0,14.0,0.9971,3.26,0.79,10.6,5
730857,0.08,10.0,24.0,0.9982,3.2,0.89,9.4,6
674231,0.087,5.0,28.0,0.9988,3.14,0.6,10.2,5
641173,0.091,6.0,16.0,0.998,3.28,0.7,9.7,5
938968,0.075,6.0,20.0,0.9977,3.18,1.06,11.0,6
700607,0.087,5.0,28.0,0.9988,3.14,0.6,10.2,5
990488,0.077,6.0,31.0,0.9984,3.19,0.7,10.1,6
340260,0.069,6.0,23.0,1.0026,3.12,0.66,9.2,5
371423,0.08,6.0,17.0,0.9964,3.15,0.92,11.7,8
142095,0.152,6.0,18.0,0.9986,3.04,1.05,9.4,5
891543,0.152,7.0,18.0,0.9986,3.04,1.06,9.4,5
156579,0.114,6.0,24.0,0.997,3.06,0.66,13.4,6
833462,0.054,6.0,17.0,0.9976,3.17,0.47,10.0,5
954601,0.054,6.0,17.0,0.9976,3.17,0.47,10.0,5
212683,0.053,5.0,14.0,0.9982,3.17,0.42,10.0,6
400011,0.081,35.0,67.0,1.0002,3.32,0.92,10.8,7
192925,0.073,10.0,26.0,0.9984,3.34,0.75,10.2,6
454474,0.078,24.0,56.0,0.9984,3.31,0.67,10.6,6
101943,0.055,12.0,25.0,0.9952,3.34,0.79,13.3,7
154015,0.052,13.0,27.0,0.995,3.32,0.9,13.4,7
638188,0.086,23.0,81.0,1.0002,3.48,0.74,11.6,6
990067,0.051,28.0,91.0,0.9952,3.44,0.55,12.1,6
785168,0.07,5.0,16.0,0.9972,3.15,0.65,11.0,8
238113,0.081,14.0,38.0,0.9984,3.43,0.65,9.0,6
321856,0.09,43.0,113.0,0.9966,3.32,0.79,11.1,5
365494,0.07,5.0,16.0,0.9972,3.15,0.65,11.0,8
111902,0.086,23.0,81.0,1.0002,3.48,0.74,11.6,6
712963,0.081,14.0,38.0,0.9984,3.43,0.65,9.0,6
323116,0.074,38.0,76.0,0.999,3.17,0.85,12.0,7
886581,0.074,38.0,76.0,0.999,3.17,0.85,12.0,7
890878,0.078,6.0,24.0,0.9976,3.18,1.04,10.9,7
657041,0.077,6.0,22.0,0.9976,3.21,1.05,10.8,7
418344,0.072,10.0,26.0,0.9968,3.16,0.78,12.5,7
282275,0.075,6.0,21.0,0.9976,3.25,1.02,10.8,7
209632,0.084,6.0,13.0,1.0,3.17,0.71,9.5,6
217435,0.09,26.0,62.0,0.9994,3.18,0.63,10.2,6
208209,0.084,23.0,43.0,0.9986,3.04,0.68,11.4,7
617252,0.073,19.0,43.0,0.9978,3.02,0.61,9.5,5
637334,0.09,26.0,62.0,0.9994,3.18,0.63,10.2,6
652624,0.125,15.0,49.0,0.998,3.03,0.81,9.7,6
372637,0.107,6.0,15.0,0.9973,3.09,0.66,11.8,7
743296,0.107,6.0,15.0,0.9973,3.09,0.66,11.8,7
544930,0.122,34.0,151.0,1.001,3.31,1.14,9.3,5
781807,0.1,5.0,14.0,1.001,3.25,0.74,11.9,6
462082,0.2,5.0,16.0,0.9994,3.16,0.63,8.4,3
109705,0.088,11.0,32.0,0.9972,3.22,0.68,11.7,6
936232,0.088,39.0,106.0,0.9966,3.36,0.78,11.0,5
299591,0.088,15.0,33.0,0.9982,3.42,0.9,10.0,6
708488,0.088,16.0,43.0,0.998,3.48,0.64,9.1,5
886686,0.099,47.0,133.0,0.9979,3.38,0.99,9.8,5
690429,0.085,38.0,142.0,0.9978,3.22,0.55,9.4,5
240334,0.086,23.0,116.0,0.9976,3.23,0.64,9.5,5
381539,0.105,29.0,53.0,0.9998,3.24,0.67,9.9,5
460654,0.088,39.0,106.0,0.9966,3.36,0.78,11.0,5
616834,0.0969999999999999,33.0,85.0,0.9962,3.39,0.77,11.4,6
446196,0.084,32.0,55.0,0.9988,3.34,0.75,8.7,6
715185,0.077,6.0,33.0,0.9974,3.09,0.57,9.4,5
255548,0.078,1.0,28.0,0.999,3.41,0.87,10.3,6
444051,0.098,12.0,42.0,1.0004,3.16,0.61,10.3,5
375347,0.098,12.0,42.0,1.0004,3.16,0.61,10.3,5
360000,0.072,15.0,33.0,0.9956,3.22,0.66,12.8,6
896672,0.102,13.0,32.0,1.0,3.28,0.56,10.0,6
771162,0.078,1.0,28.0,0.999,3.41,0.87,10.3,6
542659,0.077,6.0,33.0,0.9974,3.09,0.57,9.4,5
335414,0.084,5.0,13.0,0.9972,3.37,0.77,10.7,6
576876,0.066,5.0,35.0,1.0014,3.2,0.66,12.0,7
634575,0.1,5.0,17.0,0.9996,3.22,0.62,11.2,5
629635,0.1009999999999999,20.0,47.0,0.9988,3.26,0.67,9.6,5
623972,0.064,5.0,17.0,0.9988,3.21,0.73,11.0,6
606206,0.07,5.0,20.0,0.9966,3.12,0.59,9.9,5
881076,0.085,16.0,53.0,0.9993,3.06,0.72,11.0,6
871627,0.075,6.0,15.0,1.0008,2.86,0.79,8.4,6
641593,0.094,38.0,106.0,0.9982,3.08,0.59,9.1,5
966267,0.078,10.0,28.0,0.9983,3.45,0.78,9.5,6
802424,0.067,6.0,21.0,0.9987,3.26,0.86,10.7,6
247867,0.079,27.0,69.0,0.9994,3.12,0.75,10.4,6
432732,0.171,6.0,25.0,0.9975,3.27,0.61,9.4,6
272345,0.074,9.0,25.0,0.9958,3.33,0.56,9.5,6
290254,0.092,14.0,45.0,0.998,3.19,0.73,10.0,6
586413,0.092,14.0,44.0,0.998,3.12,0.74,10.0,6
886847,0.05,32.0,96.0,0.9934,3.74,0.62,11.5,5
417614,0.095,10.0,23.0,1.00315,2.92,0.74,11.1,5
441581,0.095,10.0,23.0,1.00315,2.92,0.74,11.1,5
270767,0.118,10.0,17.0,1.0002,3.07,0.56,11.7,6
451600,0.095,10.0,23.0,1.00315,2.92,0.74,11.1,5
768090,0.118,10.0,17.0,1.0002,3.07,0.56,11.7,6
708275,0.085,6.0,47.0,1.0021,3.3,0.68,12.7,6
288856,0.075,5.0,19.0,0.9994,3.14,0.57,11.4,5
451134,0.078,26.0,121.0,0.9978,3.23,0.58,9.2,5
736334,0.094,41.0,110.0,0.9982,3.08,0.61,9.2,5
296065,0.092,25.0,60.0,0.9971,3.31,0.61,10.1,6
327786,0.085,6.0,47.0,1.0021,3.3,0.68,12.7,6
800007,0.075,5.0,19.0,0.9994,3.14,0.57,11.4,5
516377,0.226,5.0,15.0,0.9991,3.32,0.6,9.0,6
464703,0.226,5.0,15.0,0.9991,3.32,0.6,9.0,6
100554,0.25,5.0,20.0,0.999,3.31,0.79,10.7,6
244731,0.095,19.0,42.0,0.9946,3.57,0.57,11.7,6
776177,0.07,10.0,37.0,1.0003,3.32,0.91,11.0,6
398083,0.095,19.0,42.0,0.9946,3.57,0.57,11.7,6
468813,0.075,10.0,28.0,0.9978,3.14,0.61,10.4,5
266720,0.07,14.0,47.0,0.9991,3.3,0.56,9.6,4
399385,0.078,20.0,78.0,0.9992,3.19,0.7,10.0,6
976716,0.079,28.0,46.0,0.9993,3.2,0.8,10.2,6
804961,0.103,6.0,14.0,0.9978,3.34,0.52,10.0,4
713982,0.083,18.0,111.0,0.9982,3.3,0.6,9.5,5
930912,0.085,17.0,110.0,0.9982,3.29,0.6,9.8,5
709626,0.063,18.0,40.0,0.9976,3.14,0.51,9.8,6
218333,0.089,5.0,14.0,1.0002,3.19,0.44,9.6,5
730884,0.089,5.0,14.0,1.0002,3.19,0.44,9.6,5
457008,0.083,5.0,15.0,1.0,3.19,0.43,9.2,5
260668,0.074,10.0,21.0,0.9976,2.98,0.66,9.9,7
212806,0.093,54.0,80.0,1.0002,3.3,0.76,10.7,7
372864,0.091,8.0,38.0,0.998,3.47,0.66,9.6,6
410529,0.094,16.0,47.0,0.9986,3.12,1.02,10.6,7
933655,0.108,18.0,102.0,0.9967,3.26,0.59,9.3,5
300630,0.06,19.0,50.0,0.9917,3.72,0.74,14.0,8
449551,0.059,5.0,13.0,0.9976,3.05,0.74,10.5,7
823313,0.084,21.0,75.0,0.9987,3.35,0.57,9.7,5
437843,0.07,23.0,149.0,0.9922,3.12,0.5,11.5,6
529008,0.084,21.0,75.0,0.9987,3.35,0.57,9.7,5
361374,0.094,9.0,43.0,1.0004,3.29,0.58,9.0,5
272607,0.096,20.0,38.0,0.9978,3.4,0.53,9.5,5
934145,0.086,30.0,109.0,0.9998,3.27,0.57,9.3,5
810249,0.059,6.0,24.0,0.9994,3.04,0.6,9.3,6
212527,0.071,5.0,18.0,0.998,3.09,0.63,10.0,6
122921,0.078,5.0,30.0,0.9967,3.2,0.48,9.8,6
132660,0.0819999999999999,11.0,22.0,1.0,3.0,0.7,9.3,6
223207,0.088,7.0,23.0,0.9962,3.26,0.47,10.0,4
391894,0.071,12.0,35.0,1.0006,3.1,0.56,9.0,6
569434,0.081,6.0,14.0,0.9975,3.3,0.52,9.3,5
437345,0.071,12.0,35.0,1.0006,3.1,0.56,9.0,6
153375,0.096,14.0,63.0,0.9984,3.17,0.62,9.1,6
762596,0.085,6.0,24.0,0.9984,3.31,0.59,9.2,6
690915,0.072,10.0,20.0,0.9973,3.34,0.79,12.2,7
803577,0.092,26.0,52.0,0.9982,3.31,0.53,10.5,6
622876,0.11,11.0,65.0,1.0026,3.32,0.64,10.4,6
559620,0.075,15.0,39.0,0.9956,3.56,0.52,12.7,6
842051,0.083,25.0,57.0,0.9983,3.39,0.54,9.2,5
345685,0.081,5.0,16.0,1.0006,2.98,0.54,9.4,5
330321,0.077,18.0,29.0,0.9965,3.32,0.6,10.0,6
301729,0.0579999999999999,10.0,29.0,0.9962,3.26,0.74,9.8,5
896311,0.148,10.0,103.0,0.9969,2.87,1.36,10.2,6
165690,0.079,28.0,71.0,0.9997,3.5,0.57,9.7,5
261857,0.079,28.0,71.0,0.9997,3.5,0.57,9.7,5
224727,0.079,14.0,28.0,0.9982,3.03,0.93,9.8,6
533510,0.122,4.0,17.0,1.0006,3.13,0.7,10.2,5
563344,0.088,6.0,16.0,0.9988,3.09,0.8,9.3,5
785704,0.076,16.0,112.0,0.9976,3.27,0.61,9.4,5
965966,0.078,14.0,104.0,0.9976,3.28,0.62,9.4,5
661056,0.08,9.0,32.0,0.9974,3.13,0.55,9.5,5
104204,0.077,21.0,45.0,0.9974,3.49,0.96,12.1,6
569397,0.124,21.0,58.0,0.9997,3.46,0.72,10.2,5
749371,0.124,21.0,58.0,0.9997,3.46,0.72,10.2,5
881883,0.098,5.0,15.0,0.9988,3.36,0.49,9.1,5
679962,0.098,5.0,15.0,0.9988,3.36,0.49,9.1,5
302257,0.0969999999999999,7.0,31.0,0.9976,3.27,0.6,9.3,6
300029,0.111,20.0,84.0,0.9964,3.21,0.61,9.3,5
126908,0.0969999999999999,7.0,31.0,0.9976,3.27,0.6,9.3,6
259025,0.105,5.0,19.0,0.9988,3.25,0.63,9.5,5
974791,0.087,21.0,43.0,0.9964,3.32,0.57,10.5,6
501587,0.105,11.0,86.0,1.001,3.43,0.64,11.3,4
710908,0.073,46.0,102.0,0.9964,3.27,0.58,9.5,5
651040,0.065,24.0,33.0,0.9954,3.27,0.55,9.7,5
355970,0.086,30.0,147.0,0.9979,3.24,0.53,9.4,5
882693,0.084,31.0,145.0,0.9978,3.24,0.53,9.4,5
432984,0.143,7.0,23.0,0.9964,3.35,0.65,10.2,7
857207,0.067,25.0,57.0,0.997,3.18,1.36,10.3,6
904519,0.071,16.0,40.0,0.9991,3.39,0.62,9.4,5
956239,0.071,21.0,68.0,0.9992,3.46,0.63,9.5,5
806544,0.071,16.0,40.0,0.9991,3.39,0.62,9.4,5
664900,0.071,21.0,68.0,0.9992,3.46,0.63,9.5,5
330882,0.071,16.0,40.0,0.9991,3.39,0.62,9.4,5
688014,0.115,5.0,11.0,0.9984,3.37,0.69,10.1,7
298264,0.107,6.0,20.0,0.9972,3.4,0.63,10.1,5
353479,0.07,5.0,14.0,0.9967,3.32,0.58,11.0,4
995241,0.066,10.0,28.0,0.9964,3.33,0.67,11.2,7
135227,0.068,24.0,148.0,0.9948,3.16,0.57,11.3,6
190126,0.106,8.0,32.0,0.9986,2.89,0.5,9.6,5
775307,0.104,35.0,155.0,1.001,3.41,0.67,11.2,5
847299,0.096,22.0,71.0,0.9976,2.98,0.84,14.9,5
770105,0.079,9.0,30.0,0.9976,3.12,0.54,12.0,6
517044,0.074,7.0,29.0,0.9979,3.08,0.46,9.5,5
225095,0.087,20.0,53.0,1.0004,3.14,0.61,9.4,5
197110,0.106,8.0,32.0,0.9986,2.89,0.5,9.6,5
452892,0.073,23.0,42.0,0.998,2.92,0.68,10.5,7
254442,0.074,5.0,20.0,0.9973,3.32,0.81,9.6,6
209781,0.096,5.0,13.0,0.997,3.41,0.57,11.0,4
841295,0.074,5.0,20.0,0.9973,3.32,0.81,9.6,6
493480,0.08,15.0,42.0,0.9978,3.31,0.64,9.0,5
338425,0.076,9.0,27.0,0.9972,3.36,0.7,9.6,6
713174,0.05,5.0,13.0,0.9974,3.04,0.79,10.2,6
233098,0.092,15.0,54.0,1.0,3.03,0.66,10.2,5
637594,0.084,25.0,48.0,0.9981,3.14,0.56,9.7,5
711169,0.222,6.0,16.0,0.998,3.18,0.6,9.5,6
978209,0.0819999999999999,6.0,15.0,0.9988,2.94,0.66,9.2,6
189261,0.059,15.0,31.0,0.9966,3.15,0.57,11.0,5
870438,0.0819999999999999,6.0,15.0,0.9988,2.94,0.66,9.2,6
259042,0.083,30.0,45.0,0.9959,3.26,0.58,10.0,5
895605,0.074,5.0,13.0,0.9968,3.2,0.52,9.5,5
765231,0.079,32.0,151.0,0.998,3.15,0.53,9.5,5
175387,0.074,5.0,13.0,0.9968,3.2,0.52,9.5,5
947775,0.084,7.0,17.0,0.9984,3.08,0.67,9.3,6
145994,0.064,12.0,31.0,0.9984,3.26,0.65,10.2,5
128555,0.084,7.0,17.0,0.9984,3.08,0.67,9.3,6
799366,0.084,12.0,31.0,0.9979,3.4,0.48,9.9,5
708680,0.081,45.0,87.0,0.9983,3.48,0.53,10.0,5
896572,0.06,20.0,49.0,0.9972,3.13,0.54,9.6,5
113212,0.07,15.0,40.0,1.0004,3.06,0.49,9.0,5
856707,0.094,16.0,29.0,0.9962,3.21,0.49,10.2,6
470069,0.078,32.0,58.0,0.998,3.33,0.54,9.8,5
338591,0.059,5.0,15.0,0.997,3.37,0.56,11.3,5
922670,0.078,35.0,152.0,0.998,3.25,0.48,9.4,5
209348,0.059,5.0,15.0,0.997,3.37,0.56,11.3,5
107087,0.07,13.0,40.0,0.997,3.44,0.6,9.1,5
150246,0.095,13.0,38.0,0.9998,3.28,0.59,9.7,5
442106,0.039,4.0,9.0,0.9962,3.4,0.47,9.4,5
186278,0.157,5.0,17.0,0.9976,3.3,1.05,9.4,5
318709,0.0969999999999999,5.0,14.0,0.9966,3.63,0.54,10.7,3
862696,0.087,12.0,93.0,0.9998,3.48,0.54,9.8,5
989415,0.422,16.0,62.0,0.9979,3.03,1.17,9.0,5
619971,0.084,21.0,122.0,0.9984,3.32,0.62,9.4,5
773031,0.084,24.0,125.0,0.9984,3.31,0.61,9.4,5
142084,0.034,18.0,44.0,0.9921,3.9,0.62,12.8,6
738359,0.066,8.0,25.0,0.9972,3.47,0.67,9.5,6
780550,0.066,8.0,25.0,0.9972,3.47,0.67,9.5,6
678143,0.087,18.0,72.0,1.0001,3.31,0.53,9.7,5
934181,0.071,5.0,19.0,0.9986,3.11,0.62,10.8,6
750356,0.076,26.0,88.0,0.9984,3.08,0.57,10.1,6
743959,0.066,8.0,25.0,0.9972,3.47,0.67,9.5,6
494605,0.067,9.0,23.0,0.997,3.47,0.67,9.4,6
643975,0.073,22.0,84.0,0.9972,3.32,0.7,9.6,4
137175,0.078,4.0,14.0,0.998,3.29,0.54,9.7,4
342672,0.073,11.0,54.0,0.999,3.37,0.49,9.9,5
707327,0.093,10.0,19.0,0.9956,3.4,0.47,10.0,5
151440,0.077,16.0,37.0,0.9966,3.37,0.51,10.5,5
191573,0.068,11.0,35.0,0.996,3.34,0.61,11.6,6
962980,0.062,13.0,33.0,0.9983,3.27,0.66,10.0,6
280388,0.08,21.0,84.0,0.9985,3.06,0.57,10.1,5
298392,0.093,16.0,112.0,0.9998,3.38,0.61,9.5,5
835548,0.084,13.0,33.0,0.9992,3.36,0.45,9.4,5
702563,0.075,10.0,48.0,0.9976,3.34,0.46,9.4,5
972872,0.078,21.0,77.0,0.998,3.28,0.51,9.8,5
590874,0.069,13.0,34.0,0.9967,3.29,0.48,9.2,6
296874,0.075,10.0,48.0,0.9976,3.34,0.46,9.4,5
403242,0.079,12.0,49.0,0.9968,3.21,0.57,10.0,5
916218,0.0819999999999999,10.0,22.0,0.9976,3.22,0.44,9.6,5
961530,0.086,17.0,45.0,0.9976,3.46,0.54,9.5,5
908796,0.0819999999999999,10.0,22.0,0.9976,3.22,0.44,9.6,5
620759,0.094,35.0,106.0,0.9982,3.1,0.53,9.2,5
813853,0.084,15.0,48.0,0.9968,3.21,0.59,10.0,5
593563,0.053,36.0,127.0,0.9965,2.94,1.62,9.5,5
680287,0.086,5.0,12.0,0.9958,3.54,0.6,11.2,4
444631,0.077,5.0,13.0,0.9976,3.29,0.55,10.4,5
838710,0.084,18.0,49.0,0.9994,3.43,0.72,11.1,6
905874,0.067,4.0,11.0,0.997,3.46,0.68,9.5,5
931879,0.067,4.0,11.0,0.997,3.46,0.68,9.5,5
435968,0.071,27.0,58.0,0.995,3.61,0.49,12.7,6
189463,0.387,12.0,37.0,0.9982,3.17,0.67,9.6,5
806887,0.088,4.0,14.0,0.9994,3.44,0.52,11.5,5
614654,0.092,10.0,19.0,0.9966,3.39,0.47,9.6,5
217648,0.0819999999999999,16.0,72.0,0.998,3.55,0.6,9.5,5
989423,0.075,9.0,39.0,0.9987,3.48,0.62,9.3,5
870508,0.1119999999999999,11.0,22.0,0.9963,3.26,0.5,9.5,5
619490,0.1119999999999999,11.0,22.0,0.9963,3.26,0.5,9.5,5
780642,0.093,19.0,58.0,1.0002,3.5,0.65,9.3,6
756556,0.092,28.0,104.0,0.9983,3.1,0.56,9.2,5
362189,0.088,19.0,38.0,0.999,3.35,0.6,9.3,5
406590,0.075,12.0,16.0,0.9965,3.45,0.68,11.5,6
423877,0.078,28.0,139.0,0.99788,3.21,0.57,9.5,5
509257,0.065,9.0,18.0,0.9972,3.46,0.65,9.2,5
898666,0.096,25.0,101.0,1.00024,3.13,0.53,10.0,5
386690,0.095,21.0,101.0,1.0001,3.13,0.51,9.5,5
395312,0.07,12.0,28.0,0.99768,3.52,0.73,9.5,6
102389,0.08,12.0,57.0,0.9978,3.3,0.47,9.0,6
456738,0.083,16.0,68.0,0.99782,3.3,0.48,9.4,5
447432,0.071,12.0,31.0,0.99761,3.52,0.72,9.6,6
760345,0.07,12.0,28.0,0.99768,3.52,0.73,9.5,6
934116,0.089,17.0,40.0,0.99803,3.29,0.55,9.5,5
270150,0.089,17.0,40.0,0.99803,3.29,0.55,9.5,5
997222,0.0969999999999999,24.0,66.0,0.99785,3.39,0.61,9.4,5
288749,0.089,17.0,40.0,0.99803,3.29,0.55,9.5,5
942862,0.415,14.0,32.0,0.99656,3.09,1.06,9.1,6
771691,0.0579999999999999,22.0,47.0,0.99525,3.51,0.43,10.7,6
730009,0.057,15.0,33.0,0.99488,3.6,0.46,11.2,6
195164,0.084,10.0,31.0,0.99656,3.25,0.5,9.8,5
254814,0.084,10.0,31.0,0.99656,3.25,0.5,9.8,5
963488,0.092,33.0,88.0,0.99823,3.19,0.52,9.2,5
618217,0.075,9.0,104.0,0.99779,3.23,0.57,9.7,5
692381,0.096,5.0,35.0,0.99738,3.25,0.42,9.6,5
606865,0.069,8.0,19.0,0.99701,3.31,0.53,10.0,6
262849,0.096,5.0,35.0,0.99738,3.25,0.42,9.6,5
950180,0.093,11.0,44.0,0.99888,3.31,0.55,9.5,6
860698,0.091,12.0,48.0,0.99888,3.31,0.54,9.5,6
525524,0.089,12.0,74.0,0.99738,3.14,0.54,9.4,5
686327,0.103,13.0,98.0,0.99938,3.45,0.62,9.5,5
164347,0.0819999999999999,24.0,94.0,0.99744,3.55,0.53,9.7,6
174233,0.076,7.0,32.0,0.99668,3.39,0.54,9.6,5
523500,0.0819999999999999,24.0,94.0,0.99744,3.55,0.53,9.7,6
132564,0.0819999999999999,23.0,143.0,0.9978,3.28,0.55,9.4,5
209851,0.0819999999999999,23.0,144.0,0.99782,3.27,0.55,9.4,5
976657,0.157,1.0,44.0,0.9973,3.3,0.92,9.5,6
389177,0.157,2.0,45.0,0.99727,3.31,0.91,9.5,6
540259,0.102,7.0,16.0,0.99586,3.43,0.46,10.0,5
201434,0.243,5.5,48.0,0.99612,3.4,0.6,10.3,6
436242,0.241,6.0,18.0,0.9961,3.4,0.59,10.3,6
534557,0.079,7.0,34.0,0.99788,3.36,0.61,10.5,5
107496,0.076,21.0,92.0,0.99745,3.5,0.6,9.8,5
583398,0.19,12.0,45.0,0.99676,3.31,0.6,9.4,6
823194,0.114,9.0,37.0,0.99732,3.66,0.65,9.8,5
806167,0.081,26.0,96.0,0.99814,3.36,0.53,10.0,5
566645,0.114,9.0,37.0,0.99732,3.66,0.65,9.8,5
864020,0.077,20.0,85.0,0.99746,3.55,0.59,9.8,5
288116,0.083,11.0,61.0,0.9982,3.21,0.5,9.5,5
880799,0.083,11.0,61.0,0.9982,3.21,0.5,9.5,5
341774,0.079,19.0,58.0,0.9991,3.18,0.56,10.1,6
820472,0.079,19.0,58.0,0.9991,3.18,0.56,10.1,6
588462,0.099,21.0,119.0,0.998,3.09,0.52,9.3,5
631652,0.0819999999999999,18.0,82.0,0.99708,3.33,0.68,9.7,6
322729,0.084,25.0,130.0,0.99818,3.23,0.54,9.6,5
717691,0.081,17.0,87.0,0.99745,3.48,0.6,9.7,6
320152,0.055,7.0,13.0,0.99639,3.38,0.56,10.8,5
220119,0.065,7.0,26.0,0.99531,3.17,0.53,12.5,6
330557,0.132,7.0,60.0,0.99786,2.99,1.18,10.2,5
721363,0.126,24.0,64.0,0.99746,3.1,0.74,9.6,5
179586,0.038,21.0,42.0,0.99526,3.24,0.81,10.8,7
118840,0.0819999999999999,5.0,14.0,0.9987,3.29,0.52,10.7,6
106763,0.0819999999999999,5.0,14.0,0.9987,3.29,0.52,10.7,6
644938,0.0819999999999999,26.0,108.0,0.99641,3.25,0.51,9.4,5
667973,0.068,8.0,17.0,0.99735,3.23,0.44,10.0,5
478328,0.044,14.0,86.0,0.99264,3.56,0.94,12.9,7
311292,0.114,14.0,46.0,0.9971,3.24,0.66,9.6,6
217134,0.084,4.0,18.0,0.99682,3.26,0.57,9.9,6
842792,0.052,4.0,10.0,0.99356,3.33,0.7,12.8,7
369546,0.0409999999999999,4.0,10.0,0.99386,3.27,0.71,12.5,7
810490,0.052,4.0,10.0,0.99356,3.33,0.7,12.8,7
844449,0.165,4.0,12.0,0.99702,3.26,0.86,9.2,5
465281,0.07,4.0,15.0,0.99693,3.22,0.55,10.3,6
802471,0.068,4.0,14.0,0.99562,3.3,0.47,10.5,5
653819,0.072,7.0,24.0,1.00012,3.09,0.68,10.9,6
135531,0.099,20.0,38.0,0.99818,3.24,0.71,10.8,5
556864,0.102,4.0,7.0,0.99462,3.44,0.58,11.4,4
315281,0.103,19.0,41.0,0.99939,3.21,0.76,11.3,6
711817,0.099,20.0,38.0,0.99818,3.24,0.71,10.8,5
132847,0.081,8.0,30.0,0.9984,3.23,0.58,10.5,6
784454,0.084,19.0,27.0,0.99545,3.28,0.73,11.9,6
150000,0.071,21.0,47.0,0.99632,3.29,0.45,9.4,5
237622,0.0969999999999999,9.0,59.0,0.99976,3.28,0.54,9.6,5
833437,0.099,9.0,22.0,0.99606,3.34,0.6,9.7,5
247999,0.048,16.0,42.0,0.99154,3.71,0.74,14.0,7
107456,0.076,15.0,36.0,0.9973,3.61,0.64,9.8,5
359128,0.076,15.0,36.0,0.9973,3.61,0.64,9.8,5
981142,0.068,6.0,16.0,0.99682,3.24,0.53,10.3,5
957092,0.076,15.0,37.0,0.99624,3.36,0.49,10.7,5
583176,0.05,4.0,8.0,0.9951,3.4,0.64,11.0,7
283009,0.076,15.0,37.0,0.99624,3.36,0.49,10.7,5
258890,0.065,34.0,45.0,0.99417,3.46,0.74,12.7,8
190664,0.071,16.0,24.0,0.99376,3.56,0.77,11.1,6
907910,0.0579999999999999,5.0,9.0,0.99632,3.38,0.55,10.9,4
183543,0.071,16.0,24.0,0.99376,3.56,0.77,11.1,6
855877,0.145,34.0,48.0,0.99832,3.38,0.86,9.9,3
340755,0.147,36.0,51.0,0.99836,3.38,0.86,9.9,4
849298,0.088,16.0,23.0,0.99694,3.32,0.47,9.4,5
159443,0.066,27.0,55.0,0.99655,3.39,0.51,9.3,5
749494,0.012,36.0,100.0,0.99064,3.26,0.39,11.7,7
637241,0.012,36.0,100.0,0.99064,3.26,0.39,11.7,7
683755,0.075,9.0,28.0,0.99672,3.24,0.83,11.2,7
870014,0.092,13.0,26.0,0.99647,3.46,0.47,10.0,5
559034,0.085,9.0,34.0,0.99736,3.24,0.77,12.1,7
520315,0.115,21.0,31.0,0.99629,3.45,0.63,10.3,5
794933,0.119,34.0,68.0,0.99708,3.23,0.72,10.9,6
647564,0.088,9.0,92.0,0.9963,3.28,0.62,9.4,5
908708,0.062,26.0,42.0,0.9959,3.18,0.83,10.6,6
206942,0.081,14.0,31.0,0.99689,3.59,0.66,9.8,5
806608,0.081,14.0,31.0,0.99689,3.59,0.66,9.8,5
429635,0.078,12.0,39.0,0.9977,3.5,0.7,9.9,6
762874,0.081,14.0,31.0,0.99689,3.59,0.66,9.8,5
923302,0.08,12.0,32.0,0.99689,3.58,0.66,9.8,5
156463,0.085,9.0,22.0,0.99708,3.28,0.55,9.5,5
442072,0.085,9.0,22.0,0.99708,3.28,0.55,9.5,5
847671,0.08,26.0,122.0,0.99801,3.22,1.07,9.7,5
450974,0.08,41.0,55.0,0.99652,3.47,0.73,10.9,6
210839,0.08,41.0,55.0,0.99652,3.47,0.73,10.9,6
721125,0.071,10.0,14.0,0.99538,3.51,0.71,11.7,7
573099,0.08,41.0,55.0,0.99652,3.47,0.73,10.9,6
654187,0.073,16.0,47.0,0.99594,3.4,0.78,11.3,7
992544,0.054,17.0,32.0,0.99686,3.15,0.67,10.6,7
171939,0.074,15.0,24.0,0.99438,3.4,0.82,11.2,6
668218,0.077,15.0,85.0,0.99746,3.51,0.54,9.5,5
495376,0.039,15.0,88.0,0.99357,3.66,0.6,11.5,6
753346,0.067,7.0,25.0,0.99628,3.24,0.44,10.4,5
750864,0.078,17.0,84.0,0.99746,3.51,0.53,9.7,5
638170,0.077,15.0,85.0,0.99746,3.51,0.54,9.5,5
499983,0.077,16.0,86.0,0.99748,3.51,0.54,9.7,5
867935,0.071,13.0,24.0,0.99438,3.41,0.83,11.3,6
503225,0.072,13.0,22.0,0.99438,3.4,0.84,11.2,6
945221,0.074,15.0,24.0,0.99438,3.4,0.82,11.2,6
333246,0.08,27.0,43.0,0.99578,3.44,0.64,10.9,6
729255,0.064,31.0,43.0,0.99371,3.41,0.57,11.8,6
719210,0.086,36.0,46.0,0.99522,3.53,0.57,10.6,5
988558,0.067,28.0,48.0,0.99576,3.43,0.54,10.0,4
174441,0.067,6.0,10.0,0.99552,3.23,0.58,11.1,7
889595,0.104,6.0,10.0,0.99664,3.12,0.65,11.8,7
414365,0.109,7.0,16.0,0.99614,3.31,0.79,11.8,7
513700,0.067,7.0,14.0,0.99517,3.4,0.58,10.9,4
789381,0.064,31.0,43.0,0.99371,3.41,0.57,11.8,6
873837,0.094,30.0,69.0,0.99787,3.22,0.5,10.0,6
979732,0.076,18.0,88.0,0.99745,3.53,0.55,9.5,5
440907,0.078,10.0,21.0,0.99576,3.15,0.49,9.9,5
965035,0.068,30.0,35.0,0.99533,3.48,0.65,11.4,6
384255,0.1939999999999999,14.0,26.0,0.99536,3.22,0.78,12.0,6
646404,0.076,18.0,88.0,0.99745,3.53,0.55,9.5,5
493572,0.094,30.0,69.0,0.99787,3.22,0.5,10.0,6
700383,0.086,9.0,30.0,0.99824,3.34,0.64,10.5,5
313797,0.083,8.0,28.0,0.99836,3.33,0.65,10.4,6
487080,0.066,29.0,56.0,0.99577,3.15,0.79,12.1,7
338988,0.072,32.0,64.0,0.99491,3.43,0.56,11.2,6
741185,0.1119999999999999,23.0,99.0,1.00289,3.22,0.68,9.3,5
267577,0.071,30.0,52.0,0.99576,3.44,0.58,10.1,5
491732,0.078,16.0,86.0,0.99743,3.53,0.57,9.7,5
448921,0.0819999999999999,10.0,18.0,0.99774,3.22,0.65,9.3,6
726393,0.078,16.0,86.0,0.99743,3.53,0.57,9.7,5
527072,0.08,17.0,88.0,0.99745,3.53,0.58,9.8,6
289947,0.08,27.0,43.0,0.9955,3.42,0.58,10.7,6
810312,0.078,17.0,43.0,0.99444,3.31,0.77,12.5,7
926786,0.08,27.0,43.0,0.9955,3.42,0.58,10.7,6
182898,0.078,17.0,43.0,0.99444,3.31,0.77,12.5,7
340140,0.084,6.0,11.0,0.99892,3.48,0.49,11.0,3
518263,0.0559999999999999,10.0,39.0,0.99562,3.4,0.69,11.8,5
633364,0.08,16.0,33.0,0.99736,3.58,0.69,10.8,7
623845,0.08,16.0,33.0,0.99736,3.58,0.69,10.8,7
949668,0.06,11.0,18.0,0.9962,3.41,0.59,10.8,7
277334,0.06,11.0,18.0,0.9962,3.41,0.59,10.8,7
120735,0.081,15.0,115.0,0.998,3.23,0.59,9.5,5
962136,0.084,12.0,78.0,0.9964,3.39,0.71,11.0,5
356301,0.079,6.0,9.0,0.9948,3.59,0.54,11.5,6
548835,0.078,34.0,61.0,0.99528,3.43,0.59,10.8,6
112269,0.059,7.0,11.0,0.99331,3.29,0.52,11.5,6
191061,0.132,3.0,11.0,0.99577,3.23,0.57,13.2,6
830656,0.114,3.0,9.0,0.99901,3.18,0.6,10.9,6
222752,0.065,4.0,8.0,0.99674,3.33,0.62,12.2,6
775158,0.094,3.0,10.0,0.99639,3.27,0.64,12.2,7
858375,0.059,7.0,11.0,0.99331,3.29,0.52,11.5,6
574172,0.079,3.0,6.0,0.99512,3.27,0.67,11.9,6
227249,0.161,7.0,62.0,0.99395,3.62,0.61,11.0,5
978084,0.084,26.0,45.0,0.99824,3.38,0.64,10.1,6
865219,0.081,32.0,79.0,0.9964,3.3,0.72,11.0,6
146829,0.072,38.0,46.0,0.99504,3.38,0.89,11.8,6
187729,0.091,10.0,23.0,0.99786,3.24,0.56,10.5,5
510779,0.081,32.0,79.0,0.9964,3.3,0.72,11.0,6
361475,0.072,38.0,46.0,0.99504,3.38,0.89,11.8,6
826027,0.084,26.0,45.0,0.99824,3.38,0.64,10.1,6
618865,0.055,14.0,28.0,0.99516,3.18,0.8,11.2,5
627872,0.064,53.0,77.0,0.99604,3.47,0.87,11.0,7
849518,0.061,52.0,73.0,0.99786,3.47,0.9,10.2,6
851781,0.093,11.0,75.0,0.99736,3.2,0.59,9.2,4
471634,0.055,14.0,28.0,0.99516,3.18,0.8,11.2,5
434833,0.063,10.0,19.0,0.99468,3.3,0.73,12.0,7
483843,0.08,8.0,25.0,0.99746,3.69,0.73,10.5,5
311286,0.074,13.0,38.0,0.99748,3.48,0.65,9.8,5
375463,0.078,29.0,66.0,0.9971,3.45,0.59,9.5,6
692230,0.074,13.0,38.0,0.99748,3.48,0.65,9.8,5
687438,0.08,8.0,25.0,0.99746,3.69,0.73,10.5,5
561951,0.06,19.0,72.0,0.99543,3.39,0.72,11.8,6
645764,0.06,19.0,72.0,0.99543,3.39,0.72,11.8,6
282081,0.071,6.0,26.0,0.99791,3.07,0.6,10.4,4
956229,0.068,23.0,42.0,0.99356,3.34,0.72,12.9,7
864682,0.073,7.0,11.0,0.99425,3.61,0.54,11.4,5
210383,0.074,13.0,25.0,0.99509,3.36,0.76,12.4,7
171027,0.0819999999999999,9.0,17.0,0.99484,3.19,0.52,12.5,7
612823,0.092,13.0,52.0,0.99834,3.22,0.64,10.0,7
642336,0.094,10.0,45.0,0.99864,3.24,0.6,9.7,7
632847,0.09,11.0,24.0,0.99498,3.27,0.64,12.1,7
129240,0.071,7.0,20.0,0.99566,3.14,0.79,11.1,7
859469,0.092,11.0,24.0,0.99745,3.29,0.99,12.0,7
415578,0.093,6.0,12.0,0.99408,3.26,0.62,12.4,7
816800,0.075,10.0,21.0,0.99552,3.41,0.76,11.9,7
442504,0.075,10.0,21.0,0.99552,3.41,0.76,11.9,7
810431,0.075,10.0,21.0,0.99552,3.41,0.76,11.9,7
425019,0.093,6.0,12.0,0.99408,3.26,0.62,12.4,7
747952,0.0579999999999999,6.0,10.0,0.99536,3.31,0.68,11.2,7
292745,0.052,5.0,9.0,0.99458,3.2,0.69,12.1,7
912536,0.0819999999999999,6.0,11.0,0.99538,3.44,0.54,12.2,6
383483,0.09,9.0,23.0,0.99648,3.36,0.67,10.4,5
389862,0.111,5.0,10.0,0.99568,3.31,0.62,11.3,6
961490,0.088,12.0,51.0,0.99613,3.29,0.58,11.1,6
545111,0.12,25.0,36.0,0.99519,3.47,0.71,11.3,7
829231,0.089,12.0,32.0,0.99735,3.36,0.61,10.0,5
853362,0.0579999999999999,18.0,38.0,0.99518,3.16,0.85,11.1,6
995953,0.078,7.0,18.0,0.99592,3.27,0.62,9.3,5
345456,0.115,6.0,16.0,0.99654,3.38,0.69,9.5,5
326188,0.1,20.0,27.0,0.99546,3.15,0.69,11.2,6
989833,0.0579999999999999,18.0,38.0,0.99518,3.16,0.85,11.1,6
671781,0.065,24.0,48.0,0.99554,3.34,0.86,11.0,6
283506,0.103,6.0,10.0,0.99604,3.13,0.58,11.9,7
269167,0.0969999999999999,23.0,113.0,0.99733,3.13,0.48,9.2,5
169157,0.068,29.0,46.0,0.9943,3.2,0.6,12.2,6
753417,0.079,7.0,22.0,0.99669,3.46,0.61,10.2,5
931308,0.066,6.0,10.0,0.99724,3.33,0.87,10.9,6
249519,0.066,6.0,10.0,0.99724,3.33,0.87,10.9,6
812276,0.104,6.0,13.0,0.99643,3.22,0.65,11.6,7
660756,0.079,6.0,12.0,0.99605,3.52,0.63,10.7,5
408645,0.073,7.0,13.0,0.99658,3.3,0.62,12.1,7
619596,0.083,35.0,72.0,0.997,3.44,0.52,9.4,5
794675,0.083,35.0,72.0,0.997,3.44,0.52,9.4,5
812441,0.109,31.0,119.0,0.99801,3.15,0.5,9.1,5
411453,0.061,9.0,29.0,0.99416,3.28,0.49,11.3,7
209504,0.075,3.0,6.0,0.9969,3.13,0.63,10.4,5
635683,0.065,8.0,17.0,0.99774,3.32,0.71,10.5,6
293255,0.079,13.0,28.0,0.99712,3.25,0.62,10.0,5
943080,0.07,51.0,70.0,0.99418,3.34,0.82,12.9,6
975092,0.065,8.0,17.0,0.99774,3.32,0.71,10.5,6
968004,0.075,3.0,6.0,0.9969,3.13,0.63,10.4,5
442526,0.064,7.0,11.0,0.99562,3.45,0.58,11.3,6
125567,0.066,3.0,7.0,0.9947,3.19,0.55,11.4,7
168193,0.08,35.0,70.0,0.99693,3.44,0.5,9.4,5
709407,0.0969999999999999,19.0,27.0,0.99596,3.16,0.49,9.4,5
405356,0.073,14.0,21.0,0.99556,3.14,0.51,10.9,6
173649,0.0969999999999999,19.0,27.0,0.99596,3.16,0.49,9.4,5
886750,0.0819999999999999,31.0,68.0,0.99694,3.45,0.48,9.4,5
942644,0.076,30.0,47.0,0.99554,3.36,0.48,9.4,6
920903,0.0819999999999999,31.0,68.0,0.99694,3.45,0.48,9.4,5
506195,0.092,20.0,88.0,0.99918,3.15,0.43,9.4,5
301001,0.079,19.0,41.0,0.99697,3.39,0.62,10.1,6
927973,0.087,3.0,11.0,0.99378,3.71,0.63,12.8,7
819724,0.087,3.0,11.0,0.99378,3.71,0.63,12.8,7
468266,0.05,4.0,10.0,0.99554,3.12,0.48,9.1,6
416406,0.055,7.0,12.0,0.99162,3.47,0.53,12.9,6
907170,0.062,6.0,12.0,0.99495,3.44,0.72,11.5,7
831752,0.0579999999999999,31.0,47.0,0.99676,3.26,0.82,10.6,7
369963,0.063,13.0,27.0,0.99516,3.26,0.84,11.7,7
216120,0.067,4.0,8.0,0.9928,3.36,0.55,12.8,7
777957,0.081,27.0,45.0,0.99603,3.25,0.54,10.3,5
767441,0.067,4.0,8.0,0.9928,3.36,0.55,12.8,7
594933,0.063,13.0,27.0,0.99516,3.26,0.84,11.7,7
107468,0.064,12.0,25.0,0.99516,3.26,0.84,11.7,7
213185,0.11,12.0,24.0,0.99549,3.23,0.7,12.0,7
909093,0.1159999999999999,26.0,55.0,0.99722,3.18,0.68,10.9,5
648004,0.067,7.0,12.0,0.99354,3.25,0.55,12.3,7
129773,0.088,12.0,19.0,0.9957,3.17,0.55,10.4,6
525663,0.102,11.0,32.0,0.99604,3.23,0.48,10.0,5
590336,0.092,22.0,31.0,0.99635,3.38,0.58,10.0,6
675921,0.12,3.0,7.0,0.99454,3.22,0.58,11.2,6
355807,0.075,14.0,27.0,0.99598,3.06,0.84,11.4,6
658556,0.068,12.0,28.0,0.99486,3.27,0.75,12.6,7
882658,0.049,36.0,109.0,0.99007,2.89,0.44,12.7,6
162596,0.049,36.0,109.0,0.99007,2.89,0.44,12.7,6
999583,0.078,10.0,23.0,0.99636,3.53,0.61,10.4,5
263239,0.123,3.0,8.0,0.99642,3.2,0.53,11.9,6
857709,0.123,3.0,8.0,0.99642,3.2,0.53,11.9,6
180626,0.062,4.0,9.0,0.99584,3.35,0.54,10.5,5
480474,0.098,3.0,9.0,0.99506,3.27,0.55,12.3,6
669415,0.088,12.0,18.0,0.99568,3.32,0.56,10.5,7
535556,0.095,17.0,43.0,0.99822,3.33,0.6,10.4,6
539578,0.066,14.0,36.0,0.99364,3.41,0.56,12.6,6
168442,0.065,28.0,52.0,0.99378,3.49,0.52,11.6,5
578819,0.075,41.0,68.0,0.99586,3.37,0.54,10.1,6
625404,0.088,12.0,18.0,0.99568,3.32,0.56,10.5,7
753138,0.091,9.0,14.0,0.99488,3.42,0.55,11.5,7
799656,0.093,9.0,15.0,0.99514,3.35,0.58,11.0,7
788939,0.095,5.0,14.0,0.99854,3.36,0.53,9.6,5
556774,0.089,14.0,27.0,0.99592,3.3,0.59,10.4,6
263077,0.077,15.0,48.0,0.99739,3.2,0.47,9.7,6
385306,0.085,5.0,17.0,0.99683,3.17,0.65,10.6,7
763920,0.0819999999999999,26.0,35.0,0.99356,3.22,0.59,12.5,7
592974,0.074,20.0,56.0,0.99672,3.35,0.56,9.2,5
136409,0.078,25.0,42.0,0.9953,3.24,0.77,12.6,7
224313,0.088,21.0,39.0,0.99692,3.33,0.83,11.1,6
773949,0.088,16.0,32.0,0.99756,3.58,0.67,10.2,5
980013,0.079,13.0,26.0,0.99547,3.38,0.64,9.8,6
356845,0.088,21.0,39.0,0.99692,3.33,0.83,11.1,6
355933,0.069,18.0,39.0,0.99859,3.29,0.81,10.9,7
532717,0.046,12.0,53.0,0.99294,3.36,0.62,12.2,6
876021,0.07,32.0,38.0,0.99438,3.32,0.58,11.4,6
996680,0.076,33.0,45.0,0.99612,3.31,0.62,10.7,6
987361,0.0819999999999999,27.0,51.0,0.99634,3.49,0.64,10.4,5
156988,0.081,3.0,14.0,0.99702,3.27,0.78,10.9,6
861844,0.084,6.0,17.0,0.99704,3.27,0.77,10.8,6
550716,0.0819999999999999,27.0,51.0,0.99634,3.49,0.64,10.4,5
901129,0.414,16.0,45.0,0.99702,3.03,1.34,9.2,5
674543,0.073,19.0,25.0,0.99258,3.56,0.55,12.9,5
784964,0.07,9.0,20.0,0.99426,3.38,0.77,12.7,7
141797,0.095,5.0,77.0,0.99747,3.13,0.62,9.1,6
425676,0.095,5.0,77.0,0.99747,3.13,0.62,9.1,6
619224,0.1009999999999999,3.0,10.0,0.99586,3.21,0.59,12.1,7
338302,0.104,28.0,90.0,0.99784,3.15,0.57,9.1,5
233293,0.093,30.0,52.0,0.9971,3.19,0.76,11.6,7
849458,0.1009999999999999,3.0,10.0,0.99586,3.21,0.59,12.1,7
879911,0.074,3.0,8.0,0.9981,3.14,0.7,9.9,6
330318,0.071,7.0,16.0,0.99462,3.21,0.69,12.5,8
325975,0.098,6.0,15.0,0.9956,3.3,0.64,11.4,6
219616,0.075,6.0,17.0,0.99565,3.22,0.63,11.8,6
804155,0.067,5.0,10.0,0.99418,3.28,0.57,11.8,6
942398,0.083,6.0,20.0,0.9963,3.29,0.6,10.2,6
632817,0.07,13.0,26.0,0.99358,3.4,0.72,12.5,7
720275,0.06,3.0,10.0,0.99572,3.02,0.83,10.9,7
919263,0.06,3.0,10.0,0.99572,3.02,0.83,10.9,7
734037,0.086,28.0,52.0,0.997,3.31,0.62,10.8,5
447952,0.057,19.0,37.0,0.99498,3.18,0.89,11.1,7
752303,0.098,30.0,92.0,0.99892,3.2,0.58,9.2,5
846163,0.083,33.0,75.0,0.9968,3.4,0.58,9.5,6
735336,0.088,16.0,37.0,0.9972,3.31,0.58,10.7,6
772359,0.098,30.0,92.0,0.99892,3.2,0.58,9.2,5
808719,0.071,45.0,67.0,0.99769,3.44,0.86,10.2,7
170147,0.073,3.0,8.0,0.99534,3.15,0.73,11.4,6
954113,0.08,3.0,8.0,0.99817,3.27,0.58,11.0,5
668205,0.08,3.0,8.0,0.99817,3.27,0.58,11.0,5
288573,0.05,37.5,278.0,0.99316,3.01,0.51,12.3,7
299525,0.047,3.0,8.0,0.99471,3.16,0.51,11.8,6
177862,0.05,37.5,289.0,0.99316,3.01,0.51,12.3,7
504184,0.073,31.0,70.0,0.99685,3.42,0.59,9.5,6
914722,0.072,32.0,59.0,0.99617,3.33,0.77,12.0,6
125566,0.073,31.0,70.0,0.99685,3.42,0.59,9.5,6
233658,0.074,40.0,64.0,0.99529,3.12,0.49,9.6,5
750955,0.055,3.0,9.0,0.99738,3.38,0.66,11.6,7
763276,0.057,18.0,30.0,0.994,3.29,0.69,11.2,6
790254,0.095,22.0,41.0,0.99735,3.02,0.76,9.9,7
562820,0.095,22.0,41.0,0.99735,3.02,0.76,9.9,7
961665,0.083,42.0,74.0,0.99451,2.98,0.63,11.8,8
989760,0.086,8.0,19.0,0.99546,3.35,0.6,11.4,6
451329,0.081,10.0,16.0,0.99479,3.43,0.59,11.5,6
786133,0.079,11.0,31.0,0.99615,3.33,0.86,12.0,7
915518,0.1169999999999999,9.0,17.0,0.99655,3.35,0.49,10.8,6
744991,0.087,6.0,20.0,0.99772,3.15,0.5,10.5,5
533585,0.1169999999999999,9.0,17.0,0.99655,3.35,0.49,10.8,6
295928,0.096,5.0,18.0,0.99666,3.2,0.52,9.4,5
282321,0.216,5.0,16.0,0.99358,3.15,0.81,12.5,7
765731,0.096,5.0,18.0,0.99666,3.2,0.52,9.4,5
914412,0.072,23.0,36.0,0.99392,3.11,0.78,12.4,6
276720,0.071,14.0,25.0,0.99388,3.35,0.63,12.0,6
186468,0.078,18.0,30.0,0.99402,3.45,0.54,11.2,6
711901,0.071,14.0,25.0,0.99388,3.35,0.63,12.0,6
617134,0.073,16.0,25.0,0.9936,3.28,0.66,12.4,6
250802,0.048,13.0,49.0,0.99374,3.41,0.6,12.8,5
724105,0.069,9.0,17.0,0.99376,3.21,0.54,12.3,6
463505,0.068,10.0,24.0,0.99523,3.27,0.85,11.7,7
439917,0.09,4.0,13.0,0.99855,3.36,0.49,9.5,5
180430,0.171,27.0,66.0,0.9982,3.17,0.76,10.8,6
900321,0.07,6.0,14.0,0.99593,3.25,0.64,10.0,6
889651,0.092,23.0,55.0,0.99471,3.78,0.64,12.3,7
952383,0.0559999999999999,6.0,35.0,0.99396,3.29,0.71,11.0,6
596957,0.074,3.0,10.0,0.99698,3.12,0.59,9.5,6
630217,0.046,29.0,80.0,0.9902,3.49,0.66,13.6,6
135337,0.091,15.0,21.0,0.99572,3.38,0.6,11.3,6
592250,0.091,15.0,21.0,0.99572,3.38,0.6,11.3,6
700463,0.091,15.0,21.0,0.99572,3.38,0.6,11.3,6
418477,0.065,14.0,24.0,0.99252,3.3,0.53,13.3,6
315776,0.066,7.0,15.0,0.99256,3.52,0.58,12.9,5
485726,0.076,8.0,17.0,0.99235,3.2,0.72,13.1,8
791803,0.062,21.0,28.0,0.99352,3.44,0.55,12.3,6
260150,0.055,27.0,33.0,0.9922,3.45,0.48,12.3,6
645957,0.081,17.0,29.0,0.99674,3.12,0.65,11.2,6
324567,0.096,3.0,13.0,0.99557,3.62,0.62,11.5,4
412284,0.055,13.0,27.0,0.99394,3.14,0.59,11.3,7
877066,0.063,3.0,11.0,0.9915,3.39,0.54,13.5,6
480354,0.072,26.0,52.0,0.99379,3.51,0.6,11.5,6
266436,0.095,28.0,89.0,0.9984,3.22,0.68,10.0,5
295305,0.092,24.0,70.0,0.99798,3.21,0.69,10.5,6
507711,0.0579999999999999,5.0,10.0,0.9977,3.18,0.63,10.4,6
534807,0.045,57.0,135.0,0.99341,3.32,0.44,9.5,5
815360,0.075,18.0,38.0,0.9933,3.38,0.88,13.6,7
664914,0.089,10.0,18.0,0.99684,3.37,0.68,11.2,7
551608,0.061,6.0,15.0,0.99524,3.3,0.74,11.8,7
711536,0.067,22.0,50.0,0.9946,3.38,0.6,11.9,6
369368,0.08,6.0,13.0,0.99774,3.22,0.76,11.4,6
573332,0.08,6.0,13.0,0.99774,3.22,0.76,11.4,6
444750,0.104,29.0,94.0,0.99786,3.14,0.58,9.1,5
149335,0.079,16.0,86.0,0.99764,3.34,0.64,9.5,6
369652,0.08,33.0,79.0,0.9969,3.41,0.65,9.5,6
363736,0.08,24.0,71.0,0.99624,3.27,0.85,11.0,6
123712,0.043,6.0,12.0,0.99354,3.3,0.65,11.4,6
396167,0.065,16.0,20.0,0.99672,3.61,0.82,10.0,6
357573,0.066,35.0,70.0,0.99588,3.43,0.62,10.1,5
382131,0.076,31.0,51.0,0.99672,3.53,0.81,10.4,6
290983,0.178,6.0,21.0,0.996,3.28,0.87,9.8,6
673787,0.071,6.0,14.0,0.99702,3.21,0.49,11.8,7
702240,0.086,9.0,21.0,0.99526,3.39,0.66,11.6,6
733453,0.061,6.0,11.0,0.99585,3.23,0.52,12.0,6
404303,0.067,4.0,12.0,0.99473,3.3,0.76,12.8,7
123994,0.044,16.0,70.0,0.99352,3.46,0.65,12.5,6
780920,0.118,9.0,38.0,0.99616,3.15,0.53,9.8,5
290130,0.083,17.0,38.0,0.99622,3.23,0.66,11.1,6
620368,0.1,50.0,63.0,0.99544,3.59,0.68,11.4,6
427183,0.118,9.0,38.0,0.99616,3.15,0.53,9.8,5
842841,0.071,45.0,88.0,0.99524,3.33,0.76,11.8,7
909784,0.042,16.0,101.0,0.9924,3.46,0.87,12.9,7
204012,0.076,22.0,54.0,0.99572,3.42,1.16,10.6,6
754868,0.11,11.0,37.0,0.99728,3.16,0.67,10.8,5
594604,0.087,6.0,20.0,0.99676,3.14,0.72,11.1,7
183942,0.076,12.0,21.0,0.99551,3.21,0.75,10.2,6
661949,0.075,12.0,19.0,0.99434,3.14,0.71,11.8,7
434323,0.078,10.0,21.0,0.99692,3.29,0.67,10.0,5
996202,0.078,10.0,21.0,0.99692,3.29,0.67,10.0,5
780650,0.369,15.0,38.0,0.99634,3.01,1.1,9.4,5
999901,0.111,7.0,60.0,0.99709,2.94,0.98,10.2,5
804581,0.074,29.0,48.0,0.99528,3.32,0.88,12.4,7
575070,0.067,8.0,44.0,0.99384,3.21,0.56,12.0,6
277818,0.086,5.0,14.0,0.99502,3.32,0.62,11.5,6
407736,0.062,5.0,12.0,0.99667,3.2,0.67,10.5,6
439180,0.078,26.0,44.0,0.99522,3.42,0.68,10.8,6
986379,0.074,5.0,16.0,0.99649,3.27,0.74,12.3,6
765115,0.079,26.0,65.0,0.99716,3.46,0.62,9.5,6
122253,0.079,26.0,65.0,0.99716,3.46,0.62,9.5,6
158711,0.095,48.0,59.0,0.99541,3.61,0.7,11.5,6
607451,0.079,23.0,47.0,0.99572,3.58,0.5,11.2,4
747305,0.052,6.0,11.0,0.99318,3.35,0.66,12.7,7
481376,0.0409999999999999,17.0,78.0,0.99346,3.68,0.73,11.4,5
271743,0.076,11.0,47.0,0.99599,3.27,0.81,11.0,6
821040,0.076,11.0,47.0,0.99599,3.27,0.81,11.0,6
859212,0.068,5.0,11.0,0.99478,3.19,0.46,11.4,5
988808,0.068,41.0,54.0,0.99754,3.38,0.86,10.5,6
496611,0.07,16.0,61.0,0.99572,3.29,0.6,9.3,5
931774,0.08,11.0,119.0,0.99538,3.36,0.7,10.9,5
875027,0.085,6.0,39.0,0.99346,3.33,0.46,11.9,6
687434,0.079,6.0,12.0,0.9963,3.52,0.5,12.2,5
989037,0.085,6.0,39.0,0.99346,3.33,0.46,11.9,6
654101,0.08,11.0,119.0,0.99538,3.36,0.7,10.9,5
577232,0.075,5.0,19.0,0.99616,3.3,0.44,9.6,4
197644,0.08,6.0,20.0,0.99652,3.28,0.57,12.5,6
816965,0.166,6.0,12.0,0.99551,3.56,0.51,10.8,5
724924,0.063,11.0,41.0,0.99439,3.52,0.8,12.4,7
719668,0.166,6.0,12.0,0.99551,3.56,0.51,10.8,5
521279,0.114,15.0,64.0,0.99588,3.22,0.59,9.5,6
401306,0.078,21.0,56.0,0.99633,3.52,0.6,9.5,6
707294,0.076,23.0,94.0,0.99686,3.21,0.58,9.5,6
816159,0.069,4.0,9.0,0.99458,3.16,0.54,9.8,6
140048,0.052,19.0,77.0,0.9951,3.15,0.79,10.9,6
140225,0.076,23.0,94.0,0.99686,3.21,0.58,9.5,6
826844,0.069,4.0,9.0,0.99458,3.16,0.54,9.8,6
102260,0.065,5.0,10.0,0.99419,3.27,0.54,11.2,7
623805,0.068,6.0,12.0,0.99516,3.35,0.69,11.7,8
822108,0.111,33.0,76.0,0.99878,3.14,0.55,9.4,5
348309,0.074,24.0,44.0,0.99534,3.4,0.85,11.0,7
241785,0.074,24.0,44.0,0.99534,3.4,0.85,11.0,7
656801,0.074,24.0,44.0,0.99534,3.4,0.85,11.0,7
694716,0.136,24.0,52.0,0.99752,3.35,0.94,10.0,5
796015,0.074,24.0,44.0,0.99534,3.4,0.85,11.0,7
737599,0.071,14.0,24.0,0.99428,3.45,0.87,11.2,7
787108,0.078,8.0,15.0,0.99498,3.35,0.62,10.4,6
809477,0.076,22.0,53.0,0.9957,3.32,0.62,9.3,5
516163,0.078,8.0,15.0,0.99498,3.35,0.62,10.4,6
680626,0.071,5.0,13.0,0.99659,3.15,0.75,10.5,6
304131,0.081,6.0,9.0,0.99628,3.1,0.48,10.4,6
833982,0.095,20.0,29.0,0.99488,3.26,0.56,11.3,6
325589,0.079,10.0,79.0,0.99677,3.29,0.69,9.5,6
229020,0.057,43.0,74.0,0.99408,3.23,0.81,12.0,6
670936,0.0819999999999999,8.0,24.0,0.996,3.24,0.69,10.6,6
223799,0.044,25.0,50.0,0.99478,3.2,0.83,10.9,6
563290,0.132,17.0,44.0,0.99734,3.28,0.77,11.5,6
860789,0.132,17.0,44.0,0.99734,3.28,0.77,11.5,6
442699,0.078,33.0,89.0,0.99678,3.26,0.46,9.6,6
641297,0.074,9.0,23.0,0.99638,3.23,0.76,12.0,6
376976,0.08,8.0,20.0,0.9992,3.07,0.82,10.3,6
243256,0.091,18.0,77.0,0.99922,3.15,0.51,9.4,5
369637,0.08,27.0,46.0,0.99592,3.02,0.47,9.2,5
266348,0.104,8.0,21.0,0.99769,3.27,0.72,9.6,5
868904,0.044,18.0,88.0,0.99157,3.68,0.73,13.6,7
376884,0.075,19.0,66.0,0.99718,3.4,0.64,9.5,5
771703,0.066,15.0,58.0,0.9947,3.37,0.78,11.8,6
267923,0.074,48.0,90.0,0.99621,3.38,0.62,10.8,5
713280,0.075,19.0,66.0,0.99718,3.4,0.64,9.5,5
857849,0.057,14.0,36.0,0.99614,3.23,0.49,9.3,4
679395,0.059,11.0,18.0,0.99242,3.39,0.4,12.8,6
825326,0.054,6.0,113.0,0.99572,3.3,0.56,11.5,4
314164,0.07,7.0,17.0,0.99659,3.26,0.64,9.4,6
668815,0.059,11.0,18.0,0.99242,3.39,0.4,12.8,6
705087,0.081,12.0,24.0,0.99798,3.38,0.46,9.6,4
726794,0.057,11.0,20.0,0.99488,3.45,0.56,11.8,4
826125,0.076,36.0,60.0,0.99494,3.1,0.4,9.3,5
473566,0.079,28.0,65.0,0.99729,3.16,0.59,9.8,5
399048,0.0579999999999999,15.0,40.0,0.99414,3.22,0.6,12.2,6
650753,0.0819999999999999,10.0,86.0,0.9983,3.37,0.62,9.5,5
925974,0.067,72.0,160.0,0.99721,3.33,0.54,10.3,6
132831,0.0819999999999999,15.0,34.0,0.99655,3.49,0.68,10.5,5
579311,0.086,15.0,48.0,0.99502,3.12,0.48,10.0,5
445427,0.0819999999999999,15.0,34.0,0.99655,3.49,0.68,10.5,5
424035,0.081,22.0,36.0,0.9949,3.41,0.75,11.1,6
268026,0.079,24.0,37.0,0.99514,3.4,0.61,10.9,6
532587,0.079,24.0,37.0,0.99514,3.4,0.61,10.9,6
246047,0.077,27.0,60.0,0.9963,3.28,0.59,9.8,5
158320,0.123,6.0,14.0,0.99627,3.45,0.58,9.8,5
151965,0.096,6.0,13.0,0.99569,3.43,0.58,9.5,5
367317,0.079,20.0,35.0,0.99628,3.4,0.69,10.9,5
980379,0.069,26.0,46.0,0.99358,3.47,0.45,11.0,5
584966,0.0819999999999999,43.0,60.0,0.99499,3.1,0.42,9.2,5
324829,0.085,12.0,69.0,0.99633,3.32,0.7,11.0,6
424084,0.123,15.0,33.0,0.99538,3.44,0.63,11.3,6
642234,0.123,15.0,33.0,0.99538,3.44,0.63,11.3,6
196526,0.4029999999999999,19.0,56.0,0.99632,3.02,1.15,9.3,5
160620,0.083,17.0,24.0,0.99437,3.59,0.55,11.2,4
348912,0.081,34.0,66.0,0.99726,3.15,0.58,9.8,5
270271,0.089,13.0,26.0,0.9978,3.37,0.46,9.6,4
128783,0.066,26.0,51.0,0.99456,3.38,0.72,11.8,6
156852,0.081,16.0,36.0,0.99564,3.38,0.6,10.3,6
357903,0.081,16.0,36.0,0.99564,3.38,0.6,10.3,6
877880,0.068,13.0,19.0,0.996,3.1,0.87,11.4,6
444635,0.079,21.0,51.0,0.99668,3.47,0.55,9.5,6
413812,0.044,28.0,87.0,0.9908,3.5,0.82,14.0,8
394543,0.048,26.0,60.0,0.99084,3.7,0.75,14.0,6
830260,0.049,24.0,64.0,0.9935,3.38,0.57,11.7,6
767622,0.077,25.0,44.0,0.99385,3.5,0.53,11.2,5
489165,0.073,34.0,44.0,0.99494,3.1,0.43,9.3,5
238522,0.102,17.0,36.0,0.9944,3.24,0.53,11.2,6
634706,0.075,13.0,81.0,0.99688,3.24,0.54,9.5,6
951456,0.05,3.0,10.0,0.99566,3.28,0.56,12.0,4
908513,0.114,3.0,10.0,0.99636,3.35,0.6,9.7,6
791672,0.075,13.0,81.0,0.99688,3.24,0.54,9.5,6
297193,0.062,3.0,9.0,0.9948,3.14,0.57,11.5,7
814641,0.077,28.0,54.0,0.9956,3.37,0.64,10.4,6
156780,0.077,28.0,54.0,0.9956,3.37,0.64,10.4,6
637021,0.084,9.0,22.0,0.99619,3.33,0.68,10.9,6
514261,0.096,17.0,69.0,0.99734,3.26,0.63,10.2,6
686431,0.071,18.0,36.0,0.99476,3.39,0.56,10.9,5
889029,0.09,20.0,47.0,0.99734,3.15,0.57,10.5,5
479127,0.068,17.0,31.0,0.99328,3.35,0.54,12.4,6
335388,0.0559999999999999,3.0,7.0,0.99286,3.22,0.37,13.0,5
548643,0.068,20.0,110.0,0.99914,3.3,1.17,10.2,5
174805,0.068,20.0,110.0,0.99914,3.3,1.17,10.2,5
729793,0.1,6.0,12.0,0.99521,3.36,0.59,11.0,5
497309,0.073,25.0,60.0,0.99638,3.29,0.75,10.9,6
411461,0.0559999999999999,14.0,28.0,0.99362,3.62,0.67,12.4,6
485257,0.084,6.0,12.0,0.99672,3.34,0.49,9.7,4
152440,0.073,25.0,60.0,0.99638,3.29,0.75,10.9,6
534711,0.093,51.0,77.5,0.99558,3.2,0.45,9.5,5
780918,0.093,51.0,77.5,0.99558,3.2,0.45,9.5,5
284460,0.064,15.0,29.0,0.99323,3.35,0.61,12.1,6
994411,0.063,11.0,18.0,0.99191,3.45,0.56,12.2,6
971503,0.1369999999999999,5.0,9.0,0.99476,3.5,0.4,10.9,3
906097,0.08,15.0,28.0,0.99444,3.78,0.61,12.5,6
236332,0.1,20.0,57.0,0.99598,3.6,0.74,11.7,6
394499,0.064,4.0,15.0,0.99576,3.3,0.8,11.2,6
298385,0.081,28.0,68.0,0.99501,3.36,0.66,11.2,5
715594,0.087,21.0,68.0,0.9955,3.12,0.44,9.2,5
874728,0.073,24.0,88.0,0.99612,3.3,0.53,9.8,5
762056,0.088,22.0,91.0,0.9979,3.29,0.62,10.1,5
184407,0.068,15.0,29.0,0.99524,3.41,0.52,11.1,4
495340,0.088,22.0,91.0,0.9979,3.29,0.62,10.1,5
596787,0.071,27.0,63.0,0.996,3.28,0.61,9.2,5
478270,0.073,24.0,88.0,0.99612,3.3,0.53,9.8,5
507077,0.064,12.0,27.0,0.9929,3.33,0.59,12.8,6
559479,0.083,14.0,41.0,0.99532,3.34,0.47,10.5,5
333212,0.086,20.0,65.0,0.99558,3.4,0.54,10.1,6
793867,0.086,24.0,69.0,0.99556,3.4,0.53,10.1,6
712168,0.083,17.0,91.0,0.99616,3.26,0.58,9.8,6
521722,0.0409999999999999,16.0,46.0,0.99258,4.01,0.59,12.5,6
494438,0.091,10.0,41.0,0.99638,3.18,0.69,11.9,6
594203,0.083,17.0,91.0,0.99616,3.26,0.58,9.8,6
284416,0.414,18.0,64.0,0.99652,2.9,1.33,9.1,6
676786,0.094,12.0,88.0,0.99796,3.26,0.66,10.1,5
731686,0.0409999999999999,16.0,46.0,0.99258,4.01,0.59,12.5,6
612728,0.0579999999999999,9.0,18.0,0.99392,3.18,0.55,11.4,5
376907,0.06,21.0,55.0,0.99495,3.18,0.82,11.0,7
824882,0.077,18.0,34.0,0.9948,3.39,0.6,10.6,6
980920,0.077,18.0,34.0,0.9948,3.39,0.6,10.6,6
446895,0.077,18.0,34.0,0.9948,3.39,0.6,10.6,6
421594,0.077,18.0,34.0,0.9948,3.39,0.6,10.6,6
158774,0.073,13.0,38.0,0.9955,3.34,0.52,9.3,5
950950,0.083,17.0,91.0,0.99616,3.29,0.56,9.8,6
327540,0.083,17.0,91.0,0.99616,3.29,0.56,9.8,6
961503,0.107,31.0,67.0,0.99668,3.26,0.46,9.2,5
193512,0.075,6.0,25.0,0.99581,3.09,0.43,9.7,6
528729,0.079,12.0,48.0,0.9976,3.18,0.51,9.6,5
749073,0.166,4.0,11.0,0.99608,3.39,0.52,10.0,5
122685,0.069,19.0,40.0,0.99387,3.38,0.66,12.6,6
840832,0.057,15.0,26.0,0.99448,3.36,0.45,9.5,5
427578,0.057,15.0,26.0,0.99448,3.36,0.45,9.5,5
641392,0.057,15.0,26.0,0.99448,3.36,0.45,9.5,5
921369,0.084,13.0,31.0,0.99538,3.36,0.54,10.5,6
737215,0.084,13.0,31.0,0.99538,3.36,0.54,10.5,6
980114,0.084,13.0,31.0,0.99538,3.36,0.54,10.5,6
904324,0.085,17.0,31.0,0.99589,3.37,0.51,10.4,6
981354,0.084,13.0,31.0,0.99538,3.36,0.54,10.5,6
518414,0.077,8.0,20.0,0.99852,3.09,0.53,11.0,5
569251,0.063,10.0,28.0,0.99613,3.25,0.53,10.2,6
264555,0.0559999999999999,5.0,13.0,0.99472,3.52,0.56,11.4,5
367485,0.078,7.0,12.0,0.99587,3.34,0.39,9.5,5
679940,0.078,7.0,12.0,0.99587,3.34,0.39,9.5,5
882247,0.081,21.0,41.0,0.99518,3.41,0.52,10.8,5
870589,0.069,32.0,73.0,0.99654,3.34,0.57,10.0,5
679263,0.065,8.0,46.0,0.99332,3.32,0.51,11.8,6
314805,0.086,14.0,57.0,0.9969,3.37,0.46,10.3,5
655717,0.086,14.0,57.0,0.9969,3.37,0.46,10.3,5
721600,0.077,7.0,28.0,0.99568,3.35,0.52,10.0,5
225250,0.086,5.0,32.0,0.99464,3.36,0.44,10.1,5
518067,0.084,4.0,28.0,0.99464,3.36,0.44,10.1,5
281485,0.078,27.0,67.0,0.99648,3.6,0.59,11.1,6
154901,0.168,52.0,98.0,0.99736,3.28,0.5,9.5,5
822757,0.091,6.0,28.0,0.99704,3.07,0.65,10.0333333333333,6
966312,0.1119999999999999,11.0,38.0,0.99699,3.24,0.56,10.9,5
507386,0.093,13.0,54.0,0.99724,3.36,0.54,10.1,5
593575,0.091,6.0,28.0,0.99704,3.07,0.65,10.0333333333333,6
487927,0.08,11.0,63.0,0.99652,3.29,0.48,9.8,4
947658,0.096,10.0,31.0,0.995,3.46,0.53,11.8,6
129162,0.115,10.0,42.0,0.9971,3.18,0.62,9.5,5
356629,0.094,10.0,45.0,0.99576,3.24,0.5,9.8,5
866457,0.088,9.0,105.0,0.99725,3.25,1.18,10.5,6
251371,0.079,16.0,74.0,0.99656,3.27,0.5,9.8,6
633263,0.069,4.0,8.0,0.99396,3.33,0.37,10.4,4
487609,0.415,12.0,66.0,0.99623,3.0,1.17,9.2,5
907431,0.153,5.0,14.0,0.99476,3.21,1.03,11.6,6
561556,0.415,12.0,66.0,0.99623,3.0,1.17,9.2,5
495179,0.11,34.0,89.0,0.99664,3.24,0.45,9.3,5
621402,0.267,16.0,29.0,0.99471,3.32,0.51,9.8,3
970528,0.083,13.0,100.0,0.99586,3.26,0.52,9.9,5
872116,0.086,7.0,31.0,0.9946,3.11,0.46,10.0,5
543016,0.09,23.0,74.0,0.9953,3.71,0.62,12.2,6
330317,0.078,10.0,28.0,0.99609,3.29,0.51,9.9,6
955018,0.077,11.0,35.0,0.99557,3.36,0.62,10.8,6
998302,0.077,11.0,35.0,0.99557,3.36,0.62,10.8,6
552576,0.074,4.0,25.0,0.99534,3.38,0.45,9.6,5
411220,0.08,25.0,105.0,0.99613,3.3,0.49,9.9,5
820838,0.08,25.0,105.0,0.99613,3.3,0.49,9.9,5
542978,0.107,20.0,84.0,0.99593,3.19,0.5,9.5,5
510547,0.076,34.0,85.0,0.99668,3.19,0.42,9.2,5
817556,0.1,8.0,23.0,0.9961,3.3,0.58,9.6,5
711760,0.1,8.0,23.0,0.9961,3.3,0.58,9.6,5
342347,0.083,7.0,49.0,0.99718,3.35,0.68,10.3,5
301552,0.08,36.0,111.0,0.99524,3.1,0.53,9.7,5
800457,0.068,15.0,33.0,0.99292,3.58,0.59,12.5,6
699453,0.094,5.0,33.0,0.99612,3.37,0.58,11.0,5
388475,0.07,5.0,12.0,0.9942,3.17,0.48,9.8,5
169473,0.078,19.0,59.0,0.99612,3.3,0.48,10.2,5
351535,0.07,27.0,73.0,0.99669,3.32,0.48,9.2,5
718739,0.092,3.0,12.0,0.99745,3.31,0.65,9.55,6
325675,0.09,4.0,11.0,0.99745,3.31,0.65,9.55,5
703115,0.08,17.0,104.0,0.99584,3.28,0.52,9.9,5
668103,0.083,13.0,28.0,0.9966,3.52,0.62,10.2,7
912236,0.068,10.0,24.0,0.9956,3.42,0.72,11.1,6
203912,0.08,33.0,141.0,0.9962,3.25,0.51,9.9,5
737499,0.08,33.0,141.0,0.9962,3.25,0.51,9.9,5
665676,0.052,6.0,24.0,0.9963,3.44,0.82,11.9,6
175584,0.061,3.0,13.0,0.996,3.23,1.1,10.0,8
903024,0.0819999999999999,12.0,46.0,0.9985,3.43,0.62,10.7,6
428133,0.062,18.0,34.0,0.9952,3.28,0.9,11.3,7
952297,0.062,8.0,22.0,0.9974,3.22,0.94,10.9,6
395824,0.064,40.0,54.0,0.995,3.54,0.93,10.7,6
104441,0.048,35.0,53.0,0.995,3.27,1.01,12.4,7
744213,0.064,40.0,54.0,0.995,3.54,0.93,10.7,6
324050,0.0819999999999999,5.0,16.0,0.9936,3.5,0.44,11.9,6
402800,0.071,8.0,19.0,0.9963,3.56,0.73,10.6,6
564404,0.062,8.0,22.0,0.9974,3.22,0.94,10.9,6
594421,0.104,12.0,89.0,0.9963,3.04,0.9,10.1,5
458583,0.077,3.0,15.0,0.9994,3.2,0.78,9.6,5
545321,0.065,8.0,18.0,0.9966,3.56,0.84,9.4,5
511426,0.077,3.0,15.0,0.9994,3.2,0.78,9.6,5
681754,0.064,21.0,37.0,0.9952,3.35,0.77,12.1,7
916362,0.077,3.0,19.0,0.995,3.16,0.46,9.8,5
308093,0.077,32.0,133.0,0.9956,3.27,0.45,9.9,5
162675,0.077,3.0,19.0,0.995,3.16,0.46,9.8,5
134697,0.079,24.0,58.0,0.9965,3.34,0.58,9.4,5
224845,0.079,39.0,55.0,0.9956,3.39,0.84,11.4,6
968017,0.123,14.0,31.0,0.9968,3.5,0.67,11.0,4
433513,0.076,8.0,23.0,0.9974,3.26,0.7,9.6,6
930048,0.076,8.0,23.0,0.9974,3.26,0.7,9.6,6
433662,0.046,23.0,60.0,0.9971,3.41,0.71,12.1,6
344192,0.078,6.0,23.0,0.9957,3.3,0.58,11.2,5
145547,0.072,27.0,55.0,0.9962,3.31,0.63,11.0,5
478700,0.049,38.0,67.0,0.996,3.33,0.93,11.3,5
252215,0.066,18.0,47.0,0.9956,3.37,0.62,10.4,5
370037,0.069,13.0,74.0,0.9958,3.26,0.54,9.9,6
295794,0.042,3.0,11.0,0.9944,3.48,0.85,11.7,6
893366,0.069,11.0,25.0,0.9955,3.42,0.74,10.1,7
948228,0.214,55.0,95.0,1.00369,3.18,0.77,9.0,6
581299,0.214,55.0,95.0,1.00369,3.18,0.77,9.0,6
787151,0.1689999999999999,27.0,90.0,0.99914,3.15,0.65,8.5,5
675206,0.07,15.0,39.0,0.99577,3.53,0.54,11.1,5
545983,0.052,3.0,8.0,0.996,3.41,0.47,10.3,5
814196,0.072,31.0,92.0,0.99566,3.32,0.68,11.066666666666698,6
729919,0.062,15.0,28.0,0.9947,3.23,0.73,11.3,7
711132,0.094,19.0,98.0,0.99713,3.16,0.52,9.56666666666667,6
529016,0.078,18.0,30.0,0.99712,3.4,0.75,9.8,5
739479,0.0579999999999999,8.0,22.0,0.99322,3.38,0.49,11.7,5
194626,0.072,31.0,92.0,0.99566,3.32,0.68,11.1,6
442983,0.094,19.0,98.0,0.99713,3.16,0.52,9.6,6
108382,0.078,18.0,30.0,0.99712,3.4,0.75,9.8,5
853684,0.08,22.0,39.0,0.99701,3.4,0.74,9.7,5
708771,0.08,40.0,54.0,0.99683,3.4,0.73,9.7,5
281246,0.0559999999999999,15.0,29.0,0.99472,3.23,0.76,11.3,8
819096,0.062,15.0,28.0,0.9947,3.23,0.73,11.3,7
424173,0.104,8.0,17.0,0.99732,3.33,0.78,11.0,7
238058,0.062,37.0,53.0,0.99374,3.35,0.76,11.6,7
776102,0.074,27.0,85.0,0.99706,3.41,0.58,9.0,5
539184,0.073,7.0,23.0,0.99974,3.21,0.69,10.9,6
202872,0.052,9.0,17.0,0.99467,3.5,0.63,10.9,6
623235,0.05,38.0,89.0,0.99236,3.3,0.5,10.55,6
776478,0.074,27.0,85.0,0.99706,3.41,0.58,9.0,5
319999,0.067,8.0,20.0,0.99603,3.39,0.6,10.5,5
602285,0.054,7.0,15.0,0.99458,3.32,0.8,11.9,7
606810,0.054,34.0,64.0,0.99724,3.41,0.68,10.4,6
602149,0.06,6.0,13.0,0.99664,3.59,0.61,10.0,4
183019,0.075,14.0,31.0,0.99545,3.36,0.58,10.4,6
134036,0.076,14.0,39.0,0.99522,3.34,0.53,10.8,6
977980,0.063,34.0,53.0,0.9958,3.41,0.67,9.7,5
398635,0.063,34.0,53.0,0.9958,3.41,0.67,9.7,5
984333,0.062,31.0,54.0,0.99728,3.3,0.65,10.0,7
710506,0.067,19.0,32.0,0.99648,3.52,0.57,11.0,4
926435,0.062,31.0,54.0,0.99728,3.3,0.65,10.0,7
872192,0.061,20.0,49.0,0.99705,3.31,0.55,9.7,3
588080,0.084,8.0,24.0,0.99578,2.88,0.47,9.7,5
746367,0.067,8.0,16.0,0.99334,3.43,0.52,12.6,5
411173,0.073,23.0,44.0,0.99656,3.38,0.79,11.1,6
782867,0.071,14.0,45.0,0.99336,3.38,0.54,11.0,5
403736,0.205,48.0,82.0,1.00242,3.16,0.75,8.8,5
822696,0.048,16.0,89.0,0.99182,3.54,0.88,13.566666666666698,7
173839,0.205,48.0,82.0,1.00242,3.16,0.75,8.8,5
908270,0.048,16.0,89.0,0.99182,3.54,0.88,13.6,7
662296,0.0819999999999999,3.0,14.0,0.99808,3.4,0.52,10.2,3
465031,0.104,10.0,22.0,0.99828,3.39,0.68,10.6,5
857916,0.08,6.0,13.0,0.99498,3.66,0.62,10.1,4
152371,0.104,10.0,22.0,0.99828,3.39,0.68,10.6,5
734520,0.114,3.0,9.0,0.99719,3.33,0.57,10.3,4
191742,0.042,6.0,12.0,0.99542,3.35,0.61,10.7,5
675770,0.06,4.0,11.0,0.99592,3.53,0.64,10.9,4
497160,0.074,8.0,25.0,0.99606,3.37,0.55,9.7,5
289034,0.07,9.0,23.0,0.99546,3.38,0.6,10.3,5
570659,0.066,9.0,17.0,0.99496,3.52,0.78,10.6,5
252838,0.049,5.0,13.0,0.9942,3.72,0.58,11.4,5
910790,0.048,4.0,11.0,0.99448,3.44,0.76,10.8,6
351310,0.039,8.0,18.0,0.99344,3.39,0.56,12.4,6
259761,0.049,5.0,13.0,0.9942,3.72,0.58,11.4,5
414088,0.05,6.0,18.0,0.99348,3.57,0.54,11.95,5
691921,0.089,23.0,147.0,0.99636,3.26,0.59,9.7,5
346602,0.066,15.0,28.0,0.99459,3.42,0.7,10.0,7
489945,0.08,15.0,28.0,0.99492,3.35,0.81,10.6,6
539120,0.089,23.0,147.0,0.99636,3.26,0.59,9.7,5
741804,0.054,7.0,16.0,0.99508,3.45,0.63,11.5,6
490607,0.068,7.0,13.0,0.99582,3.53,0.58,10.8,6
215969,0.054,7.0,16.0,0.99508,3.45,0.63,11.5,6
156178,0.076,8.0,15.0,0.99508,3.26,0.53,9.6,5
550045,0.083,21.0,64.0,0.99642,3.16,0.53,9.4,5
335127,0.078,15.0,60.0,0.99638,3.31,0.54,9.8,5
653636,0.077,6.0,14.0,0.99555,3.51,0.69,11.0,6
261557,0.106,5.0,12.0,0.99605,3.36,0.55,11.4,6
263481,0.078,6.0,12.0,0.996,3.55,0.63,9.95,3
464833,0.07,6.0,14.0,0.99562,3.51,0.66,10.8,6
767442,0.106,5.0,12.0,0.99605,3.36,0.55,11.4,6
614422,0.074,17.0,25.0,0.99814,3.38,0.72,10.6,6
392747,0.062,7.0,20.0,0.9941,3.28,0.7,11.1,5
375145,0.047,26.0,48.0,0.99661,3.47,0.77,9.7,6
718859,0.068,19.0,27.0,0.99712,3.44,0.67,9.8,5
133637,0.061,11.0,17.0,0.99588,3.53,0.65,10.4,6
773317,0.078,17.0,65.0,0.99294,3.33,0.6,10.5,6
390335,0.074,16.0,65.0,0.99842,3.53,0.72,9.23333333333333,6
645084,0.074,16.0,65.0,0.99842,3.53,0.72,9.25,6
179152,0.071,23.0,58.0,0.99633,3.42,0.97,10.6,5
286606,0.063,29.0,44.0,0.99489,3.38,0.83,10.3,6
801198,0.114,7.0,20.0,0.99647,3.32,0.63,10.5,5
564190,0.106,14.0,27.0,0.99665,3.44,0.58,10.2,5
466891,0.063,29.0,44.0,0.99489,3.38,0.83,10.3,6
718257,0.0819999999999999,9.0,23.0,0.99585,3.39,0.43,9.05,4
954706,0.071,23.0,58.0,0.99633,3.42,0.97,10.6,5
698638,0.076,29.0,61.0,0.9953,3.34,0.6,10.4,5
833795,0.075,22.0,47.0,0.99522,3.39,0.78,10.0,6
747449,0.064,18.0,34.0,0.99552,3.33,0.64,9.7,5
717706,0.064,18.0,38.0,0.99553,3.3,0.65,9.6,6
634660,0.071,15.0,24.0,0.9951,3.29,0.66,10.8,6
335274,0.096,21.0,59.0,0.99714,3.31,0.67,10.1,6
730777,0.063,42.0,52.0,0.99608,3.42,0.6,10.2,6
719451,0.063,9.0,18.0,0.99444,3.42,0.69,11.3,6
747211,0.081,13.0,28.0,0.99631,3.6,0.66,10.2,5
525742,0.0579999999999999,18.0,22.0,0.99573,3.21,0.68,9.9,6
789147,0.074,32.0,84.0,0.99717,3.39,0.61,9.0,5
418050,0.064,13.0,29.0,0.99397,3.42,0.62,11.7,7
708924,0.075,15.0,35.0,0.9959,3.36,0.59,9.7,6
404261,0.077,24.0,45.0,0.99528,3.6,0.68,10.3,6
769286,0.059,20.0,31.0,0.99484,3.5,0.64,10.2,6
692049,0.081,15.0,26.0,0.99538,3.57,0.63,12.0,5
464907,0.065,34.0,60.0,0.99714,3.46,0.78,9.9,5
595435,0.071,11.0,32.0,0.99646,3.56,0.63,11.6,6
313256,0.054,19.0,49.0,0.99666,3.4,0.76,10.9,7
421363,0.064,29.0,38.0,0.99472,3.3,0.56,10.75,6
484188,0.064,14.0,19.0,0.99758,3.25,0.57,10.4,6
637734,0.063,12.0,19.0,0.9955,3.17,0.81,11.2,7
611051,0.059,16.0,28.0,0.99531,3.36,0.64,10.1,6
181322,0.072,17.0,26.0,0.99575,3.36,0.61,10.2,5
653493,0.048,12.0,26.0,0.99306,3.55,0.51,12.1,5
231321,0.099,19.0,50.0,0.99783,3.1,0.58,10.4,5
152364,0.074,17.0,24.0,0.99419,3.24,0.7,11.4,8
852628,0.087,17.0,26.0,0.99783,3.45,0.53,9.5,5
794005,0.083,18.0,27.0,0.99768,3.44,0.54,9.4,5
505252,0.103,32.0,54.0,0.99586,3.51,0.66,11.3,6
260845,0.08,18.0,28.0,0.99765,3.41,0.6,9.4,5
148919,0.062,15.0,23.0,0.99627,3.54,0.6,11.0,6
330054,0.065,15.0,24.0,0.99514,3.44,0.68,10.55,7
739468,0.066,12.0,20.0,0.99636,3.53,0.56,9.9,5
848076,0.062,15.0,23.0,0.99627,3.54,0.6,11.0,6
550950,0.235,66.0,115.0,0.99787,3.22,0.56,9.5,5
548051,0.08,31.0,131.0,0.99622,3.21,0.52,9.9,5
751490,0.08,31.0,131.0,0.99622,3.21,0.52,9.9,5
460964,0.08,31.0,131.0,0.99622,3.21,0.52,9.9,5
647453,0.076,12.0,20.0,0.99546,3.29,0.54,10.1,5
910347,0.076,12.0,20.0,0.99546,3.29,0.54,10.1,5
786638,0.076,12.0,20.0,0.99546,3.29,0.54,10.1,5
847403,0.061,26.0,42.0,0.99489,3.39,0.82,10.9,6
910998,0.059,24.0,52.0,0.99494,3.34,0.71,11.2,6
561754,0.076,12.0,20.0,0.99546,3.29,0.54,10.1,5
927495,0.077,25.0,42.0,0.99629,3.34,0.59,9.2,5
498050,0.0559999999999999,15.0,34.0,0.99396,3.48,0.57,11.5,6
465848,0.23,19.0,35.0,0.9934,3.37,0.93,12.4,6
503320,0.038,15.0,25.0,0.99514,3.44,0.65,11.1,6
282589,0.069,35.0,104.0,0.99632,3.33,0.51,9.5,5
448701,0.075,15.0,50.0,0.99467,3.58,0.67,12.5,6
349594,0.074,23.0,92.0,0.99677,3.39,0.48,10.5,6
754585,0.06,12.0,20.0,0.99474,3.26,0.64,11.8,6
405318,0.081,16.0,29.0,0.99588,3.3,0.78,10.8,6
171563,0.076,13.0,27.0,0.99622,3.54,0.6,11.9,6
492953,0.118,13.0,20.0,0.9954,3.42,0.67,11.3,6
262524,0.053,24.0,32.0,0.99402,3.54,0.6,11.3,5
445368,0.068,9.0,26.0,0.9947,3.36,0.6,11.9,6
990031,0.053,24.0,32.0,0.99402,3.54,0.6,11.3,5
179536,0.053,13.0,27.0,0.99362,3.57,0.5,11.9,5
981603,0.074,32.0,98.0,0.99578,3.33,0.62,9.8,5
958123,0.061,24.0,34.0,0.99484,3.29,0.8,11.6,7
453877,0.066,22.0,48.0,0.99494,3.3,0.84,11.5,6
325463,0.065,34.0,60.0,0.99492,3.34,0.85,11.4,6
633464,0.066,18.0,28.0,0.99483,3.55,0.66,10.9,6
617908,0.068,34.0,102.0,0.99414,3.27,0.78,12.8,6
238266,0.073,29.0,79.0,0.9977,3.29,0.54,9.2,5
920080,0.077,26.0,35.0,0.99314,3.32,0.82,11.6,6
395870,0.089,16.0,26.0,0.99402,3.67,0.56,11.6,6
951352,0.076,29.0,40.0,0.99574,3.42,0.75,11.0,6
720042,0.068,28.0,38.0,0.99651,3.42,0.82,9.5,6
852181,0.09,32.0,44.0,0.9949,3.45,0.58,10.5,5
691605,0.062,39.0,51.0,0.99512,3.52,0.76,11.2,6
457541,0.076,29.0,40.0,0.99574,3.42,0.75,11.0,6
961429,0.075,32.0,44.0,0.99547,3.57,0.71,10.2,5
177466,0.067,18.0,42.0,0.99549,3.39,0.66,11.0,6
