wine_id,fixed acidity,volatile acidity,citric acid,residual sugar
509004,7.4,0.7,0.0,1.9
758057,7.8,0.88,0.0,2.6
639480,7.8,0.76,0.04,2.3
903785,11.2,0.28,0.56,1.9
565548,7.4,0.7,0.0,1.9
441848,7.4,0.66,0.0,1.8
368026,7.9,0.6,0.06,1.6
606821,7.3,0.65,0.0,1.2
544430,7.8,0.58,0.02,2.0
968989,7.5,0.5,0.36,6.1
779885,6.7,0.58,0.08,1.8
682954,7.5,0.5,0.36,6.1
828526,5.6,0.615,0.0,1.6
139113,7.8,0.61,0.29,1.6
959862,8.9,0.62,0.18,3.8
223040,8.9,0.62,0.19,3.9
102220,8.5,0.28,0.56,1.8
410284,8.1,0.56,0.28,1.7
167580,7.4,0.59,0.08,4.4
193723,7.9,0.32,0.51,1.8
157120,8.9,0.22,0.48,1.8
441212,7.6,0.39,0.31,2.3
694109,7.9,0.43,0.21,1.6
970912,8.5,0.49,0.11,2.3
517049,6.9,0.4,0.14,2.4
501842,6.3,0.39,0.16,1.4
638491,7.6,0.41,0.24,1.8
473368,7.9,0.43,0.21,1.6
125991,7.1,0.71,0.0,1.9
539960,7.8,0.645,0.0,2.0
895093,6.7,0.675,0.07,2.4
321828,6.9,0.685,0.0,2.5
119895,8.3,0.655,0.12,2.3
336627,6.9,0.605,0.12,10.7
749605,5.2,0.32,0.25,1.8
832479,7.8,0.645,0.0,5.5
135660,7.8,0.6,0.14,2.4
646753,8.1,0.38,0.28,2.1
929491,5.7,1.13,0.09,1.5
873905,7.3,0.45,0.36,5.9
712462,7.3,0.45,0.36,5.9
494631,8.8,0.61,0.3,2.8
527274,7.5,0.49,0.2,2.6
997903,8.1,0.66,0.22,2.2
793715,6.8,0.67,0.02,1.8
181964,4.6,0.52,0.15,2.1
142233,7.7,0.935,0.43,2.2
833745,8.7,0.29,0.52,1.6
377493,6.4,0.4,0.23,1.6
193969,5.6,0.31,0.37,1.4
468077,8.8,0.66,0.26,1.7
171538,6.6,0.52,0.04,2.2
255086,6.6,0.5,0.04,2.1
951036,8.6,0.38,0.36,3.0
518133,7.6,0.51,0.15,2.8
335880,7.7,0.62,0.04,3.8
164203,10.2,0.42,0.57,3.4
214761,7.5,0.63,0.12,5.1
424454,7.8,0.59,0.18,2.3
262655,7.3,0.39,0.31,2.4
229967,8.8,0.4,0.4,2.2
298307,7.7,0.69,0.49,1.8
945928,7.5,0.52,0.16,1.9
735841,7.0,0.735,0.05,2.0
240891,7.2,0.725,0.05,4.65
718251,7.2,0.725,0.05,4.65
137708,7.5,0.52,0.11,1.5
759026,6.6,0.705,0.07,1.6
150323,9.3,0.32,0.57,2.0
257694,8.0,0.705,0.05,1.9
888445,7.7,0.63,0.08,1.9
391667,7.7,0.67,0.23,2.1
140485,7.7,0.69,0.22,1.9
773745,8.3,0.675,0.26,2.1
216710,9.7,0.32,0.54,2.5
322638,8.8,0.41,0.64,2.2
410032,8.8,0.41,0.64,2.2
993132,6.8,0.785,0.0,2.4
424635,6.7,0.75,0.12,2.0
280843,8.3,0.625,0.2,1.5
867854,6.2,0.45,0.2,1.6
571611,7.8,0.43,0.7,1.9
699050,7.4,0.5,0.47,2.0
594710,7.3,0.67,0.26,1.8
418254,6.3,0.3,0.48,1.8
250947,6.9,0.55,0.15,2.2
502594,8.6,0.49,0.28,1.9
544970,7.7,0.49,0.26,1.9
173997,9.3,0.39,0.44,2.1
764837,7.0,0.62,0.08,1.8
654148,7.9,0.52,0.26,1.9
833717,8.6,0.49,0.28,1.9
775787,8.6,0.49,0.29,2.0
863588,7.7,0.49,0.26,1.9
463824,5.0,1.02,0.04,1.4
219439,4.7,0.6,0.17,2.3
532112,6.8,0.775,0.0,3.0
166023,7.0,0.5,0.25,2.0
948976,7.6,0.9,0.06,2.5
836216,8.1,0.545,0.18,1.9
587235,8.3,0.61,0.3,2.1
292454,7.8,0.5,0.3,1.9
211719,8.1,0.545,0.18,1.9
696584,8.1,0.575,0.22,2.1
456917,7.2,0.49,0.24,2.2
797001,8.1,0.575,0.22,2.1
678461,7.8,0.41,0.68,1.7
429856,6.2,0.63,0.31,1.7
785143,8.0,0.33,0.53,2.5
655813,8.1,0.785,0.52,2.0
999399,7.8,0.56,0.19,1.8
703009,8.4,0.62,0.09,2.2
600910,8.4,0.6,0.1,2.2
849677,10.1,0.31,0.44,2.3
693639,7.8,0.56,0.19,1.8
679859,9.4,0.4,0.31,2.2
257006,8.3,0.54,0.28,1.9
856617,7.8,0.56,0.12,2.0
588889,8.8,0.55,0.04,2.2
970152,7.0,0.69,0.08,1.8
547907,7.3,1.07,0.09,1.7
373742,8.8,0.55,0.04,2.2
712528,7.3,0.695,0.0,2.5
230669,8.0,0.71,0.0,2.6
695889,7.8,0.5,0.17,1.6
544369,9.0,0.62,0.04,1.9
394599,8.2,1.33,0.0,1.7
333445,8.1,1.33,0.0,1.8
442306,8.0,0.59,0.16,1.8
635837,6.1,0.38,0.15,1.8
581789,8.0,0.745,0.56,2.0
244162,5.6,0.5,0.09,2.3
320153,5.6,0.5,0.09,2.3
170873,6.6,0.5,0.01,1.5
498912,7.9,1.04,0.05,2.2
631244,8.4,0.745,0.11,1.9
709170,8.3,0.715,0.15,1.8
601518,7.2,0.415,0.36,2.0
326970,7.8,0.56,0.19,2.1
876773,7.8,0.56,0.19,2.0
709493,8.4,0.745,0.11,1.9
653380,8.3,0.715,0.15,1.8
117301,5.2,0.34,0.0,1.8
996844,6.3,0.39,0.08,1.7
910352,5.2,0.34,0.0,1.8
881027,8.1,0.67,0.55,1.8
750742,5.8,0.68,0.02,1.8
944793,7.6,0.49,0.26,1.6
205301,6.9,0.49,0.1,2.3
970085,8.2,0.4,0.44,2.8
887798,7.3,0.33,0.47,2.1
233995,9.2,0.52,1.0,3.4
668264,7.5,0.6,0.03,1.8
435600,7.5,0.6,0.03,1.8
819062,7.1,0.43,0.42,5.5
794401,7.1,0.43,0.42,5.5
252197,7.1,0.43,0.42,5.5
979119,7.1,0.43,0.42,5.5
419971,7.1,0.68,0.0,2.2
361262,6.8,0.6,0.18,1.9
613295,7.6,0.95,0.03,2.0
739460,7.6,0.68,0.02,1.3
383518,7.8,0.53,0.04,1.7
949872,7.4,0.6,0.26,7.3
731989,7.3,0.59,0.26,7.2
587945,7.8,0.63,0.48,1.7
600849,6.8,0.64,0.1,2.1
265188,7.3,0.55,0.03,1.6
280638,6.8,0.63,0.07,2.1
210971,7.5,0.705,0.24,1.8
465582,7.9,0.885,0.03,1.8
450029,8.0,0.42,0.17,2.0
808776,8.0,0.42,0.17,2.0
837495,7.4,0.62,0.05,1.9
783960,7.3,0.38,0.21,2.0
604238,6.9,0.5,0.04,1.5
138087,7.3,0.38,0.21,2.0
170765,7.5,0.52,0.42,2.3
476294,7.0,0.805,0.0,2.5
251290,8.8,0.61,0.14,2.4
340902,8.8,0.61,0.14,2.4
126046,8.9,0.61,0.49,2.0
227872,7.2,0.73,0.02,2.5
161163,6.8,0.61,0.2,1.8
488568,6.7,0.62,0.21,1.9
254049,8.9,0.31,0.57,2.0
567917,7.4,0.39,0.48,2.0
802096,7.7,0.705,0.1,2.6
452909,7.9,0.5,0.33,2.0
466293,7.9,0.49,0.32,1.9
566558,8.2,0.5,0.35,2.9
117335,6.4,0.37,0.25,1.9
411419,6.8,0.63,0.12,3.8
424793,7.6,0.55,0.21,2.2
190075,7.6,0.55,0.21,2.2
225645,7.8,0.59,0.33,2.0
938275,7.3,0.58,0.3,2.4
762709,11.5,0.3,0.6,2.0
810820,5.4,0.835,0.08,1.2
620709,6.9,1.09,0.06,2.1
706668,9.6,0.32,0.47,1.4
688723,8.8,0.37,0.48,2.1
520161,6.8,0.5,0.11,1.5
955790,7.0,0.42,0.35,1.6
302897,7.0,0.43,0.36,1.6
544284,12.8,0.3,0.74,2.6
800877,12.8,0.3,0.74,2.6
197609,7.8,0.57,0.31,1.8
930812,7.8,0.44,0.28,2.7
873644,11.0,0.3,0.58,2.1
395794,9.7,0.53,0.6,2.0
619588,8.0,0.725,0.24,2.8
852961,11.6,0.44,0.64,2.1
440605,8.2,0.57,0.26,2.2
993410,7.8,0.735,0.08,2.4
789909,7.0,0.49,0.49,5.6
313750,8.7,0.625,0.16,2.0
698808,8.1,0.725,0.22,2.2
906765,7.5,0.49,0.19,1.9
492886,7.8,0.53,0.33,2.4
856094,7.8,0.34,0.37,2.0
881803,7.4,0.53,0.26,2.0
735965,6.8,0.61,0.04,1.5
103680,8.6,0.645,0.25,2.0
281088,8.4,0.635,0.36,2.0
735706,7.7,0.43,0.25,2.6
972777,8.9,0.59,0.5,2.0
168042,9.0,0.82,0.14,2.6
326344,7.7,0.43,0.25,2.6
222809,6.9,0.52,0.25,2.6
117966,5.2,0.48,0.04,1.6
854515,8.0,0.38,0.06,1.8
716053,8.5,0.37,0.2,2.8
877434,6.9,0.52,0.25,2.6
446521,8.2,1.0,0.09,2.3
303110,7.2,0.63,0.0,1.9
471151,7.2,0.63,0.0,1.9
190992,7.2,0.645,0.0,1.9
317511,7.2,0.63,0.0,1.9
128089,8.2,1.0,0.09,2.3
738841,8.9,0.635,0.37,1.7
935350,12.0,0.38,0.56,2.1
723524,7.7,0.58,0.1,1.8
799714,15.0,0.21,0.44,2.2
324446,15.0,0.21,0.44,2.2
667916,7.3,0.66,0.0,2.0
350443,7.1,0.68,0.07,1.9
782105,8.2,0.6,0.17,2.3
395028,7.7,0.53,0.06,1.7
328984,7.3,0.66,0.0,2.0
225056,10.8,0.32,0.44,1.6
217180,7.1,0.6,0.0,1.8
878750,11.1,0.35,0.48,3.1
804567,7.7,0.775,0.42,1.9
212772,7.1,0.6,0.0,1.8
992348,8.0,0.57,0.23,3.2
884039,9.4,0.34,0.37,2.2
506242,6.6,0.695,0.0,2.1
880547,7.7,0.41,0.76,1.8
624761,10.0,0.31,0.47,2.6
922117,7.9,0.33,0.23,1.7
294292,7.0,0.975,0.04,2.0
945896,8.0,0.52,0.03,1.7
543158,7.9,0.37,0.23,1.8
382806,12.5,0.56,0.49,2.4
660270,11.8,0.26,0.52,1.8
823293,8.1,0.87,0.0,3.3
469110,7.9,0.35,0.46,3.6
723919,6.9,0.54,0.04,3.0
944039,11.5,0.18,0.51,4.0
369695,7.9,0.545,0.06,4.0
399824,11.5,0.18,0.51,4.0
760253,10.9,0.37,0.58,4.0
125423,8.4,0.715,0.2,2.4
404594,7.5,0.65,0.18,7.0
251940,7.9,0.545,0.06,4.0
663287,6.9,0.54,0.04,3.0
931437,11.5,0.18,0.51,4.0
610520,10.3,0.32,0.45,6.4
351480,8.9,0.4,0.32,5.6
429762,11.4,0.26,0.44,3.6
540418,7.7,0.27,0.68,3.5
704378,7.6,0.52,0.12,3.0
747652,8.9,0.4,0.32,5.6
923090,9.9,0.59,0.07,3.4
798732,9.9,0.59,0.07,3.4
956877,12.0,0.45,0.55,2.0
504240,7.5,0.4,0.12,3.0
428343,8.7,0.52,0.09,2.5
984243,11.6,0.42,0.53,3.3
371719,8.7,0.52,0.09,2.5
912233,11.0,0.2,0.48,2.0
846392,10.4,0.55,0.23,2.7
288167,6.9,0.36,0.25,2.4
807533,13.3,0.34,0.52,3.2
486910,10.8,0.5,0.46,2.5
124900,10.6,0.83,0.37,2.6
932307,7.1,0.63,0.06,2.0
244748,7.2,0.65,0.02,2.3
797535,6.9,0.67,0.06,2.1
922794,7.5,0.53,0.06,2.6
264731,11.1,0.18,0.48,1.5
635971,8.3,0.705,0.12,2.6
714482,7.4,0.67,0.12,1.6
528979,8.4,0.65,0.6,2.1
717318,10.3,0.53,0.48,2.5
161844,7.6,0.62,0.32,2.2
812533,10.3,0.41,0.42,2.4
717191,10.3,0.43,0.44,2.4
334935,7.4,0.29,0.38,1.7
707053,10.3,0.53,0.48,2.5
262388,7.9,0.53,0.24,2.0
707073,9.0,0.46,0.31,2.8
196598,8.6,0.47,0.3,3.0
904324,7.4,0.36,0.29,2.6
525124,7.1,0.35,0.29,2.5
763220,9.6,0.56,0.23,3.4
372750,9.6,0.77,0.12,2.9
662407,9.8,0.66,0.39,3.2
312292,9.6,0.77,0.12,2.9
287803,9.8,0.66,0.39,3.2
886229,9.3,0.61,0.26,3.4
504505,7.8,0.62,0.05,2.3
928954,10.3,0.59,0.42,2.8
474865,10.0,0.49,0.2,11.0
430343,10.0,0.49,0.2,11.0
935007,11.6,0.53,0.66,3.65
394461,10.3,0.44,0.5,4.5
139176,13.4,0.27,0.62,2.6
188382,10.7,0.46,0.39,2.0
237799,10.2,0.36,0.64,2.9
547232,10.2,0.36,0.64,2.9
854358,8.0,0.58,0.28,3.2
771023,8.4,0.56,0.08,2.1
583105,7.9,0.65,0.01,2.5
779215,11.9,0.695,0.53,3.4
875727,8.9,0.43,0.45,1.9
302698,7.8,0.43,0.32,2.8
447136,12.4,0.49,0.58,3.0
516393,12.5,0.28,0.54,2.3
130720,12.2,0.34,0.5,2.4
350474,10.6,0.42,0.48,2.7
181410,10.9,0.39,0.47,1.8
551492,10.9,0.39,0.47,1.8
946717,11.9,0.57,0.5,2.6
225811,7.0,0.685,0.0,1.9
148375,6.6,0.815,0.02,2.7
463958,13.8,0.49,0.67,3.0
485337,9.6,0.56,0.31,2.8
362155,9.1,0.785,0.0,2.6
476233,10.7,0.67,0.22,2.7
576060,9.1,0.795,0.0,2.6
612718,7.7,0.665,0.0,2.4
215496,13.5,0.53,0.79,4.8
516279,6.1,0.21,0.4,1.4
444150,6.7,0.75,0.01,2.4
652191,11.5,0.41,0.52,3.0
658547,10.5,0.42,0.66,2.95
845592,11.9,0.43,0.66,3.1
233031,12.6,0.38,0.66,2.6
783018,8.2,0.7,0.23,2.0
309567,8.6,0.45,0.31,2.6
251943,11.9,0.58,0.66,2.5
918294,12.5,0.46,0.63,2.0
474167,12.8,0.615,0.66,5.8
622112,10.0,0.42,0.5,3.4
999928,12.8,0.615,0.66,5.8
900475,10.4,0.575,0.61,2.6
365866,10.3,0.34,0.52,2.8
587979,9.4,0.27,0.53,2.4
700941,6.9,0.765,0.02,2.3
136012,7.9,0.24,0.4,1.6
275422,9.1,0.28,0.48,1.8
644908,7.4,0.55,0.22,2.2
885150,14.0,0.41,0.63,3.8
862932,11.5,0.54,0.71,4.4
683512,11.5,0.45,0.5,3.0
252712,9.4,0.27,0.53,2.4
772540,11.4,0.625,0.66,6.2
836330,8.3,0.42,0.38,2.5
129003,8.3,0.26,0.42,2.0
450303,13.7,0.415,0.68,2.9
704506,8.3,0.26,0.42,2.0
274351,8.3,0.26,0.42,2.0
697882,7.7,0.51,0.28,2.1
758538,7.4,0.63,0.07,2.4
101977,7.8,0.54,0.26,2.0
670163,8.3,0.66,0.15,1.9
913599,7.8,0.46,0.26,1.9
704038,9.6,0.38,0.31,2.5
928717,5.6,0.85,0.05,1.4
570996,13.7,0.415,0.68,2.9
227249,9.5,0.37,0.52,2.0
692967,8.4,0.665,0.61,2.0
836886,12.7,0.6,0.65,2.3
633841,12.0,0.37,0.76,4.2
151475,6.6,0.735,0.02,7.9
498883,11.5,0.59,0.59,2.6
700170,11.5,0.59,0.59,2.6
237456,8.7,0.765,0.22,2.3
618317,6.6,0.735,0.02,7.9
441538,7.7,0.26,0.3,1.7
523035,12.2,0.48,0.54,2.6
156341,11.4,0.6,0.49,2.7
869500,7.7,0.69,0.05,2.7
293015,8.7,0.31,0.46,1.4
792993,9.8,0.44,0.47,2.5
252199,12.0,0.39,0.66,3.0
448836,10.4,0.34,0.58,3.7
380525,12.5,0.46,0.49,4.5
997022,9.0,0.43,0.34,2.5
408514,9.1,0.45,0.35,2.4
303374,7.1,0.735,0.16,1.9
493874,9.9,0.4,0.53,6.7
143773,8.8,0.52,0.34,2.7
722103,8.6,0.725,0.24,6.6
212380,10.6,0.48,0.64,2.2
150160,7.0,0.58,0.12,1.9
186290,11.9,0.38,0.51,2.0
360369,6.8,0.77,0.0,1.8
623022,9.5,0.56,0.33,2.4
691749,6.6,0.84,0.03,2.3
637036,7.7,0.96,0.2,2.0
961459,10.5,0.24,0.47,2.1
921351,7.7,0.96,0.2,2.0
526263,6.6,0.84,0.03,2.3
680255,6.4,0.67,0.08,2.1
638930,9.5,0.78,0.22,1.9
299224,9.1,0.52,0.33,1.3
423990,12.8,0.84,0.63,2.4
315957,10.5,0.24,0.47,2.1
397899,7.8,0.55,0.35,2.2
548530,11.9,0.37,0.69,2.3
818340,12.3,0.39,0.63,2.3
360223,10.4,0.41,0.55,3.2
450016,12.3,0.39,0.63,2.3
739190,8.0,0.67,0.3,2.0
372375,11.1,0.45,0.73,3.2
332065,10.4,0.41,0.55,3.2
715501,7.0,0.62,0.18,1.5
338779,12.6,0.31,0.72,2.2
768429,11.9,0.4,0.65,2.15
357434,15.6,0.685,0.76,3.7
303772,10.0,0.44,0.49,2.7
598030,5.3,0.57,0.01,1.7
809894,9.5,0.735,0.1,2.1
740015,12.5,0.38,0.6,2.6
315236,9.3,0.48,0.29,2.1
815765,8.6,0.53,0.22,2.0
784127,11.9,0.39,0.69,2.8
696744,11.9,0.39,0.69,2.8
109592,8.4,0.37,0.53,1.8
326183,6.8,0.56,0.03,1.7
328376,10.4,0.33,0.63,2.8
961800,7.0,0.23,0.4,1.6
623755,11.3,0.62,0.67,5.2
236661,8.9,0.59,0.39,2.3
617053,9.2,0.63,0.21,2.7
146994,10.4,0.33,0.63,2.8
231878,11.6,0.58,0.66,2.2
131662,9.2,0.43,0.52,2.3
870105,8.3,0.615,0.22,2.6
845184,11.0,0.26,0.68,2.55
621658,8.1,0.66,0.7,2.2
652232,11.5,0.315,0.54,2.1
477280,10.0,0.29,0.4,2.9
352809,10.3,0.5,0.42,2.0
125905,8.8,0.46,0.45,2.6
114844,11.4,0.36,0.69,2.1
362010,8.7,0.82,0.02,1.2
158902,13.0,0.32,0.65,2.6
149476,9.6,0.54,0.42,2.4
998714,12.5,0.37,0.55,2.6
536577,9.9,0.35,0.55,2.1
730857,10.5,0.28,0.51,1.7
674231,9.6,0.68,0.24,2.2
641173,9.3,0.27,0.41,2.0
938968,10.4,0.24,0.49,1.8
700607,9.6,0.68,0.24,2.2
990488,9.4,0.685,0.11,2.7
340260,10.6,0.28,0.39,15.5
371423,9.4,0.3,0.56,2.8
142095,10.6,0.36,0.59,2.2
891543,10.6,0.36,0.6,2.2
156579,10.6,0.44,0.68,4.1
833462,10.2,0.67,0.39,1.9
954601,10.2,0.67,0.39,1.9
212683,10.2,0.645,0.36,1.8
400011,11.6,0.32,0.55,2.8
192925,9.3,0.39,0.4,2.6
454474,9.3,0.775,0.27,2.8
101943,9.2,0.41,0.5,2.5
154015,8.9,0.4,0.51,2.6
638188,8.7,0.69,0.31,3.0
990067,6.5,0.39,0.23,8.3
785168,10.7,0.35,0.53,2.6
238113,7.8,0.52,0.25,1.9
321856,7.2,0.34,0.32,2.5
365494,10.7,0.35,0.53,2.6
111902,8.7,0.69,0.31,3.0
712963,7.8,0.52,0.25,1.9
323116,10.4,0.44,0.73,6.55
886581,10.4,0.44,0.73,6.55
890878,10.5,0.26,0.47,1.9
657041,10.5,0.24,0.42,1.8
418344,10.2,0.49,0.63,2.9
282275,10.4,0.24,0.46,1.8
209632,11.2,0.67,0.55,2.3
217435,10.0,0.59,0.31,2.2
208209,13.3,0.29,0.75,2.8
617252,12.4,0.42,0.49,4.6
637334,10.0,0.59,0.31,2.2
652624,10.7,0.4,0.48,2.1
372637,10.5,0.51,0.64,2.4
743296,10.5,0.51,0.64,2.4
544930,8.5,0.655,0.49,6.1
781807,12.5,0.6,0.49,4.3
462082,10.4,0.61,0.49,2.1
109705,10.9,0.21,0.49,2.8
936232,7.3,0.365,0.49,2.5
299591,9.8,0.25,0.49,2.7
708488,7.6,0.41,0.49,2.0
886686,8.2,0.39,0.49,2.3
690429,9.3,0.4,0.49,2.5
240334,9.2,0.43,0.49,2.4
381539,10.4,0.64,0.24,2.8
460654,7.3,0.365,0.49,2.5
616834,7.0,0.38,0.49,2.5
446196,8.2,0.42,0.49,2.6
715185,9.9,0.63,0.24,2.4
255548,9.1,0.22,0.24,2.1
444051,11.9,0.38,0.49,2.7
375347,11.9,0.38,0.49,2.7
360000,10.3,0.27,0.24,2.1
896672,10.0,0.48,0.24,2.7
771162,9.1,0.22,0.24,2.1
542659,9.9,0.63,0.24,2.4
335414,8.1,0.825,0.24,2.1
576876,12.9,0.35,0.49,5.8
634575,11.2,0.5,0.74,5.15
629635,9.2,0.59,0.24,3.3
623972,9.5,0.46,0.49,6.3
606206,9.3,0.715,0.24,2.1
881076,11.2,0.66,0.24,2.5
871627,14.3,0.31,0.74,1.8
641593,9.1,0.47,0.49,2.6
966267,7.5,0.55,0.24,2.0
802424,10.6,0.31,0.49,2.5
247867,12.4,0.35,0.49,2.6
432732,9.0,0.53,0.49,1.9
272345,6.8,0.51,0.01,2.1
290254,9.4,0.43,0.24,2.8
586413,9.5,0.46,0.24,2.7
886847,5.0,1.04,0.24,1.6
417614,15.5,0.645,0.49,4.2
441581,15.5,0.645,0.49,4.2
270767,10.9,0.53,0.49,4.6
451600,15.6,0.645,0.49,4.2
768090,10.9,0.53,0.49,4.6
708275,13.0,0.47,0.49,4.3
288856,12.7,0.6,0.49,2.8
451134,9.0,0.44,0.49,2.4
736334,9.0,0.54,0.49,2.9
296065,7.6,0.29,0.49,2.7
327786,13.0,0.47,0.49,4.3
800007,12.7,0.6,0.49,2.8
516377,8.7,0.7,0.24,2.5
464703,8.7,0.7,0.24,2.5
100554,9.8,0.5,0.49,2.6
244731,6.2,0.36,0.24,2.2
776177,11.5,0.35,0.49,3.3
398083,6.2,0.36,0.24,2.2
468813,10.2,0.24,0.49,2.4
266720,10.5,0.59,0.49,2.1
399385,10.6,0.34,0.49,3.2
976716,12.3,0.27,0.49,3.1
804961,9.9,0.5,0.24,2.3
713982,8.8,0.44,0.49,2.8
930912,8.8,0.47,0.49,2.9
709626,10.6,0.31,0.49,2.2
218333,12.3,0.5,0.49,2.2
730884,12.3,0.5,0.49,2.2
457008,11.7,0.49,0.49,2.2
260668,12.0,0.28,0.49,1.9
212806,11.8,0.33,0.49,3.4
372864,7.6,0.51,0.24,2.4
410529,11.1,0.31,0.49,2.7
933655,7.3,0.73,0.24,1.9
300630,5.0,0.42,0.24,2.0
449551,10.2,0.29,0.49,2.6
823313,9.0,0.45,0.49,2.6
437843,6.6,0.39,0.49,1.7
529008,9.0,0.45,0.49,2.6
361374,9.9,0.49,0.58,3.5
272607,7.9,0.72,0.17,2.6
934145,8.9,0.595,0.41,7.9
810249,12.4,0.4,0.51,2.0
212527,11.9,0.58,0.58,1.9
122921,8.5,0.585,0.18,2.1
132660,12.7,0.59,0.45,2.3
223207,8.2,0.915,0.27,2.1
391894,13.2,0.46,0.52,2.2
569434,7.7,0.835,0.0,2.6
437345,13.2,0.46,0.52,2.2
153375,8.3,0.58,0.13,2.9
762596,8.3,0.6,0.13,2.6
690915,9.4,0.41,0.48,4.6
803577,8.8,0.48,0.41,3.3
622876,10.1,0.65,0.37,5.1
559620,6.3,0.36,0.19,3.2
842051,8.8,0.24,0.54,2.5
345685,13.2,0.38,0.55,2.7
330321,7.5,0.64,0.0,2.4
301729,8.2,0.39,0.38,1.5
896311,9.2,0.755,0.18,2.2
165690,9.6,0.6,0.5,2.3
261857,9.6,0.6,0.5,2.3
224727,11.5,0.31,0.51,2.2
533510,11.4,0.46,0.5,2.7
563344,11.3,0.37,0.41,2.3
785704,8.3,0.54,0.24,3.4
965966,8.2,0.56,0.23,3.4
661056,10.0,0.58,0.22,1.9
104204,7.9,0.51,0.25,2.9
569397,6.8,0.69,0.0,5.6
749371,6.8,0.69,0.0,5.6
881883,8.8,0.6,0.29,2.2
679962,8.8,0.6,0.29,2.2
302257,8.7,0.54,0.26,2.5
300029,7.6,0.685,0.23,2.3
126908,8.7,0.54,0.26,2.5
259025,10.4,0.28,0.54,2.7
974791,7.6,0.41,0.14,3.0
501587,10.1,0.935,0.22,3.4
710908,7.9,0.35,0.21,1.9
651040,8.7,0.84,0.0,1.4
355970,9.6,0.88,0.28,2.4
882693,9.5,0.885,0.27,2.3
432984,7.7,0.915,0.12,2.2
857207,8.9,0.29,0.35,1.9
904519,9.9,0.54,0.45,2.3
956239,9.5,0.59,0.44,2.3
806544,9.9,0.54,0.45,2.3
664900,9.5,0.59,0.44,2.3
330882,9.9,0.54,0.45,2.3
688014,7.8,0.64,0.1,6.0
298264,7.3,0.67,0.05,3.6
353479,8.3,0.845,0.01,2.2
995241,8.7,0.48,0.3,2.8
135227,6.7,0.42,0.27,8.6
190126,10.7,0.43,0.39,2.2
775307,9.8,0.88,0.25,2.5
847299,15.9,0.36,0.65,7.5
770105,9.4,0.33,0.59,2.8
517044,8.6,0.47,0.47,2.4
225095,9.7,0.55,0.17,2.9
197110,10.7,0.43,0.39,2.2
452892,12.0,0.5,0.59,1.4
254442,7.2,0.52,0.07,1.4
209781,7.1,0.84,0.02,4.4
841295,7.2,0.52,0.07,1.4
493480,7.5,0.42,0.31,1.6
338425,7.2,0.57,0.06,1.6
713174,10.1,0.28,0.46,1.8
233098,12.1,0.4,0.52,2.0
637594,9.4,0.59,0.14,2.0
711169,8.3,0.49,0.36,1.8
978209,11.3,0.34,0.45,2.0
189261,10.0,0.73,0.43,2.3
870438,11.3,0.34,0.45,2.0
259042,6.9,0.4,0.24,2.5
895605,8.2,0.73,0.21,1.7
765231,9.8,1.24,0.34,2.0
175387,8.2,0.73,0.21,1.7
947775,10.8,0.4,0.41,2.2
145994,9.3,0.41,0.39,2.2
128555,10.8,0.4,0.41,2.2
799366,8.6,0.8,0.11,2.3
708680,8.3,0.78,0.1,2.6
896572,10.8,0.26,0.45,3.3
113212,13.3,0.43,0.58,1.9
856707,8.0,0.45,0.23,2.2
470069,8.5,0.46,0.31,2.25
338591,8.1,0.78,0.23,2.6
922670,9.8,0.98,0.32,2.3
209348,8.1,0.78,0.23,2.6
107087,7.1,0.65,0.18,1.8
150246,9.1,0.64,0.23,3.1
442106,7.7,0.66,0.04,1.6
186278,8.1,0.38,0.48,1.8
318709,7.4,1.185,0.0,4.25
862696,9.2,0.92,0.24,2.6
989415,8.6,0.49,0.51,2.0
619971,9.0,0.48,0.32,2.8
773031,9.0,0.47,0.31,2.7
142084,5.1,0.47,0.02,1.3
738359,7.0,0.65,0.02,2.1
780550,7.0,0.65,0.02,2.1
678143,9.4,0.615,0.28,3.2
934181,11.8,0.38,0.55,2.1
750356,10.6,1.02,0.43,2.9
743959,7.0,0.65,0.02,2.1
494605,7.0,0.64,0.02,2.1
643975,7.5,0.38,0.48,2.6
137175,9.1,0.765,0.04,1.6
342672,8.4,1.035,0.15,6.0
707327,7.0,0.78,0.08,2.0
151440,7.4,0.49,0.19,3.0
191573,7.8,0.545,0.12,2.5
962980,9.7,0.31,0.47,1.6
280388,10.6,1.025,0.43,2.8
298392,8.9,0.565,0.34,3.0
835548,8.7,0.69,0.0,3.2
702563,8.0,0.43,0.36,2.3
972872,9.9,0.74,0.28,2.6
590874,7.2,0.49,0.18,2.7
296874,8.0,0.43,0.36,2.3
403242,7.6,0.46,0.11,2.6
916218,8.4,0.56,0.04,2.0
961530,7.1,0.66,0.0,3.9
908796,8.4,0.56,0.04,2.0
620759,8.9,0.48,0.24,2.85
813853,7.6,0.42,0.08,2.7
593563,7.1,0.31,0.3,2.2
680287,7.5,1.115,0.1,3.1
444631,9.0,0.66,0.17,3.0
838710,8.1,0.72,0.09,2.8
905874,6.4,0.57,0.02,1.8
931879,6.4,0.57,0.02,1.8
435968,6.4,0.865,0.03,3.2
189463,9.5,0.55,0.66,2.3
806887,8.9,0.875,0.13,3.45
614654,7.3,0.835,0.03,2.1
217648,7.0,0.45,0.34,2.7
989423,7.7,0.56,0.2,2.0
870508,7.7,0.965,0.1,2.1
619490,7.7,0.965,0.1,2.1
780642,8.2,0.59,0.0,2.5
756556,9.0,0.46,0.23,2.8
362189,9.0,0.69,0.0,2.4
406590,8.3,0.76,0.29,4.2
423877,9.2,0.53,0.24,2.6
509257,6.5,0.615,0.0,1.9
898666,11.6,0.41,0.58,2.8
386690,11.1,0.39,0.54,2.7
395312,7.3,0.51,0.18,2.1
102389,8.2,0.34,0.38,2.5
456738,8.6,0.33,0.4,2.6
447432,7.2,0.5,0.18,2.1
760345,7.3,0.51,0.18,2.1
934116,8.3,0.65,0.1,2.9
270150,8.3,0.65,0.1,2.9
997222,7.6,0.54,0.13,2.5
288749,8.3,0.65,0.1,2.9
942862,7.8,0.48,0.68,1.7
771691,7.8,0.91,0.07,1.9
730009,6.3,0.98,0.01,2.0
195164,8.1,0.87,0.0,2.2
254814,8.1,0.87,0.0,2.2
963488,8.8,0.42,0.21,2.5
618217,9.0,0.58,0.25,2.8
692381,9.3,0.655,0.26,2.0
606865,8.8,0.7,0.0,1.7
262849,9.3,0.655,0.26,2.0
950180,9.1,0.68,0.11,2.8
860698,9.2,0.67,0.1,3.0
525524,8.8,0.59,0.18,2.9
686327,7.5,0.6,0.32,2.7
164347,7.1,0.59,0.02,2.3
174233,7.9,0.72,0.01,1.9
523500,7.1,0.59,0.02,2.3
132564,9.4,0.685,0.26,2.4
209851,9.5,0.57,0.27,2.3
976657,7.9,0.4,0.29,1.8
389177,7.9,0.4,0.3,1.8
540259,7.2,1.0,0.0,3.0
201434,6.9,0.765,0.18,2.4
436242,6.9,0.635,0.17,2.4
534557,8.3,0.43,0.3,3.4
107496,7.1,0.52,0.03,2.6
583398,7.0,0.57,0.0,2.0
823194,6.5,0.46,0.14,2.4
806167,9.0,0.82,0.05,2.4
566645,6.5,0.46,0.14,2.4
864020,7.1,0.59,0.01,2.5
288116,9.9,0.35,0.41,2.3
880799,9.9,0.35,0.41,2.3
341774,10.0,0.56,0.24,2.2
820472,10.0,0.56,0.24,2.2
588462,8.6,0.63,0.17,2.9
631652,7.4,0.37,0.43,2.6
322729,8.8,0.64,0.17,2.9
717691,7.1,0.61,0.02,2.5
320152,7.7,0.6,0.0,2.6
220119,10.1,0.27,0.54,2.3
330557,10.8,0.89,0.3,2.6
721363,8.7,0.46,0.31,2.5
179586,9.3,0.37,0.44,1.6
118840,9.4,0.5,0.34,3.6
106763,9.4,0.5,0.34,3.6
644938,7.2,0.61,0.08,4.0
667973,8.6,0.55,0.09,3.3
478328,5.1,0.585,0.0,1.7
311292,7.7,0.56,0.08,2.5
217134,8.4,0.52,0.22,2.7
842792,8.2,0.28,0.4,2.4
369546,8.4,0.25,0.39,2.0
810490,8.2,0.28,0.4,2.4
844449,7.4,0.53,0.12,1.9
465281,7.6,0.48,0.31,2.8
802471,7.3,0.49,0.1,2.6
653819,12.9,0.5,0.55,2.8
135531,10.8,0.45,0.33,2.5
556864,6.9,0.39,0.24,2.1
315281,12.6,0.41,0.54,2.8
711817,10.8,0.45,0.33,2.5
132847,9.8,0.51,0.19,3.2
784454,10.8,0.29,0.42,1.6
150000,7.1,0.715,0.0,2.35
237622,9.1,0.66,0.15,3.2
833437,7.0,0.685,0.0,1.9
247999,4.9,0.42,0.0,2.1
107456,6.7,0.54,0.13,2.0
359128,6.7,0.54,0.13,2.0
981142,7.1,0.48,0.28,2.8
957092,7.1,0.46,0.14,2.8
583176,7.5,0.27,0.34,2.3
283009,7.1,0.46,0.14,2.8
258890,7.8,0.57,0.09,2.3
190664,5.9,0.61,0.08,2.1
907910,7.5,0.685,0.07,2.5
183543,5.9,0.61,0.08,2.1
855877,10.4,0.44,0.42,1.5
340755,11.6,0.47,0.44,1.6
849298,8.8,0.685,0.26,1.6
159443,7.6,0.665,0.1,1.5
749494,6.7,0.28,0.28,2.4
637241,6.7,0.28,0.28,2.4
683755,10.1,0.31,0.35,1.6
870014,6.0,0.5,0.04,2.2
559034,11.1,0.42,0.47,2.65
520315,6.6,0.66,0.0,3.0
794933,10.6,0.5,0.45,2.6
647564,7.1,0.685,0.35,2.0
908708,9.9,0.25,0.46,1.7
206942,6.4,0.64,0.21,1.8
806608,6.4,0.64,0.21,1.8
429635,7.4,0.68,0.16,1.8
762874,6.4,0.64,0.21,1.8
923302,6.4,0.63,0.21,1.6
156463,9.3,0.43,0.44,1.9
442072,9.3,0.43,0.44,1.9
847671,8.0,0.42,0.32,2.5
450974,9.3,0.36,0.39,1.5
210839,9.3,0.36,0.39,1.5
721125,7.6,0.735,0.02,2.5
573099,9.3,0.36,0.39,1.5
654187,8.2,0.26,0.34,2.5
992544,11.7,0.28,0.47,1.7
171939,6.8,0.56,0.22,1.8
668218,7.2,0.62,0.06,2.7
495376,5.8,1.01,0.66,2.0
753346,7.5,0.42,0.32,2.7
750864,7.2,0.62,0.06,2.5
638170,7.2,0.62,0.06,2.7
499983,7.2,0.635,0.07,2.6
867935,6.8,0.49,0.22,2.3
503225,6.9,0.51,0.23,2.0
945221,6.8,0.56,0.22,1.8
333246,7.6,0.63,0.03,2.0
729255,7.7,0.715,0.01,2.1
719210,6.9,0.56,0.03,1.5
988558,7.3,0.35,0.24,2.0
174441,9.1,0.21,0.37,1.6
889595,10.4,0.38,0.46,2.1
414365,8.8,0.31,0.4,2.8
513700,7.1,0.47,0.0,2.2
789381,7.7,0.715,0.01,2.1
873837,8.8,0.61,0.19,4.0
979732,7.2,0.6,0.04,2.5
440907,9.2,0.56,0.18,1.6
965035,7.6,0.715,0.0,2.1
384255,8.4,0.31,0.29,3.1
646404,7.2,0.6,0.04,2.5
493572,8.8,0.61,0.19,4.0
700383,8.9,0.75,0.14,2.5
313797,9.0,0.8,0.12,2.4
487080,10.7,0.52,0.38,2.6
338988,6.8,0.57,0.0,2.5
741185,10.7,0.9,0.34,6.6
267577,7.2,0.34,0.24,2.0
491732,7.2,0.66,0.03,2.3
448921,10.1,0.45,0.23,1.9
726393,7.2,0.66,0.03,2.3
527072,7.2,0.63,0.03,2.2
289947,7.1,0.59,0.01,2.3
810312,8.3,0.31,0.39,2.4
926786,7.1,0.59,0.01,2.3
182898,8.3,0.31,0.39,2.4
340140,8.3,1.02,0.02,3.4
518263,8.9,0.31,0.36,2.6
633364,7.4,0.635,0.1,2.4
623845,7.4,0.635,0.1,2.4
949668,6.8,0.59,0.06,6.0
277334,6.8,0.59,0.06,6.0
120735,9.2,0.58,0.2,3.0
962136,7.2,0.54,0.27,2.6
356301,6.1,0.56,0.0,2.2
548835,7.4,0.52,0.13,2.4
112269,7.3,0.305,0.39,1.2
191061,9.3,0.38,0.48,3.8
830656,9.1,0.28,0.46,9.0
222752,10.0,0.46,0.44,2.9
775158,9.4,0.395,0.46,4.6
858375,7.3,0.305,0.39,1.2
574172,8.6,0.315,0.4,2.2
227249,5.3,0.715,0.19,1.5
978084,6.8,0.41,0.31,8.8
865219,8.4,0.36,0.32,2.2
146829,8.4,0.62,0.12,1.8
187729,9.6,0.41,0.37,2.3
510779,8.4,0.36,0.32,2.2
361475,8.4,0.62,0.12,1.8
826027,6.8,0.41,0.31,8.8
618865,8.6,0.47,0.27,2.3
627872,8.6,0.22,0.36,1.9
849518,9.4,0.24,0.33,2.3
851781,8.4,0.67,0.19,2.2
471634,8.6,0.47,0.27,2.3
434833,8.7,0.33,0.38,3.3
483843,6.6,0.61,0.01,1.9
311286,7.4,0.61,0.01,2.0
375463,7.6,0.4,0.29,1.9
692230,7.4,0.61,0.01,2.0
687438,6.6,0.61,0.01,1.9
561951,8.8,0.3,0.38,2.3
645764,8.8,0.3,0.38,2.3
282081,12.0,0.63,0.5,1.4
956229,7.2,0.38,0.38,2.8
864682,6.2,0.46,0.17,1.6
210383,9.6,0.33,0.52,2.2
171027,9.9,0.27,0.49,5.0
612823,10.1,0.43,0.4,2.6
642336,9.8,0.5,0.34,2.3
632847,8.3,0.3,0.49,3.8
129240,10.2,0.44,0.42,2.0
859469,10.2,0.44,0.58,4.1
415578,8.3,0.28,0.48,2.1
816800,8.9,0.12,0.45,1.8
442504,8.9,0.12,0.45,1.8
810431,8.9,0.12,0.45,1.8
425019,8.3,0.28,0.48,2.1
747952,8.2,0.31,0.4,2.2
292745,10.2,0.34,0.48,2.1
912536,7.6,0.43,0.4,2.7
383483,8.5,0.21,0.52,1.9
389862,9.0,0.36,0.52,2.1
961490,9.5,0.37,0.52,2.0
545111,6.4,0.57,0.12,2.3
829231,8.0,0.59,0.05,2.0
853362,8.5,0.47,0.27,1.9
995953,7.1,0.56,0.14,1.6
345456,6.6,0.57,0.02,2.1
326188,8.8,0.27,0.39,2.0
989833,8.5,0.47,0.27,1.9
671781,8.3,0.34,0.4,2.4
283506,9.0,0.38,0.41,2.4
269167,8.5,0.66,0.2,2.1
169157,9.0,0.4,0.43,2.4
753417,6.7,0.56,0.09,2.9
931308,10.4,0.26,0.48,1.9
249519,10.4,0.26,0.48,1.9
812276,10.1,0.38,0.5,2.4
660756,8.5,0.34,0.44,1.7
408645,8.8,0.33,0.41,5.9
619596,7.2,0.41,0.3,2.1
794675,7.2,0.41,0.3,2.1
812441,8.4,0.59,0.29,2.6
411453,7.0,0.4,0.32,3.6
209504,12.2,0.45,0.49,1.4
635683,9.1,0.5,0.3,1.9
293255,9.5,0.86,0.26,1.9
943080,7.3,0.52,0.32,2.1
975092,9.1,0.5,0.3,1.9
968004,12.2,0.45,0.49,1.4
442526,7.4,0.58,0.0,2.0
125567,9.8,0.34,0.39,1.4
168193,7.1,0.36,0.3,1.6
709407,7.7,0.39,0.12,1.7
405356,9.7,0.295,0.4,1.5
173649,7.7,0.39,0.12,1.7
886750,7.1,0.34,0.28,2.0
942644,6.5,0.4,0.1,2.0
920903,7.1,0.34,0.28,2.0
506195,10.0,0.35,0.45,2.5
301001,7.7,0.6,0.06,2.0
927973,5.6,0.66,0.0,2.2
819724,5.6,0.66,0.0,2.2
468266,8.9,0.84,0.34,1.4
416406,6.4,0.69,0.0,1.65
907170,7.5,0.43,0.3,2.2
831752,9.9,0.35,0.38,1.5
369963,9.1,0.29,0.33,2.05
216120,6.8,0.36,0.32,1.8
777957,8.2,0.43,0.29,1.6
767441,6.8,0.36,0.32,1.8
594933,9.1,0.29,0.33,2.05
107468,9.1,0.3,0.34,2.0
213185,8.9,0.35,0.4,3.6
909093,9.6,0.5,0.36,2.8
648004,8.9,0.28,0.45,1.7
129773,8.9,0.32,0.31,2.0
525663,7.7,1.005,0.15,2.1
590336,7.5,0.71,0.0,1.6
675921,8.0,0.58,0.16,2.0
355807,10.5,0.39,0.46,2.2
658556,8.9,0.38,0.4,2.2
882658,8.0,0.18,0.37,0.9
162596,8.0,0.18,0.37,0.9
999583,7.0,0.5,0.14,1.8
263239,11.3,0.36,0.66,2.4
857709,11.3,0.36,0.66,2.4
180626,7.0,0.51,0.09,2.1
480474,8.2,0.32,0.42,2.3
669415,7.7,0.58,0.01,1.8
535556,8.6,0.83,0.0,2.8
539578,7.9,0.31,0.32,1.9
168442,6.4,0.795,0.0,2.2
578819,7.2,0.34,0.21,2.5
625404,7.7,0.58,0.01,1.8
753138,7.1,0.59,0.0,2.1
799656,7.3,0.55,0.01,1.8
788939,8.1,0.82,0.0,4.1
556774,7.5,0.57,0.08,2.6
263077,8.9,0.745,0.18,2.5
385306,10.1,0.37,0.34,2.4
763920,7.6,0.31,0.34,2.5
592974,7.3,0.91,0.1,1.8
136409,8.7,0.41,0.41,6.2
224313,8.9,0.5,0.21,2.2
773949,7.4,0.965,0.0,2.2
980013,6.9,0.49,0.19,1.7
356845,8.9,0.5,0.21,2.2
355933,9.5,0.39,0.41,8.9
532717,6.4,0.39,0.33,3.3
876021,6.9,0.44,0.0,1.4
996680,7.6,0.78,0.0,1.7
987361,7.1,0.43,0.17,1.8
156988,9.3,0.49,0.36,1.7
861844,9.3,0.5,0.36,1.8
550716,7.1,0.43,0.17,1.8
901129,8.5,0.46,0.59,1.4
674543,5.6,0.605,0.05,2.4
784964,8.3,0.33,0.42,2.3
141797,8.2,0.64,0.27,2.0
425676,8.2,0.64,0.27,2.0
619224,8.9,0.48,0.53,4.0
338302,7.6,0.42,0.25,3.9
233293,9.9,0.53,0.57,2.4
849458,8.9,0.48,0.53,4.0
879911,11.6,0.23,0.57,1.8
330318,9.1,0.4,0.5,1.8
325975,8.0,0.38,0.44,1.9
219616,10.2,0.29,0.65,2.4
804155,8.2,0.74,0.09,2.0
942398,7.7,0.61,0.18,2.4
632817,6.6,0.52,0.08,2.4
720275,11.1,0.31,0.53,2.2
919263,11.1,0.31,0.53,2.2
734037,8.0,0.62,0.35,2.8
447952,9.3,0.33,0.45,1.5
752303,7.5,0.77,0.2,8.1
846163,7.2,0.35,0.26,1.8
735336,8.0,0.62,0.33,2.7
772359,7.5,0.77,0.2,8.1
808719,9.1,0.25,0.34,2.0
170147,9.9,0.32,0.56,2.0
954113,8.6,0.37,0.65,6.4
668205,8.6,0.37,0.65,6.4
288573,7.9,0.3,0.68,8.3
299525,10.3,0.27,0.56,1.4
177862,7.9,0.3,0.68,8.3
504184,7.2,0.38,0.3,1.8
914722,8.7,0.42,0.45,2.4
125566,7.2,0.38,0.3,1.8
233658,6.8,0.48,0.08,1.8
750955,8.5,0.34,0.4,4.7
763276,7.9,0.19,0.42,1.6
790254,11.6,0.41,0.54,1.5
562820,11.6,0.41,0.54,1.5
961665,10.0,0.26,0.54,1.9
989760,7.9,0.34,0.42,2.0
451329,7.0,0.54,0.09,2.0
786133,9.2,0.31,0.36,2.2
915518,6.6,0.725,0.09,5.5
744991,9.4,0.4,0.47,2.5
533585,6.6,0.725,0.09,5.5
295928,8.6,0.52,0.38,1.5
282321,8.0,0.31,0.45,2.1
765731,8.6,0.52,0.38,1.5
914412,8.4,0.34,0.42,2.1
276720,7.4,0.49,0.27,2.1
186468,6.1,0.48,0.09,1.7
711901,7.4,0.49,0.27,2.1
617134,8.0,0.48,0.34,2.2
250802,6.3,0.57,0.28,2.1
724105,8.2,0.23,0.42,1.9
463505,9.1,0.3,0.41,2.0
439917,8.1,0.78,0.1,3.3
180430,10.8,0.47,0.43,2.1
900321,8.3,0.53,0.0,1.4
889651,5.4,0.42,0.27,2.0
952383,7.9,0.33,0.41,1.5
596957,8.9,0.24,0.39,1.6
630217,5.0,0.4,0.5,4.3
135337,7.0,0.69,0.07,2.5
592250,7.0,0.69,0.07,2.5
700463,7.0,0.69,0.07,2.5
418477,7.1,0.39,0.12,2.1
315776,5.6,0.66,0.0,2.5
485726,7.9,0.54,0.34,2.5
791803,6.6,0.5,0.0,1.8
260150,6.3,0.47,0.0,1.4
645957,10.7,0.4,0.37,1.9
324567,6.5,0.58,0.0,2.2
412284,8.8,0.24,0.35,1.7
877066,5.8,0.29,0.26,1.7
480354,6.3,0.76,0.0,2.9
266436,10.0,0.43,0.33,2.7
295305,10.5,0.43,0.35,3.3
507711,9.1,0.6,0.0,1.9
534807,5.9,0.19,0.21,1.7
815360,7.4,0.36,0.34,1.8
664914,7.2,0.48,0.07,5.5
551608,8.5,0.28,0.35,1.7
711536,8.0,0.25,0.43,1.7
369368,10.4,0.52,0.45,2.0
573332,10.4,0.52,0.45,2.0
444750,7.5,0.41,0.15,3.7
149335,8.2,0.51,0.24,2.0
369652,7.3,0.4,0.3,1.7
363736,8.2,0.38,0.32,2.5
123712,6.9,0.45,0.11,2.4
396167,7.0,0.22,0.3,1.8
357573,7.3,0.32,0.23,2.3
382131,8.2,0.2,0.43,2.5
290983,7.8,0.5,0.12,1.8
673787,10.0,0.41,0.45,6.2
702240,7.8,0.39,0.42,2.0
733453,10.0,0.35,0.47,2.0
404303,8.2,0.33,0.32,2.8
123994,6.1,0.58,0.23,2.5
780920,8.3,0.6,0.25,2.2
290130,9.6,0.42,0.35,2.1
620368,6.6,0.58,0.0,2.2
427183,8.3,0.6,0.25,2.2
842841,8.5,0.18,0.51,1.75
909784,5.1,0.51,0.18,2.1
204012,6.7,0.41,0.43,2.8
754868,10.2,0.41,0.43,2.2
594604,10.6,0.36,0.57,2.3
183942,8.8,0.45,0.43,1.4
661949,8.5,0.32,0.42,2.3
434323,9.0,0.785,0.24,1.7
996202,9.0,0.785,0.24,1.7
780650,8.5,0.44,0.5,1.9
999901,9.9,0.54,0.26,2.0
804581,8.2,0.33,0.39,2.5
575070,6.5,0.34,0.27,2.8
277818,7.6,0.5,0.29,2.3
407736,9.2,0.36,0.34,1.6
439180,7.1,0.59,0.0,2.2
986379,9.7,0.42,0.46,2.1
765115,7.6,0.36,0.31,1.7
122253,7.6,0.36,0.31,1.7
158711,6.5,0.61,0.0,2.2
607451,6.5,0.88,0.03,5.6
747305,7.1,0.66,0.0,2.4
481376,5.6,0.915,0.0,2.1
271743,8.2,0.35,0.33,2.4
821040,8.2,0.35,0.33,2.4
859212,9.8,0.39,0.43,1.65
988808,10.2,0.4,0.4,2.5
496611,6.8,0.66,0.07,1.6
931774,6.7,0.64,0.23,2.1
875027,7.0,0.43,0.3,2.0
687434,6.6,0.8,0.03,7.8
989037,7.0,0.43,0.3,2.0
654101,6.7,0.64,0.23,2.1
577232,8.8,0.955,0.05,1.8
197644,9.1,0.4,0.57,4.6
816965,6.5,0.885,0.0,2.3
724924,7.2,0.25,0.37,2.5
719668,6.4,0.885,0.0,2.3
521279,7.0,0.745,0.12,1.8
401306,6.2,0.43,0.22,1.8
707294,7.9,0.58,0.23,2.3
816159,7.7,0.57,0.21,1.5
140048,7.7,0.26,0.26,2.0
140225,7.9,0.58,0.23,2.3
826844,7.7,0.57,0.21,1.5
102260,7.9,0.34,0.36,1.9
623805,8.6,0.42,0.39,1.8
822108,9.9,0.74,0.19,5.8
348309,7.2,0.36,0.46,2.1
241785,7.2,0.36,0.46,2.1
656801,7.2,0.36,0.46,2.1
694716,9.9,0.72,0.55,1.7
796015,7.2,0.36,0.46,2.1
737599,6.2,0.39,0.43,2.0
787108,6.8,0.65,0.02,2.1
809477,6.6,0.44,0.15,2.1
516163,6.8,0.65,0.02,2.1
680626,9.6,0.38,0.42,1.9
304131,10.2,0.33,0.46,1.9
833982,8.8,0.27,0.46,2.1
325589,7.9,0.57,0.31,2.0
229020,8.2,0.34,0.37,1.9
670936,8.2,0.4,0.31,1.9
223799,9.0,0.39,0.4,1.3
563290,10.9,0.32,0.52,1.8
860789,10.9,0.32,0.52,1.8
442699,8.1,0.53,0.22,2.2
641297,10.5,0.36,0.47,2.2
376976,12.6,0.39,0.49,2.5
243256,9.2,0.46,0.23,2.6
369637,7.5,0.58,0.03,4.1
266348,9.0,0.58,0.25,2.0
868904,5.1,0.42,0.0,1.8
376884,7.6,0.43,0.29,2.1
771703,7.7,0.18,0.34,2.7
267923,7.8,0.815,0.01,2.6
713280,7.6,0.43,0.29,2.1
857849,10.2,0.23,0.37,2.2
679395,7.1,0.75,0.01,2.2
825326,6.0,0.33,0.32,12.9
314164,7.8,0.55,0.0,1.7
668815,7.1,0.75,0.01,2.2
705087,8.1,0.73,0.0,2.5
726794,6.5,0.67,0.0,4.3
826125,7.5,0.61,0.2,1.7
473566,9.8,0.37,0.39,2.5
399048,9.0,0.4,0.41,2.0
650753,8.3,0.56,0.22,2.4
925974,5.9,0.29,0.25,13.4
132831,7.4,0.55,0.19,1.8
579311,7.4,0.74,0.07,1.7
445427,7.4,0.55,0.19,1.8
424035,6.9,0.41,0.33,2.2
268026,7.1,0.6,0.01,2.3
532587,7.1,0.6,0.01,2.3
246047,7.5,0.58,0.14,2.2
158320,7.1,0.72,0.0,1.8
151965,7.9,0.66,0.0,1.4
367317,7.8,0.7,0.06,1.9
980379,6.1,0.64,0.02,2.4
584966,7.5,0.59,0.22,1.8
324829,7.0,0.58,0.28,4.8
424084,6.8,0.64,0.0,2.7
642234,6.8,0.64,0.0,2.7
196526,8.6,0.635,0.68,1.8
160620,6.3,1.02,0.0,2.0
348912,9.8,0.45,0.38,2.5
270271,8.2,0.78,0.0,2.2
128783,8.5,0.37,0.32,1.8
156852,7.2,0.57,0.05,2.3
357903,7.2,0.57,0.05,2.3
877880,10.4,0.43,0.5,2.3
444635,6.9,0.41,0.31,2.0
413812,5.5,0.49,0.03,1.8
394543,5.0,0.38,0.01,1.6
830260,7.3,0.44,0.2,1.6
767622,5.9,0.46,0.0,1.9
489165,7.5,0.58,0.2,2.0
238522,7.8,0.58,0.13,2.1
634706,8.0,0.715,0.22,2.3
951456,8.5,0.4,0.4,6.3
908513,7.0,0.69,0.0,1.9
791672,8.0,0.715,0.22,2.3
297193,9.8,0.3,0.39,1.7
814641,7.1,0.46,0.2,1.9
156780,7.1,0.46,0.2,1.9
637021,7.9,0.765,0.0,2.0
514261,8.7,0.63,0.28,2.7
686431,7.0,0.42,0.19,2.3
889029,11.3,0.37,0.5,1.8
479127,7.1,0.16,0.44,2.5
335388,8.0,0.6,0.08,2.6
548643,7.0,0.6,0.3,4.5
174805,7.0,0.6,0.3,4.5
729793,7.6,0.74,0.0,1.9
497309,8.2,0.635,0.1,2.1
411461,5.9,0.395,0.13,2.4
485257,7.5,0.755,0.0,1.9
152440,8.2,0.635,0.1,2.1
534711,6.6,0.63,0.0,4.3
780918,6.6,0.63,0.0,4.3
284460,7.2,0.53,0.14,2.1
994411,5.7,0.6,0.0,1.4
971503,7.6,1.58,0.0,2.1
906097,5.2,0.645,0.0,2.15
236332,6.7,0.86,0.07,2.0
394499,9.1,0.37,0.32,2.1
298385,8.0,0.28,0.44,1.8
715594,7.6,0.79,0.21,2.3
874728,7.5,0.61,0.26,1.9
762056,9.7,0.69,0.32,2.5
184407,6.8,0.68,0.09,3.9
495340,9.7,0.69,0.32,2.5
596787,7.0,0.62,0.1,1.4
478270,7.5,0.61,0.26,1.9
507077,6.5,0.51,0.15,3.0
559479,8.0,1.18,0.21,1.9
333212,7.0,0.36,0.21,2.3
793867,7.0,0.36,0.21,2.4
712168,7.5,0.63,0.27,2.0
521722,5.4,0.74,0.0,1.2
494438,9.9,0.44,0.46,2.2
594203,7.5,0.63,0.27,2.0
284416,9.1,0.76,0.68,1.7
676786,9.7,0.66,0.34,2.6
731686,5.0,0.74,0.0,1.2
612728,9.1,0.34,0.42,1.8
376907,9.1,0.36,0.39,1.8
824882,6.7,0.46,0.24,1.7
980920,6.7,0.46,0.24,1.7
446895,6.7,0.46,0.24,1.7
421594,6.7,0.46,0.24,1.7
158774,6.5,0.52,0.11,1.8
950950,7.4,0.6,0.26,2.1
327540,7.4,0.6,0.26,2.1
961503,7.8,0.87,0.26,3.8
193512,8.4,0.39,0.1,1.7
528729,9.1,0.775,0.22,2.2
749073,7.2,0.835,0.0,2.0
122685,6.6,0.58,0.02,2.4
840832,6.0,0.5,0.0,1.4
427578,6.0,0.5,0.0,1.4
641392,6.0,0.5,0.0,1.4
921369,7.5,0.51,0.02,1.7
737215,7.5,0.51,0.02,1.7
980114,7.5,0.51,0.02,1.7
904324,7.6,0.54,0.02,1.7
981354,7.5,0.51,0.02,1.7
518414,11.5,0.42,0.48,2.6
569251,8.2,0.44,0.24,2.3
264555,6.1,0.59,0.01,2.1
367485,7.2,0.655,0.03,1.8
679940,7.2,0.655,0.03,1.8
882247,6.9,0.57,0.0,2.8
870589,9.0,0.6,0.29,2.0
679263,7.2,0.62,0.01,2.3
314805,7.6,0.645,0.03,1.9
655717,7.6,0.645,0.03,1.9
721600,7.2,0.58,0.03,2.3
225250,6.1,0.32,0.25,1.8
518067,6.1,0.34,0.25,1.8
281485,7.3,0.43,0.24,2.5
154901,7.4,0.64,0.17,5.4
822757,11.6,0.475,0.4,1.4
966312,9.2,0.54,0.31,2.3
507386,8.3,0.85,0.14,2.5
593575,11.6,0.475,0.4,1.4
487927,8.0,0.83,0.27,2.0
947658,7.2,0.605,0.02,1.9
129162,7.8,0.5,0.09,2.2
356629,7.3,0.74,0.08,1.7
866457,6.9,0.54,0.3,2.2
251371,8.0,0.77,0.32,2.1
633263,6.6,0.61,0.0,1.6
487609,8.7,0.78,0.51,1.7
907431,7.5,0.58,0.56,3.1
561556,8.7,0.78,0.51,1.7
495179,7.7,0.75,0.27,3.8
621402,6.8,0.815,0.0,1.2
970528,7.2,0.56,0.26,2.0
872116,8.2,0.885,0.2,1.4
543016,5.2,0.49,0.26,2.3
330317,7.2,0.45,0.15,2.0
955018,7.5,0.57,0.02,2.6
998302,7.5,0.57,0.02,2.6
552576,6.8,0.83,0.09,1.8
411220,8.0,0.6,0.22,2.1
820838,8.0,0.6,0.22,2.1
542978,7.1,0.755,0.15,1.8
510547,8.0,0.81,0.25,3.4
817556,7.4,0.64,0.07,1.8
711760,7.4,0.64,0.07,1.8
342347,6.6,0.64,0.31,6.1
301552,6.7,0.48,0.02,2.2
800457,6.0,0.49,0.0,2.3
699453,8.0,0.64,0.22,2.4
388475,7.1,0.62,0.06,1.3
169473,8.0,0.52,0.25,2.0
351535,6.4,0.57,0.14,3.9
718739,8.6,0.685,0.1,1.6
325675,8.7,0.675,0.1,1.6
703115,7.3,0.59,0.26,2.0
668103,7.0,0.6,0.12,2.2
912236,7.2,0.67,0.0,2.2
203912,7.9,0.69,0.21,2.1
737499,7.9,0.69,0.21,2.1
665676,7.6,0.3,0.42,2.0
175584,7.2,0.33,0.33,1.7
903024,8.0,0.5,0.39,2.6
428133,7.7,0.28,0.3,2.0
952297,8.2,0.24,0.34,5.1
395824,6.0,0.51,0.0,2.1
104441,8.1,0.29,0.36,2.2
744213,6.0,0.51,0.0,2.1
324050,6.6,0.96,0.0,1.8
402800,6.4,0.47,0.4,2.4
564404,8.2,0.24,0.34,5.1
594421,9.9,0.57,0.25,2.0
458583,10.0,0.32,0.59,2.2
545321,6.2,0.58,0.0,1.6
511426,10.0,0.32,0.59,2.2
681754,7.3,0.34,0.33,2.5
916362,7.8,0.53,0.01,1.6
308093,7.7,0.64,0.21,2.2
162675,7.8,0.53,0.01,1.6
134697,7.5,0.4,0.18,1.6
224845,7.0,0.54,0.0,2.1
968017,6.4,0.53,0.09,3.9
433513,8.3,0.26,0.37,1.4
930048,8.3,0.26,0.37,1.4
433662,7.7,0.23,0.37,1.8
344192,7.6,0.41,0.33,2.5
145547,7.8,0.64,0.0,1.9
478700,7.9,0.18,0.4,2.2
252215,7.4,0.41,0.24,1.8
370037,7.6,0.43,0.31,2.1
295794,5.9,0.44,0.0,1.6
893366,6.1,0.4,0.16,1.8
948228,10.2,0.54,0.37,15.4
581299,10.2,0.54,0.37,15.4
787151,10.0,0.38,0.38,1.6
675206,6.8,0.915,0.29,4.8
545983,7.0,0.59,0.0,1.7
814196,7.3,0.67,0.02,2.2
729919,7.2,0.37,0.32,2.0
711132,7.4,0.785,0.19,5.2
529016,6.9,0.63,0.02,1.9
739479,6.9,0.58,0.2,1.75
194626,7.3,0.67,0.02,2.2
442983,7.4,0.785,0.19,5.2
108382,6.9,0.63,0.02,1.9
853684,6.8,0.67,0.0,1.9
708771,6.9,0.58,0.01,1.9
281246,7.2,0.38,0.31,2.0
819096,7.2,0.37,0.32,2.0
424173,7.8,0.32,0.44,2.7
238058,6.6,0.58,0.02,2.0
776102,7.6,0.49,0.33,1.9
539184,11.7,0.45,0.63,2.2
202872,6.5,0.9,0.0,1.6
623235,6.0,0.54,0.06,1.8
776478,7.6,0.49,0.33,1.9
319999,8.4,0.29,0.4,1.7
602285,7.9,0.2,0.35,1.7
606810,6.4,0.42,0.09,2.3
602149,6.2,0.785,0.0,2.1
183019,6.8,0.64,0.03,2.3
134036,6.9,0.63,0.01,2.4
977980,6.8,0.59,0.1,1.7
398635,6.8,0.59,0.1,1.7
984333,7.3,0.48,0.32,2.1
710506,6.7,1.04,0.08,2.3
926435,7.3,0.48,0.32,2.1
872192,7.3,0.98,0.05,2.1
588080,10.0,0.69,0.11,1.4
746367,6.7,0.7,0.08,3.75
411173,7.6,0.35,0.6,2.6
782867,6.1,0.6,0.08,1.8
403736,9.9,0.5,0.5,13.8
822696,5.3,0.47,0.11,2.2
173839,9.9,0.5,0.5,13.8
908270,5.3,0.47,0.11,2.2
662296,7.1,0.875,0.05,5.7
465031,8.2,0.28,0.6,3.0
857916,5.6,0.62,0.03,1.5
152371,8.2,0.28,0.6,3.0
734520,7.2,0.58,0.54,2.1
191742,8.1,0.33,0.44,1.5
675770,6.8,0.91,0.06,2.0
497160,7.0,0.655,0.16,2.1
289034,6.8,0.68,0.21,2.1
570659,6.0,0.64,0.05,1.9
252838,5.6,0.54,0.04,1.7
910790,6.2,0.57,0.1,2.1
351310,7.1,0.22,0.49,1.8
259761,5.6,0.54,0.04,1.7
414088,6.2,0.65,0.06,1.6
691921,7.7,0.54,0.26,1.9
346602,6.4,0.31,0.09,1.4
489945,7.0,0.43,0.02,1.9
539120,7.7,0.54,0.26,1.9
741804,6.9,0.74,0.03,2.3
490607,6.6,0.895,0.04,2.3
215969,6.9,0.74,0.03,2.3
156178,7.5,0.725,0.04,1.5
550045,7.8,0.82,0.29,4.3
335127,7.3,0.585,0.18,2.4
653636,6.2,0.44,0.39,2.5
261557,7.5,0.38,0.57,2.3
263481,6.7,0.76,0.02,1.8
464833,6.8,0.81,0.05,2.0
767442,7.5,0.38,0.57,2.3
614422,7.1,0.27,0.6,2.1
392747,7.9,0.18,0.4,1.8
375145,6.4,0.36,0.21,2.2
718859,7.1,0.69,0.04,2.1
133637,6.4,0.79,0.04,2.2
773317,6.4,0.56,0.15,1.8
390335,6.9,0.84,0.21,4.1
645084,6.9,0.84,0.21,4.1
179152,6.1,0.32,0.25,2.3
286606,6.5,0.53,0.06,2.0
801198,7.4,0.47,0.46,2.2
564190,6.6,0.7,0.08,2.6
466891,6.5,0.53,0.06,2.0
718257,6.9,0.48,0.2,1.9
954706,6.1,0.32,0.25,2.3
698638,6.8,0.48,0.25,2.0
833795,6.0,0.42,0.19,2.0
747449,6.7,0.48,0.08,2.1
717706,6.8,0.47,0.08,2.2
634660,7.1,0.53,0.07,1.7
335274,7.9,0.29,0.49,2.2
730777,7.1,0.69,0.08,2.1
719451,6.6,0.44,0.09,2.2
747211,6.1,0.705,0.1,2.8
525742,7.2,0.53,0.13,2.0
789147,8.0,0.39,0.3,1.9
418050,6.6,0.56,0.14,2.4
708924,7.0,0.55,0.13,2.2
404261,6.1,0.53,0.08,1.9
769286,5.4,0.58,0.08,1.9
692049,6.2,0.64,0.09,2.5
464907,7.2,0.39,0.32,1.8
595435,6.2,0.52,0.08,4.4
313256,7.4,0.25,0.29,2.2
421363,6.7,0.855,0.02,1.9
484188,11.1,0.44,0.42,2.2
637734,8.4,0.37,0.43,2.3
611051,6.5,0.63,0.33,1.8
181322,7.0,0.57,0.02,2.0
653493,6.3,0.6,0.1,1.6
231321,11.2,0.4,0.5,2.0
152364,7.4,0.36,0.3,1.8
852628,7.1,0.68,0.0,2.3
794005,7.1,0.67,0.0,2.3
505252,6.3,0.68,0.01,3.7
260845,7.3,0.735,0.0,2.2
148919,6.6,0.855,0.02,2.4
330054,7.0,0.56,0.17,1.7
739468,6.6,0.88,0.04,2.2
848076,6.6,0.855,0.02,2.4
550950,6.9,0.63,0.33,6.7
548051,7.8,0.6,0.26,2.0
751490,7.8,0.6,0.26,2.0
460964,7.8,0.6,0.26,2.0
647453,7.2,0.695,0.13,2.0
910347,7.2,0.695,0.13,2.0
786638,7.2,0.695,0.13,2.0
847403,6.7,0.67,0.02,1.9
910998,6.7,0.16,0.64,2.1
561754,7.2,0.695,0.13,2.0
927495,7.0,0.56,0.13,1.6
498050,6.2,0.51,0.14,1.9
465848,6.4,0.36,0.53,2.2
503320,6.4,0.38,0.14,2.2
282589,7.3,0.69,0.32,2.2
448701,6.0,0.58,0.2,2.4
349594,5.6,0.31,0.78,13.9
754585,7.5,0.52,0.4,2.2
405318,8.0,0.3,0.63,1.6
171563,6.2,0.7,0.15,5.1
492953,6.8,0.67,0.15,1.8
262524,6.2,0.56,0.09,1.7
445368,7.4,0.35,0.33,2.4
990031,6.2,0.56,0.09,1.7
179536,6.1,0.715,0.1,2.6
981603,6.2,0.46,0.29,2.1
958123,6.7,0.32,0.44,2.4
453877,7.2,0.39,0.44,2.6
325463,7.5,0.31,0.41,2.4
633464,5.8,0.61,0.11,1.8
617908,7.2,0.66,0.33,2.5
238266,6.6,0.725,0.2,7.8
920080,6.3,0.55,0.15,1.8
395870,5.4,0.74,0.09,1.7
951352,6.3,0.51,0.13,2.3
720042,6.8,0.62,0.08,1.9
852181,6.2,0.6,0.08,2.0
691605,5.9,0.55,0.1,2.2
457541,6.3,0.51,0.13,2.3
961429,5.9,0.645,0.12,2.0
177466,6.0,0.31,0.47,3.6
